"cscode","year","vessel_length","gear_type","supra_region","GVL_disagg","Other_income_disagg","Repair_maintenance_costs_disagg","Other_variable_costs_disagg","Other_non_variable_costs_disagg","Personnel_costs_disagg","Value_of_unpaid_labour_disagg","totfishdays","Energy_consumption","Energy_Costs","GVA","Gross_profit"
"1300:370:1",2014,"VL1824","OTB","MBS",2342.99682944973,6.53524997265069,213.805098566896,225.524016847172,136.996332786347,695.602946942348,110.199065091347,1,1117.49809839904,530.828578951828,1242.37805227014,436.576040236445
"1300:370:1",2014,"VL2440","OTB","MBS",2086906.9676092,16362.5863638297,110054.466160521,222043.42811535,151967.396886564,375769.636156693,5072.75103993875,118,357434.869375821,170437.278956508,1448766.98385409,1067924.59665746
"1300:370:1",2018,"VL1824","OTB","MBS",2818.97144764622,21.0257017991185,236.866667159373,274.101879676095,147.512776870376,883.170473072346,100.557799916733,1,1117.49809839904,530.828578951828,1650.68724678766,666.958973798585
"1300:370:1",2018,"VL2440","OTB","MBS",486568.545525372,1265.49833527209,53148.625271508,85027.9579912804,55537.2310310951,179269.382425048,1967.42393522908,43,130251.689687799,62108.4999587276,232011.729608033,50774.9232477553
"1300:370:1",2019,"VL1824","OTB","MBS",1346.09326554581,15.8267898586803,127.772793075715,131.735890620811,70.3546500197873,431.445330831195,47.4725648194248,0.5,558.749049199518,265.414289475914,766.642432212264,287.724536561644
"1300:370:1",2019,"VL2440","OTB","MBS",524014.454936553,6750.94589021721,46163.0941024381,96122.4703380031,53802.8601701181,188099.250988799,3627.31267003131,47,142368.125937827,67886.0348386093,266790.941377602,75064.3777187708
"1300:370:1",2023,"VL2440","OTB","MBS",14947.9056663883,510.388308434629,1696.84034579815,3129.18558597012,1538.28238285237,5388.81363830379,126.19037332591,1,3029.10906250695,1444.38371997041,7649.60194023187,2134.59792860217
"1300:370:1",2024,"VL2440","OTB","MBS",0,0,0,0,0,0,0,4,12116.4362500278,5777.53487988164,-5777.53487988164,-5777.53487988164
"1300:370:2",2018,"VL1824","OTB","MBS",1409.48572382311,10.5128508995593,118.433333579687,137.050939838047,73.7563884351881,441.585236536173,50.2788999583663,0.5,558.749049199518,265.414289475914,825.343623393832,333.479486899292
"1300:370:2",2019,"VL1824","OTB","MBS",1346.09326554581,15.8267898586803,127.772793075715,131.735890620811,70.3546500197873,431.445330831195,47.4725648194248,0.5,558.749049199518,265.414289475914,766.642432212264,287.724536561644
"1300:370:3",2014,"VL2440","OTB","MBS",17685.6522678746,138.66598613415,932.664967462039,1881.72396707924,1287.85929564885,3184.48844200587,42.9894155927013,1,3029.10906250695,1444.38371997041,12277.6863038482,9050.20844624966
"1300:370:3",2015,"VL1824","OTB","MBS",2148.13730864369,16.8718568093025,204.777789490718,217.199157824167,97.1147090644289,700.123478512148,76.7031581015789,1,1117.49809839904,530.828578951828,1115.08893012185,338.262293508121
"1300:370:3",2016,"VL1824","OTB","MBS",6084.80443112605,60.0816751936851,595.891981679092,670.996652536179,318.149075671198,1992.47801637188,178.120860497978,2,2234.99619679807,1061.65715790366,3498.19123852961,1327.59236165976
"1300:370:3",2016,"VL2440","OTB","MBS",44810.3790157846,335.098406685237,4330.45162674095,9300.7031457753,3035.74416155989,11776.8154261838,258.039641597029,4,12116.4362500278,5777.53487988164,22701.043608512,10666.1885407312
"1300:370:3",2017,"VL1824","OTB","MBS",275.097864958725,1.22577715359405,25.1555794995195,34.3168941006875,12.3501650577857,92.1456057075972,8.24365012887805,0.1,111.749809839904,53.0828578951828,151.418145559143,51.028889722668
"1300:370:3",2017,"VL2440","OTB","MBS",38547.8175910829,1406.77542227457,3734.32641699931,6642.77822718874,3934.23642967968,12531.8398838879,110.109657418509,3,9087.32718752086,4333.15115991123,21310.1007795785,8668.15123827206
"1300:370:3",2018,"VL1218","OTB","MBS",2276.04014570984,0.501711217291352,140.003540196984,257.078340169939,96.0066431517501,737.493470666456,136.254801776015,1,610.768567050232,233.892718007939,1549.56061540052,675.812342958051
"1300:370:3",2018,"VL1824","OTB","MBS",36646.6288194008,273.334123388541,3079.26667307185,3563.32443578923,1917.66609931489,11481.2161499405,1307.25139891752,13,14527.4752791875,6900.77152637376,21458.9342082396,8670.4666593816
"1300:370:3",2018,"VL2440","OTB","MBS",113155.475703575,294.301938435371,12360.1454119786,19773.9437189024,12915.6351235105,41690.5540523368,457.540450053275,10,30291.0906250695,14443.8371997041,53956.2161879146,11808.1216855245
"1300:370:3",2019,"VL1218","OTB","MBS",1087.94884266335,1.36531241142832,110.171904923335,95.4683517747681,29.6957502264656,377.151372409539,42.9945637132584,0.5,305.384283525116,116.94635900397,737.031789146237,316.88585302344
"1300:370:3",2019,"VL1824","OTB","MBS",13460.9326554581,158.267898586803,1277.72793075715,1317.35890620811,703.546500197873,4314.45330831195,474.725648194248,5,5587.49049199518,2654.14289475914,7666.42432212264,2877.24536561644
"1300:370:3",2019,"VL2440","OTB","MBS",117067.05908157,1508.19003930385,10313.031661183,21474.1689052986,12019.7879103455,42022.1730932424,810.357085858059,10.5,31805.645156323,15166.0290596893,59602.2315843578,16769.7014052573
"1300:370:3",2020,"VL1824","OTB","MBS",20983.0431783636,282.669500171174,2518.82346799041,1963.14834988018,1188.44709756933,7495.27033207805,824.117283122218,7.5,8381.23573799277,3981.21434213871,11614.0794209561,3294.69180575585
"1300:370:3",2020,"VL2440","OTB","MBS",366321.638543362,3828.26332959269,42348.0969195024,73581.7239469566,35772.4969115997,134871.415023155,774.745374512004,33,99960.5990627295,47664.6627590235,170782.921335873,35136.7609382058
"1300:370:3",2021,"VL1824","OTB","MBS",32532.3877555481,158.681013423272,2798.24451143339,3641.05654158516,1691.43737976391,11616.3588496121,1739.31026360877,12,13409.9771807884,6369.94294742193,18190.3873887669,4834.71827554603
"1300:370:3",2021,"VL2440","OTB","MBS",165775.668157035,1491.23237499865,15124.6742572399,25093.339280947,17774.7118906919,57675.2369332066,998.622673467077,11.5,34834.75421883,16610.4127796597,92663.7623234951,33989.9027168214
"1300:370:3",2022,"VL1824","OTB","MBS",28497.6981109946,236.896245919317,2463.62573467066,2216.44452959511,1017.72188250587,9565.99485885637,836.069906495118,9,10057.4828855913,4777.45721056645,18259.3449995758,7857.28023422431
"1300:370:3",2022,"VL2440","OTB","MBS",368173.84671311,3388.19274685196,38787.4086577713,69809.3659082376,17467.3230365369,123973.656996597,1704.50890329732,25,75727.7265626738,36109.5929992602,209388.348858156,83710.1829582614
"1300:370:3",2023,"VL1824","OTB","MBS",38073.6374862975,1064.07127197127,3571.18991116991,3968.49738045738,2369.85405783406,14133.9175203175,1191.41907767908,12,13409.9771807884,6369.94294742193,22858.2244613855,7532.88786338887
"1300:370:3",2023,"VL2440","OTB","MBS",119583.245331106,4083.10646747703,13574.7227663852,25033.484687761,12306.259062819,43110.5091064304,1009.52298660728,8,24232.8725000556,11555.0697597633,61196.815521855,17076.7834288173
"1300:370:3",2024,"VL1824","OTB","MBS",0,0,0,0,0,0,0,2,2234.99619679807,1061.65715790366,-1061.65715790366,-1061.65715790366
"1300:370:3",2024,"VL2440","OTB","MBS",0,0,0,0,0,0,0,4.5,13630.9907812813,6499.72673986684,-6499.72673986684,-6499.72673986684
"1300:370:4",2017,"VL2440","OTB","MBS",12849.2725303609,468.925140758189,1244.7754723331,2214.25940906291,1311.41214322656,4177.27996129597,36.7032191395028,1,3029.10906250695,1444.38371997041,7103.36692652615,2889.38374609068
"1300:370:4",2018,"VL1824","OTB","MBS",129672.686591726,967.182282759453,10895.8666893312,12608.6864651004,6785.58773603731,40625.8417613279,4625.6587961697,46,51404.9125263556,24418.1146317841,75931.6133522325,30680.1127947349
"1300:370:4",2018,"VL2440","OTB","MBS",22631.095140715,58.8603876870742,2472.02908239572,3954.78874378049,2583.1270247021,8338.11081046735,91.508090010655,2,6058.21812501391,2888.76743994082,10791.2432375829,2361.6243371049
"1300:370:4",2019,"VL1824","OTB","MBS",5384.37306218324,63.307159434721,511.091172302861,526.943562483245,281.418600079149,1725.78132332478,189.890259277699,2,2234.99619679807,1061.65715790366,3066.56972884905,1150.89814624657
"1300:370:4",2019,"VL2440","OTB","MBS",5574.62186102716,71.8185733001831,491.096745770618,1022.57947168088,572.370852873597,2001.05586158297,38.5884326599076,0.5,1514.55453125348,722.191859985205,2838.20150401704,798.557209774159
"1300:370:4",2021,"VL2440","OTB","MBS",14415.2754919161,129.672380434665,1315.18906584695,2182.02950269104,1545.62712092973,5015.23799419188,86.8367542145284,1,3029.10906250695,1444.38371997041,8057.71846291262,2955.64371450621
"1300:380:1",2013,"VL1824","OTB","MBS",10025.3846546826,31.3873308028361,731.864766406455,1152.82495046432,216.432006015899,1674.6912530736,582.51348325336,5,5587.49049199518,2654.14289475914,5301.50736783963,3044.30263151267
"1300:380:1",2013,"VL2440","OTB","MBS",39719.6141350009,104.075736447621,3550.99219452676,9058.29443829528,3640.14634565104,11162.9250444483,276.24019217361,3,9087.32718752086,4333.15115991123,19241.1057330642,7801.94049644227
"1300:380:1",2014,"VL1218","OTB","MBS",55629.9474687106,0,4048.92462792277,5822.25072620549,2959.2401882216,20365.931262249,2353.2398185699,29,17712.2884444567,6782.88882223024,36016.6431041305,13297.4720233116
"1300:380:1",2014,"VL1824","OTB","MBS",3891717.733716,10855.0502045728,355130.268719615,374595.391983153,227550.908758123,1155396.49487124,183040.647116727,1661,1856164.3414408,881706.269638986,2063589.9448207,725152.802832735
"1300:380:1",2014,"VL2440","OTB","MBS",23628031.4298805,185257.757475224,1246040.39652928,2513983.22001786,1720580.01898686,4254476.55851984,57433.8592318489,1336,4046889.70750929,1929696.64988047,16402988.9019412,12091078.4841895
"1300:380:1",2015,"VL1218","OTB","MBS",96349.7910893385,19.2396080932228,9239.92185054206,7344.87605078555,3344.23531798945,36183.1115137109,2715.60003478462,50,30538.4283525116,11694.635900397,64745.3615777177,25846.6500292221
"1300:380:1",2015,"VL1824","OTB","MBS",4085757.16104029,32090.2716512934,389487.355611346,413112.798181566,184712.176640544,1331634.85613011,145889.406709203,1902,2125481.38315497,1009635.95716638,2120899.14509176,643374.882252446
"1300:380:1",2015,"VL2440","OTB","MBS",18985318.101978,441522.819304387,1701208.40150821,3616263.94282205,1699522.41870911,5045207.34946502,166539.617222497,1437,4352829.72282249,2075579.40559748,10334266.7526455,5122519.78595798
"1300:380:1",2016,"VL1218","OTB","MBS",124951.418956171,1378.28497230438,10164.8834487766,13381.0235950524,7372.19211831137,39289.5276036569,6576.0340537779,41,25041.5112490595,9589.60143832551,85822.0033280095,39956.4416705747
"1300:380:1",2016,"VL1824","OTB","MBS",5890090.68933002,58159.0615874872,576823.438265361,649524.759655021,307968.30524972,1928718.71984798,172420.992962043,1936,2163476.31850053,1027684.12885074,3386249.11889667,1285109.40608665
"1300:380:1",2016,"VL2440","OTB","MBS",14787425.0752089,110582.474206128,1429049.03682451,3069232.03810585,1001795.57331476,3886349.09064067,85153.0817270195,1320,3998423.96250918,1906586.51036094,7491344.39080897,3519842.21844129
"1300:380:1",2017,"VL1218","OTB","MBS",22785.9970965413,2.24101132818913,2209.92520457506,2070.28788248235,1082.81681515351,6763.29583238111,1594.65755329174,13,7939.99137165302,3040.60533410321,14384.6028715554,6026.64948588256
"1300:380:1",2017,"VL1824","OTB","MBS",3850269.71796231,17155.9770417023,352077.490675275,480299.249833222,172852.910148768,1289669.89748353,115378.127203777,1399.6,1564050.33851929,742947.679100978,2119248.36524577,714200.340558461
"1300:380:1",2017,"VL2440","OTB","MBS",11358756.9168391,414529.824430239,1100381.51754246,1957405.31761162,1159288.33461228,3692715.48578563,32445.6457193205,884,2677732.41125615,1276835.20845384,6279376.36304912,2554215.23154416
"1300:380:1",2018,"VL1218","OTB","MBS",70102.0364878632,15.4527054925736,4312.10903806712,7918.01287723411,2957.0046090739,22714.7988965269,4196.64789470126,30.8,18811.6718651472,7203.89571464453,47726.4669543361,20815.020163108
"1300:380:1",2018,"VL1824","OTB","MBS",3108761.71246425,23187.1439440679,261216.560543357,302279.552906797,162677.090332651,973960.397704184,110895.141748173,1102.8,1232376.90291446,585397.756868076,1820377.89575744,735522.356305079
"1300:380:1",2018,"VL2440","OTB","MBS",6348022.18697055,16510.3387462243,693404.157612,1109318.24263043,724567.130428939,2338840.08233609,25668.0192479887,561,1699330.1840664,810299.2669034,3026943.72814201,662435.626557925
"1300:380:1",2019,"VL1218","OTB","MBS",14143.3349546235,17.7490613485681,1432.23476400336,1241.08857307199,386.044752944053,4902.967841324,558.929328272359,6.5,3969.99568582651,1520.3026670516,9581.41325890108,4119.51608930471
"1300:380:1",2019,"VL1824","OTB","MBS",1564160.37456423,18390.7298157865,148471.985553981,153077.104901383,81752.1033229929,501339.474425849,55163.1203201716,581,649266.39516984,308411.404371012,890838.50623065,334335.91148463
"1300:380:1",2019,"VL2440","OTB","MBS",5847778.33221749,75337.6833918921,515160.486313379,1072685.86579325,600417.024664404,2099107.59880054,40479.2658602431,524.5,1588767.7032849,757579.26112448,2977273.37771387,837686.513053092
"1300:380:1",2020,"VL1218","OTB","MBS",10002.8281059997,6.24974350625619,760.892029755932,983.784628648889,344.13960535846,3831.08138493332,494.909258693211,3.5,2137.68998467581,818.624513027787,7101.63707271488,2775.64642908835
"1300:380:1",2020,"VL1824","OTB","MBS",2432634.13914495,32770.8173865115,292015.600722355,227594.332029442,137780.633511537,868951.673832249,95542.6636899692,869.5,971664.596557962,461555.449398614,1346458.94086951,381964.603347295
"1300:380:1",2020,"VL2440","OTB","MBS",5439321.29958326,56843.9100454672,628805.0754714,1092577.11315178,531167.378384359,2002636.16246503,11503.7949548752,490,1484263.44062841,707748.022785501,2535867.61983569,521727.662415783
"1300:380:1",2021,"VL1218","OTB","MBS",8994.51683866947,1.43949612911691,603.320270961816,800.663670614093,402.670061179635,3138.01239945545,465.282684910117,3,1832.3057011507,701.678154023818,6487.62417801922,2884.32909365365
"1300:380:1",2021,"VL1824","OTB","MBS",3716825.30107137,18129.3057836088,319699.435431265,415990.709876105,193246.720638027,1327168.99856819,198716.197617302,1371,1532089.89290508,727765.981742956,2078251.75916662,552366.562981134
"1300:380:1",2021,"VL2440","OTB","MBS",20491314.1117587,184329.288787877,1869541.25710144,3101754.93807532,2197108.95240161,7129160.80874376,123438.446115952,1421.5,4305878.53235363,2053191.45793794,11454046.7950303,4201447.54017058
"1300:380:1",2022,"VL1218","OTB","MBS",28662.8382379325,0.790764630499786,2879.61815036309,1780.92340239214,1013.61123024349,9558.65006193934,1108.51545493379,9,5496.91710345209,2105.03446207145,20884.4417574928,10217.2762406197
"1300:380:1",2022,"VL1824","OTB","MBS",4032424.28270573,33520.8187975833,348603.041455899,313626.900937708,144007.646374581,1353588.27252818,118303.891769059,1273.5,1423133.82831117,676010.195295153,2583697.31743998,1111805.15314274
"1300:380:1",2022,"VL2440","OTB","MBS",20168563.3229442,185605.198672551,2124774.24627271,3824157.06445326,956859.955941491,6791276.9302736,93372.9977226271,1369.5,4148364.86110327,1978083.50449948,11470293.7504498,4585643.82245356
"1300:380:1",2023,"VL1218","OTB","MBS",3237.11407982533,0.653085715682361,287.596832405921,390.81480165875,132.886166217218,1142.70823916639,171.007114866021,1,610.768567050232,233.892718007939,2192.57664725118,878.86129321877
"1300:380:1",2023,"VL1824","OTB","MBS",4611669.34052778,128885.63281752,432560.377990455,480684.2452079,287048.57275515,1711970.75964846,144310.635783878,1453.5,1624283.486023,771559.339506482,2768702.43788532,912421.042452979
"1300:380:1",2023,"VL2440","OTB","MBS",20942015.83861,715054.020116916,2377273.32446321,4383989.00594414,2155133.61837617,7549727.90726362,176792.7130296,1401,4243781.79657224,2023581.59167854,10717092.3182649,2990571.69797163
"1300:380:1",2024,"VL1218","OTB","MBS",0,0,0,0,0,0,0,1,610.768567050232,233.892718007939,-233.892718007939,-233.892718007939
"1300:380:1",2024,"VL1824","OTB","MBS",0,0,0,0,0,0,0,1307.5,1461128.76365674,694058.366979515,-694058.366979515,-694058.366979515
"1300:380:1",2024,"VL2440","OTB","MBS",0,0,0,0,0,0,0,1544,4676944.39251074,2230128.46363431,-2230128.46363431,-2230128.46363431
"1300:380:2",2013,"VL1824","OTB","MBS",2005.07693093652,6.27746616056721,146.372953281291,230.564990092864,43.2864012031798,334.93825061472,116.502696650672,1,1117.49809839904,530.828578951828,1060.30147356793,608.860526302535
"1300:380:2",2013,"VL2440","OTB","MBS",13239.8713783336,34.6919121492069,1183.66406484225,3019.43147943176,1213.38211521701,3720.97501481611,92.08006405787,1,3029.10906250695,1444.38371997041,6413.7019110214,2600.64683214742
"1300:380:2",2014,"VL1824","OTB","MBS",351449.52441746,980.287495897604,32070.7647850345,33828.6025270758,20549.4499179521,104340.442041352,16529.859763702,150,167624.714759855,79624.2868427742,186356.707840521,65486.4060354667
"1300:380:2",2014,"VL2440","OTB","MBS",901968.265661605,7071.96529284165,47565.913340564,95967.9223210412,65680.8240780911,162408.910542299,2192.46019522777,51,154484.562187855,73663.5697184909,626162.00149626,461560.630758732
"1300:380:2",2015,"VL1824","OTB","MBS",231998.829333518,1822.16053540467,22116.0012649976,23457.5090450101,10488.3885789583,75613.335679312,8283.94107497053,108,120689.794627096,57329.4865267974,120429.60445316,36532.3276988771
"1300:380:2",2015,"VL2440","OTB","MBS",277447.237398425,6452.31677480315,24861.083111811,52847.2810015748,24836.4445322835,73729.5437291339,2433.77311181102,21,63611.290312646,30332.0581193786,151022.68740818,74859.3705672356
"1300:380:2",2016,"VL1824","OTB","MBS",301197.81934074,2974.04292208741,29496.653093115,33214.3343005409,15748.3792457243,98627.6618104078,8816.9825946499,99,110632.311741505,52552.0293162309,173160.466307216,65715.8219021582
"1300:380:2",2016,"VL2440","OTB","MBS",560129.737697307,4188.73008356546,54130.6453342618,116258.789322191,37946.8020194986,147210.192827298,3225.49551996286,50,151455.453125348,72219.1859985205,283763.045106401,133327.35675914
"1300:380:2",2017,"VL1824","OTB","MBS",121043.060581839,539.341947581381,11068.4549797886,15099.4334043025,5434.07262542569,40544.0665113427,3627.20605670634,44,49169.9163295576,23356.4574738804,66623.984046023,22452.7114779739
"1300:380:2",2017,"VL2440","OTB","MBS",815928.80567792,29776.746438145,79043.2424931521,140605.472475495,83274.6710948865,265257.277542294,2330.65441535843,63.5,192348.425469192,91718.366218121,451063.799834411,183475.867876759
"1300:380:2",2018,"VL1824","OTB","MBS",141230.469527075,1053.38766013584,11867.0200246846,13732.5041717723,7390.39012120585,44246.8407009246,5037.9457758283,50.1,55986.6547297917,26594.5118054866,82699.4310640619,33414.6445873091
"1300:380:2",2018,"VL2440","OTB","MBS",39604.4164962512,103.00567845238,4326.05089419251,6920.88030161585,4520.47229322867,14591.6939183179,160.139157518646,3.5,10601.8817187743,5055.34301989643,18884.6756657701,4132.84258993357
"1300:380:2",2019,"VL1824","OTB","MBS",36344.5181697369,427.323326184367,3449.86541304431,3556.8690467619,1899.57555053426,11649.0239324423,1281.75925012447,13.5,15086.224328387,7166.18581584967,20699.3456697311,7768.56248716438
"1300:380:2",2019,"VL2440","OTB","MBS",239708.740024168,3088.19865190787,21117.1600681366,43970.917282278,24611.9466735647,86045.4020480678,1659.30260437603,21.5,65125.8448438995,31054.2499793638,122042.664672733,34337.9600202888
"1300:380:2",2020,"VL1824","OTB","MBS",33572.8690853817,452.271200273879,4030.11754878466,3141.03735980829,1901.51535611092,11992.4325313249,1318.58765299555,12,13409.9771807884,6369.94294742193,18582.5270735298,5271.50688920936
"1300:380:2",2020,"VL2440","OTB","MBS",144308.524274658,1508.10373590015,16682.5836349555,28986.7397366799,14092.1957530544,53131.1634939702,305.202723292608,13,39378.4178125904,18776.9883596153,67278.120526253,13841.7543089902
"1300:380:2",2021,"VL1824","OTB","MBS",151817.809525891,740.511395975267,13058.4743866892,16991.5971940641,7893.37443889826,54209.6746315233,8116.78123017426,56,62579.893510346,29726.4004213024,84888.4744809124,22562.0186192148
"1300:380:2",2021,"VL2440","OTB","MBS",1657756.68157035,14912.3237499865,151246.742572399,250933.39280947,177747.118906919,576752.369332066,9986.22673467076,115,348347.5421883,166104.127796597,926637.623234951,339899.027168214
"1300:380:2",2022,"VL1824","OTB","MBS",101325.148839092,842.297763268683,8759.55816771792,7880.69166078261,3618.56669335421,34012.4261648227,2972.69300087153,32,35759.9391487691,16986.5145264585,64922.1155540473,27936.9963883531
"1300:380:2",2022,"VL2440","OTB","MBS",1502149.29458949,13823.826407156,158252.627323707,284822.21290561,71266.6779890705,505812.520546117,6954.39632545306,102,308969.124375709,147327.139436982,854304.463341276,341537.546469706
"1300:380:2",2023,"VL1824","OTB","MBS",161812.959316764,4522.30290587791,15177.5571224721,16866.1138669439,10071.8797457947,60069.1494613495,5063.53108013608,51,56992.4030183508,27072.2575265432,97147.4539608883,32014.7734194028
"1300:380:2",2023,"VL2440","OTB","MBS",1263098.02880981,43127.8120627262,143383.009219944,264416.182014475,129984.861351025,455354.752436671,10663.0865460394,84.5,255959.715781838,122050.4243375,646391.363949593,180373.524966883
"1300:380:2",2024,"VL1824","OTB","MBS",0,0,0,0,0,0,0,107,119572.296528697,56798.6579478456,-56798.6579478456,-56798.6579478456
"1300:380:2",2024,"VL2440","OTB","MBS",0,0,0,0,0,0,0,129,390755.069063397,186325.499876183,-186325.499876183,-186325.499876183
"1300:380:3",2013,"VL1218","OTB","MBS",883025.093888045,1747.37345530924,89226.5892337281,61841.767801903,71358.4942585282,320915.972751291,42644.0358290313,539,329204.257640075,126068.175006279,536277.441042916,172717.432462594
"1300:380:3",2013,"VL1824","OTB","MBS",8355155.57121249,26158.2014910836,609936.09632314,960764.313716966,180374.43381365,1395687.69031154,485466.73694335,4167,4656614.57602878,2211962.68849227,4418276.24035755,2537121.81310266
"1300:380:3",2013,"VL2440","OTB","MBS",19595009.6399338,51344.0299808262,1751822.81596653,4468758.589559,1795805.53052118,5507043.02192784,136278.494805648,1480,4483081.41251029,2137687.90555621,9492278.82831167,3848957.31157818
"1300:380:3",2014,"VL1218","OTB","MBS",1557638.5291239,0,113369.889581838,163023.020333754,82858.7252702047,570246.075342971,65890.7149199573,812,495944.076444789,189920.887022447,1008466.00691565,372329.216652726
"1300:380:3",2014,"VL1824","OTB","MBS",7314836.10154206,20403.0504146155,667499.517725851,704085.980596871,427702.550958976,2171672.40035401,344041.481215184,3122,3488829.06320179,1657246.82348761,3878704.27918738,1362990.39761818
"1300:380:3",2014,"VL2440","OTB","MBS",12839783.546477,100671.505933393,677114.76637744,1366131.60009953,934985.848641062,2311938.60889626,31210.3157203011,726,2199133.17938005,1048622.58069852,8913600.25659381,6570451.33197725
"1300:380:3",2015,"VL1218","OTB","MBS",1304576.17134964,260.504293582237,125108.54185634,99449.6217276364,45280.9462055771,489919.329895646,36769.2244709838,677,413490.319893007,158345.370091375,876652.195762298,349963.641395668
"1300:380:3",2015,"VL1824","OTB","MBS",7123223.31546247,55947.0771796472,679043.149951222,720232.407344938,322032.375257646,2321609.45474628,254347.672264836,3316,3705623.6942912,1760227.56780426,3697634.89228405,1121677.76527293
"1300:380:3",2015,"VL2440","OTB","MBS",7411804.77050079,172369.03384117,664146.077415523,1411777.36389921,663487.87536243,1969632.096764,65016.5102726659,561,1699330.1840664,810299.2669034,4034463.22076139,1999814.61372472
"1300:380:3",2016,"VL1218","OTB","MBS",1932175.60044421,21312.9920107556,157183.807476203,206916.316079591,113999.263488034,607550.256115085,101687.941221834,634,387227.271509847,148287.983217033,1327101.2221941,617863.02485718
"1300:380:3",2016,"VL1824","OTB","MBS",9072443.40680895,89581.7777137845,888474.944683526,1000456.00893144,474360.271825756,2970784.72241047,265578.203002485,2982,3332379.32942592,1582930.82243435,5215803.13664765,1979440.2112347
"1300:380:3",2016,"VL2440","OTB","MBS",6631936.09433612,49594.564189415,640906.84075766,1376504.06557474,449290.135910863,1742968.68307521,38189.8669563603,592,1793232.56500412,855075.162222483,3359754.45405978,1578595.90402821
"1300:380:3",2017,"VL1218","OTB","MBS",1056919.71147803,103.948448530619,102506.530642981,96029.5071643737,50226.0415028895,313712.87591737,73967.5772796093,603,368293.44593129,141037.308958787,667224.271657532,279543.818460553
"1300:380:3",2017,"VL1824","OTB","MBS",10659492.0714207,47496.4131474621,974728.394447381,1329711.01261344,478544.195659079,3570457.92995797,319424.955193767,3874.8,4330081.63167658,2056854.57772254,5867150.30412568,1977267.41897394
"1300:380:3",2017,"VL2440","OTB","MBS",14057104.1482149,513004.103989459,1361784.36673241,2422399.79351483,1434684.88468986,4569944.27765779,40153.3217386161,1094,3313845.31438261,1580155.78964763,7771083.41761961,3160985.81822321
"1300:380:3",2018,"VL1218","OTB","MBS",1320558.49254085,291.092848272442,81230.0540222904,149156.852966598,55703.0543566454,427893.711680678,79055.0359904438,580.2,354367.922602545,135704.554988206,899055.069055383,392106.321384261
"1300:380:3",2018,"VL1824","OTB","MBS",12871141.7328079,96001.2518445954,1081509.51558298,1251521.77241308,673528.587912451,4032468.06300103,459136.858639809,4565.9,5102384.56748016,2423710.20863615,7536872.90010779,3045267.97846696
"1300:380:3",2018,"VL2440","OTB","MBS",22084554.1930667,57438.9093244313,2412329.58005587,3859280.59561819,2520744.50705554,8136745.43439457,89298.1696368977,1951.7,5911912.15729482,2819003.70626625,10530634.7133953,2304591.10936382
"1300:380:3",2019,"VL1218","OTB","MBS",1784236.10196789,2239.11235474244,180681.92407427,156568.09691062,48701.0303714036,618528.250751644,70511.0844897437,820,500830.22498119,191792.02876651,1208732.13419983,519692.798958441
"1300:380:3",2019,"VL1824","OTB","MBS",12673468.0951138,149009.226519475,1202980.84680786,1240293.41019494,662389.029936298,4062057.7897757,446954.197774884,4707.5,5260622.29821346,2498875.53541573,7217938.49927846,2708926.51172788
"1300:380:3",2019,"VL2440","OTB","MBS",18491020.7130271,238222.207636707,1628967.90572114,3391896.10756549,1898554.11898172,6637502.29287072,127997.831132913,1658.5,5023777.38016778,2395510.39957092,9414314.38882452,2648814.26482088
"1300:380:3",2020,"VL1218","OTB","MBS",1096024.16532882,684.793324185499,83372.0266889714,107794.687167671,37707.8681871341,419777.060320551,54227.9144882418,383.5,234229.745463764,89697.8573560447,778136.519253188,304131.544444395
"1300:380:3",2020,"VL1824","OTB","MBS",12822038.2515254,172729.909237932,1539169.06050668,1199614.51833345,726220.406421363,4580109.8575885,503590.601139884,4583,5121493.78496278,2432787.37733623,7096976.79816559,2013276.33943721
"1300:380:3",2020,"VL2440","OTB","MBS",14541858.9846001,151970.453386861,1681091.12013782,2920971.46577313,1420059.72588471,5353986.47516161,30755.0436548705,1310,3968132.87188411,1892142.67316124,6779564.45303011,1394822.93421363
"1300:380:3",2021,"VL1218","OTB","MBS",1115320.08799501,178.497520010497,74811.7135992652,99282.2951561475,49931.0875862748,389113.537532476,57695.0529288545,372,227205.906942686,87008.0910989534,804465.398074384,357656.807613053
"1300:380:3",2021,"VL1824","OTB","MBS",9827492.13448848,47934.8894716133,845303.029495503,1099902.49693718,510955.041803682,3509108.402487,525416.642131816,3625,4050930.60669651,1924253.59870038,5495012.85702334,1460487.81240453
"1300:380:3",2021,"VL2440","OTB","MBS",6688687.82824906,60167.9845216847,610247.726552985,1012461.68924864,717170.984111395,2327070.42930503,40292.2539555412,464,1405506.60500323,670194.04606627,3738781.36679146,1371418.68353088
"1300:380:3",2022,"VL1218","OTB","MBS",1101926.89225829,30.4005069058807,110705.320002848,68466.6108030756,38967.7206293607,367476.991270113,42616.2608230101,346,211325.92419938,80926.880430747,802890.760899169,392797.508806046
"1300:380:3",2022,"VL1824","OTB","MBS",11103019.8251336,92297.4095906761,959855.959846965,863551.415891694,396515.753445204,3727017.88584221,325742.125236126,3506.5,3918507.08203622,1861350.41209458,7114043.69344584,3061283.68236751
"1300:380:3",2022,"VL2440","OTB","MBS",5898145.02434402,54278.8478045685,621374.286697497,1118346.04184997,279826.515045321,1986057.98508549,27306.232630823,400.5,1213158.17953404,578475.679848149,3354401.34870766,1341037.13099135
"1300:380:3",2023,"VL1218","OTB","MBS",715402.211641397,144.331943165802,63558.8999617086,86370.0711665838,29367.8427340052,252538.520855772,37792.5723853906,221,134979.853318101,51690.2906797546,484559.439042511,194228.345801348
"1300:380:3",2023,"VL1824","OTB","MBS",10998522.0288542,307383.588690701,1031627.48558921,1146399.68077963,684591.590956813,4082935.42368172,344171.186064544,3466.5,3873807.15810026,1840117.26893651,6603169.59128273,2176062.98153646
"1300:380:3",2023,"VL2440","OTB","MBS",6599500.35171043,225336.438173889,749155.012669883,1381535.43620581,679151.672029322,2379161.22131113,55713.0498233893,441.5,1337351.65109682,637695.412366936,3377299.25661237,942424.985477857
"1300:380:3",2024,"VL1218","OTB","MBS",0,0,0,0,0,0,0,235,143530.613256805,54964.7887318657,-54964.7887318657,-54964.7887318657
"1300:380:3",2024,"VL1824","OTB","MBS",0,0,0,0,0,0,0,3298,3685508.72852002,1750672.65338313,-1750672.65338313,-1750672.65338313
"1300:380:3",2024,"VL2440","OTB","MBS",0,0,0,0,0,0,0,371.5,1125314.01672133,536588.551969007,-536588.551969007,-536588.551969007
"1300:380:4",2013,"VL1824","OTB","MBS",74187.8464446513,232.266247940987,5415.79927140777,8530.90463343599,1601.59684451765,12392.7152727446,4310.59977607486,37,41347.4296407643,19640.6574212176,39231.1545220133,22527.8394731938
"1300:380:4",2013,"VL2440","OTB","MBS",992990.353375022,2601.89341119052,88774.8048631689,226457.360957382,91003.6586412759,279073.126111208,6906.00480434025,75,227183.179688022,108328.778997781,481027.643326605,195048.512411057
"1300:380:4",2014,"VL1824","OTB","MBS",2429687.71213937,6777.05422163877,221715.887213872,233868.405470517,142065.197099442,721340.255979215,114276.430499726,1037,1158845.5280398,550469.236373045,1288346.04020413,452729.353725194
"1300:380:4",2014,"VL2440","OTB","MBS",17048968.7862311,133674.010633321,899089.028633406,1813981.90426439,1241496.36100549,3069846.85809366,41441.796631364,964,2920061.1362567,1392385.90605147,11835689.5969097,8724400.94218466
"1300:380:4",2015,"VL1824","OTB","MBS",2687319.77311325,21106.6928684375,256177.014652889,271716.146438033,121490.501039601,875854.471618698,95955.6507850752,1251,1397990.12109719,664066.552268737,1394976.25158243,423166.12917866
"1300:380:4",2015,"VL2440","OTB","MBS",13277832.0754961,308789.445651294,1189780.40606524,2529119.87650394,1188601.27404499,3528485.30703712,116473.427493813,1005,3044254.60781949,1451605.63857026,7227514.32596292,3582555.59143199
"1300:380:4",2016,"VL1824","OTB","MBS",3282751.99059251,32414.0637669931,321483.72411587,362002.694043269,171641.426324611,1074941.88983263,96096.2042386591,1079,1205780.44817256,572764.036689022,1887274.17318673,716236.079115441
"1300:380:4",2016,"VL2440","OTB","MBS",9701447.05691736,72548.8050473538,937542.777189415,2013602.23106035,657238.610977716,2549680.5397688,55865.5824057567,866,2623208.44813102,1250836.30149437,4914775.94124286,2309229.8190683
"1300:380:4",2017,"VL1824","OTB","MBS",2008764.60992861,8950.62477554373,183686.041505491,250581.96072322,90180.9052519509,672847.212876874,60195.1332410675,730.2,815997.111450976,387611.028350625,1105655.29887286,372612.952754922
"1300:380:4",2017,"VL2440","OTB","MBS",9057452.20665143,330545.331720448,877442.230447604,1560831.45744845,924414.419760401,2944564.64471753,25872.0991714356,704.9,2135218.97816115,1018146.08420714,5007163.34650829,2036726.60261932
"1300:380:4",2018,"VL1824","OTB","MBS",806507.731171583,6015.45328472782,67767.5534742967,78420.5477753307,42203.4054626147,252675.072345998,28769.5865561772,286.1,319716.205951964,151870.056438118,472261.621305951,190816.962403775
"1300:380:4",2018,"VL2440","OTB","MBS",1980220.82481256,5150.28392261899,216302.544709626,346044.015080793,226023.614661434,729584.695915894,8006.95787593232,175,530094.085938717,252767.150994822,944233.783288505,206642.129496679
"1300:380:4",2019,"VL1218","OTB","MBS",3263.84652799004,4.09593723428495,330.515714770005,286.405055324304,89.0872506793969,1131.45411722862,128.983691139775,1.5,916.152850575348,350.839077011909,2211.09536743871,950.657559070319
"1300:380:4",2019,"VL1824","OTB","MBS",414596.72578811,4874.65127647352,39354.0202673203,40574.6543112098,21669.2322060945,132885.161896008,14621.5499643828,154,172094.707153452,81747.6011585815,236125.869121377,88619.1572609863
"1300:380:4",2019,"VL2440","OTB","MBS",2274445.71929908,29301.9779064747,200367.472274412,417212.424445801,233527.307972428,816430.791525853,15744.0805252423,204,617938.248751419,294654.278873964,1157986.21363895,325811.341587857
"1300:380:4",2020,"VL1218","OTB","MBS",12860.7789934282,8.03538450804367,978.289752543341,1264.86595112,442.465206889448,4925.67606634284,636.311904034128,4.5,2748.45855172605,1052.51723103573,9130.6762363477,3568.68826597074
"1300:380:4",2020,"VL1824","OTB","MBS",436447.298109962,5879.52560356043,52391.5281342006,40833.4856775077,24719.699629442,155901.622907224,17141.6394889421,156,174329.70335025,82809.2583164851,241572.851955887,68529.5895597216
"1300:380:4",2020,"VL2440","OTB","MBS",2326697.43753602,24315.2725418978,268974.579222052,467355.4345237,227209.556141554,856637.836025858,4920.80698477927,209.6,634901.259501457,302742.827705798,1084730.31248482,223171.669474179
"1300:380:4",2021,"VL1218","OTB","MBS",23985.3782364519,3.83865634431177,1608.85405589818,2135.10312163758,1073.78682981236,8368.03306521454,1240.75382642698,8,4886.14853640186,1871.14174406351,17300.3311413846,7691.54424974308
"1300:380:4",2021,"VL1824","OTB","MBS",1649663.16243758,8046.44972233839,141894.315433935,184631.908796214,85769.9704655284,589046.196665749,88197.5246171613,608.5,679997.592875813,323009.190292187,922404.227172057,245160.505889147
"1300:380:4",2021,"VL2440","OTB","MBS",6205776.09926987,55823.9597771234,566188.892847112,939363.700908494,665392.475560249,2159059.9564996,37383.2226893545,430.5,1304031.45140924,621807.191447261,3468847.79828388,1272404.61909492
"1300:380:4",2022,"VL1218","OTB","MBS",12739.0392168589,0.351450946888794,1279.83028905026,791.521512174285,450.493880108216,4248.28891641749,492.673535526128,4,2443.07426820093,935.570872031757,9281.97411444126,4541.01166249765
"1300:380:4",2022,"VL1824","OTB","MBS",2522046.28282302,20965.3177638596,218030.877518354,196155.340869167,90068.3866017697,846590.545008789,73992.1867248179,796.5,890087.235374832,422804.963135131,1615952.03246246,695369.300728852
"1300:380:4",2022,"VL2440","OTB","MBS",7385567.36506499,67967.1465018504,778075.417674893,1400375.88011925,350394.50011293,2486911.55935174,34192.4486001442,501.5,1519098.19484724,724358.43556516,4200330.27809461,1679226.27014272
"1300:380:4",2023,"VL1824","OTB","MBS",1894163.4649433,52937.5457805708,177666.698080703,197432.744677755,117900.239377244,703162.396635797,59273.0991145341,597,667146.364744224,316904.661634241,1137196.66695393,374761.171203596
"1300:380:4",2023,"VL2440","OTB","MBS",5500829.28523089,187822.897503944,624437.247253719,1151540.295637,566087.916889672,1983083.4188958,46438.0573839349,368,1114712.13500256,531533.208949111,2815053.51400533,785532.037725597
"1300:380:4",2024,"VL1218","OTB","MBS",0,0,0,0,0,0,0,1,610.768567050232,233.892718007939,-233.892718007939,-233.892718007939
"1300:380:4",2024,"VL1824","OTB","MBS",0,0,0,0,0,0,0,334.5,373803.113914477,177562.159659386,-177562.159659386,-177562.159659386
"1300:380:4",2024,"VL2440","OTB","MBS",0,0,0,0,0,0,0,409.5,1240420.1610966,591475.133327883,-591475.133327883,-591475.133327883
"1300:390:1",2013,"VL1824","OTB","MBS",10025.3846546826,31.3873308028361,731.864766406455,1152.82495046432,216.432006015899,1674.6912530736,582.51348325336,5,5587.49049199518,2654.14289475914,5301.50736783963,3044.30263151267
"1300:390:1",2014,"VL1218","OTB","MBS",308842.122153876,0,22478.5125895023,32323.5298937615,16428.8851828854,113066.032180072,13064.538303095,161,98333.7392950874,37656.7275992782,199954.466888449,73823.8964052818
"1300:390:1",2014,"VL1824","OTB","MBS",4875776.40208489,13599.8551930861,444928.410117711,469315.479058965,285089.368528389,1447549.73258703,229324.254455092,2081,2325513.54276839,1104654.27279875,2585388.72677416,908514.739732042
"1300:390:1",2014,"VL2440","OTB","MBS",6596748.29591723,51722.4128280379,347884.032863341,701883.039720556,480371.517277019,1187814.18886819,16035.0520160776,373,1129857.68031509,538755.127548963,4579576.99133539,3375727.75045112
"1300:390:1",2015,"VL1218","OTB","MBS",408523.114218795,81.5759383152647,39177.2686462983,31142.2744553307,14179.5577482753,153416.392818134,11514.1441474868,212,129482.936214649,49585.2562176831,274520.333089523,109589.796123902
"1300:390:1",2015,"VL1824","OTB","MBS",4057831.37602793,31870.9375127725,386825.244347967,410289.209129852,183449.685422706,1322533.25090945,144892.265653883,1889,2110953.90787578,1002735.18564,2106402.98900017,638977.47243684
"1300:390:1",2015,"VL2440","OTB","MBS",5813180.21215748,135191.399091114,520898.884247469,1107276.36384252,520382.647343082,1544809.48765804,50993.3413903262,440,1332807.98750306,635528.83678698,3164284.87902854,1568482.04998017
"1300:390:1",2016,"VL1218","OTB","MBS",591233.54335359,6521.64108846464,48097.253391772,63315.0872546383,34883.0553890831,185906.545246572,31115.8684495832,194,118489.102007745,45375.1872935402,406084.601113021,189062.187416866
"1300:390:1",2016,"VL1824","OTB","MBS",6440765.49034693,63596.4531925157,630751.662607319,710249.956709545,336760.796597963,2109037.98032963,188540.93083711,2117,2365743.47431076,1123764.10164102,3702835.4259836,1405256.51481686
"1300:390:1",2016,"VL2440","OTB","MBS",4346606.7645311,32504.545448468,420053.807793872,902168.205140204,294467.183671309,1142351.09633983,25029.8452349118,388,1175294.3162527,560420.883348519,2202001.23002567,1034620.28845092
"1300:390:1",2017,"VL1218","OTB","MBS",411900.71674517,40.5105893941881,39948.6479288568,37424.4347987194,19573.9962739287,122259.578508428,28826.5019248892,235,143530.613256805,54964.7887318657,260029.359601194,108943.279167877
"1300:390:1",2017,"VL1824","OTB","MBS",5246116.28476288,23375.5703190385,479716.901055836,654423.170500111,235517.647651973,1757216.70084388,157206.407957704,1907,2131068.87364696,1012290.10006114,2887544.03581286,973120.927011279
"1300:390:1",2017,"VL2440","OTB","MBS",3829083.21404756,139739.69194594,370943.090755265,659849.303900748,390800.818681515,1244829.4284662,10937.5593035718,298,902674.500627072,430426.348551182,2116803.34410479,861036.356335024
"1300:390:1",2018,"VL1218","OTB","MBS",317507.600326523,69.9887148121436,19530.4938574793,35862.4284537064,13392.9267196691,102880.339157971,19007.5448477541,139.5,85202.2151035074,32628.0341621075,216163.705848373,94275.821842648
"1300:390:1",2018,"VL1824","OTB","MBS",4203368.32558527,31351.4239526657,353191.887401342,408713.312785025,219956.301591418,1316895.49239818,149941.73545584,1491.1,1666301.4145228,791518.49407507,2461339.75368509,994502.52583107
"1300:390:1",2018,"VL2440","OTB","MBS",2395501.42064468,6230.3720366768,261664.278371587,418614.388529164,273423.995564717,882589.02928797,9686.13132762784,211.7,641262.388532722,305776.033517736,1142253.09669815,249977.936082553
"1300:390:1",2019,"VL1218","OTB","MBS",196918.740522066,247.121546468525,19941.1147911237,17279.771671233,5374.93079099028,68264.3984061265,7782.01603209977,90.5,55274.555318046,21167.2909797185,133402.753835469,57356.3393972425
"1300:390:1",2019,"VL1824","OTB","MBS",2130865.63935902,25053.8083462908,202264.331438857,208537.914852744,111371.410981323,682977.958705782,75149.0701091494,791.5,884499.744882837,420150.820240372,1213594.97019201,455467.941377082
"1300:390:1",2019,"VL2440","OTB","MBS",1666811.93644712,21473.7534167548,146837.926985415,305751.262032584,171138.885009206,598315.702613309,11537.9413653124,149.5,452851.80484479,215935.366135576,848622.249701094,238768.605722473
"1300:390:1",2020,"VL1218","OTB","MBS",367246.68903456,229.454868729691,27935.6073781821,36118.9499375378,12634.839796732,140655.416561123,18170.2399263079,128.5,78483.7608659548,30055.2142640202,260731.532526818,101905.876039387
"1300:390:1",2020,"VL1824","OTB","MBS",1826923.62606286,24611.0911482369,219305.563279699,170924.782996234,103474.127295036,652588.203579596,71753.1447838412,653,729726.25825457,346631.062055544,1011199.18158458,286857.833221143
"1300:390:1",2020,"VL2440","OTB","MBS",1420883.93131971,14849.0213996323,164259.2850211,285407.898945771,138753.92741469,523137.609786783,3005.07296780414,128,387725.96000089,184881.116156212,662430.725181567,136288.04242698
"1300:390:1",2021,"VL1218","OTB","MBS",779524.792684687,124.756331190133,52287.7568166907,69390.8514532214,34898.0719689017,271961.074619473,40324.4993588768,260,158799.82743306,60812.1066820642,562260.762094999,249975.18811665
"1300:390:1",2021,"VL1824","OTB","MBS",5544061.08000798,27041.8893708825,476867.502156773,620496.718961804,288249.120134767,1979621.15395474,296407.457423328,2045,2285283.61122603,1085544.44395649,3099945.18416903,823916.572790968
"1300:390:1",2021,"VL2440","OTB","MBS",8245537.581376,74172.6016086286,752288.145664456,1248120.87553928,884098.713171806,2868716.13267775,49670.6234107102,572,1732650.38375398,826187.487823074,4609014.96078602,1690628.20469755
"1300:390:1",2022,"VL1218","OTB","MBS",573256.76475865,15.8152926099957,57592.3630072619,35618.4680478428,20272.2246048697,191173.001238787,22170.3090986758,180,109938.342069042,42100.6892414291,417688.835149857,204345.524812394
"1300:390:1",2022,"VL1824","OTB","MBS",5208745.93250956,43299.3693930307,450296.037059249,405116.805687106,186016.94408024,1748451.28253542,152814.999576052,1645,1838284.37186641,873213.012375757,3337402.50270024,1436136.22058878
"1300:390:1",2022,"VL2440","OTB","MBS",7945191.61206891,73117.1994770654,837032.278834705,1506486.11629977,376944.831128466,2675351.51798657,36783.3021331561,539.5,1634204.3392225,779245.016924036,4518600.568359,1806465.74823928
"1300:390:1",2023,"VL1218","OTB","MBS",530886.709091354,107.106057371907,47165.8805145711,64093.6274720351,21793.3312596238,187404.151223288,28045.1668380274,164,100166.044996238,38358.405753302,359582.570149194,144133.252087878
"1300:390:1",2023,"VL1824","OTB","MBS",6058467.56500709,169320.341152429,568265.594614912,631487.145665281,377103.026952844,2249059.62542053,189584.560735683,1909.5,2133862.61889296,1013617.17150852,3637314.96741796,1198670.78126176
"1300:390:1",2023,"VL2440","OTB","MBS",7832702.56918747,267443.473619746,889144.341198231,1639693.24704834,806059.968614642,2823738.34647119,66123.7556227769,524,1587253.14875364,756857.069264495,4008391.4166815,1118529.31458754
"1300:390:1",2024,"VL1218","OTB","MBS",0,0,0,0,0,0,0,163,99555.2764291879,38124.5130352941,-38124.5130352941,-38124.5130352941
"1300:390:1",2024,"VL1824","OTB","MBS",0,0,0,0,0,0,0,1744.5,1949475.43265712,926030.455981463,-926030.455981463,-926030.455981463
"1300:390:1",2024,"VL2440","OTB","MBS",0,0,0,0,0,0,0,339,1026867.97218986,489646.081069969,-489646.081069969,-489646.081069969
"1300:390:2",2014,"VL1824","OTB","MBS",44516.9397595449,124.169749480363,4062.29687277103,4284.95632009627,2602.9303229406,13216.4559919046,2093.78223673559,19,21232.4638695817,10085.7430000847,23605.1829931326,8294.94476449245
"1300:390:2",2014,"VL2440","OTB","MBS",371398.697625367,2911.98570881715,19585.9643167028,39516.203308664,27045.0452086258,66874.2572821233,902.777727446727,21,63611.290312646,30332.0581193786,257831.412380813,190054.377371243
"1300:390:2",2015,"VL1218","OTB","MBS",1926.99582178677,0.384792161864456,184.798437010841,146.897521015711,66.884706359789,723.662230274219,54.3120006956925,1,610.768567050232,233.892718007939,1294.90723155435,516.933000584443
"1300:390:2",2015,"VL1824","OTB","MBS",40814.6088642301,320.565279376748,3890.77800032365,4126.78399865918,1845.17947222415,13302.3460917308,1457.36000393,19,21232.4638695817,10085.7430000847,21186.6896723151,6426.9835766543
"1300:390:2",2015,"VL2440","OTB","MBS",356717.876655118,8295.83585331833,31964.2497151856,67946.5041448819,31932.5715415073,94795.1276517435,3129.13685804274,27,81785.9446876877,38998.3604392011,194172.026667661,96247.7621578743
"1300:390:2",2016,"VL1824","OTB","MBS",60848.0443112605,600.816751936851,5958.91981679092,6709.96652536179,3181.49075671198,19924.7801637188,1781.20860497978,20,22349.9619679807,10616.5715790366,34981.9123852961,13275.9236165976
"1300:390:2",2016,"VL2440","OTB","MBS",179241.516063138,1340.39362674095,17321.8065069638,37202.8125831012,12142.9766462396,47107.2617047354,1032.15856638812,16,48465.7450001113,23110.1395195266,90804.1744340482,42664.7541629247
"1300:390:2",2017,"VL1824","OTB","MBS",22007.829196698,98.0621722875237,2012.44635996156,2745.351528055,988.013204622853,7371.64845660777,659.492010310244,8,8939.98478719229,4246.62863161462,12113.4516447315,4082.31117781344
"1300:390:2",2017,"VL2440","OTB","MBS",89944.9077125266,3282.47598530732,8713.42830633172,15499.8158634404,9179.88500258591,29240.9597290718,256.92253397652,7,21203.7634375487,10110.6860397929,49723.5684856831,20225.6862226348
"1300:390:2",2018,"VL1218","OTB","MBS",1138.02007285492,0.250855608645676,70.0017700984922,128.539170084969,48.003321575875,368.746735333228,68.1274008880074,0.5,305.384283525116,116.94635900397,774.780307700261,337.906171479025
"1300:390:2",2018,"VL1824","OTB","MBS",15504.3429620542,115.641359895152,1302.76666937655,1507.56033821852,811.320272787069,4857.43760189791,553.067899542029,5.5,6146.2395411947,2919.55718423505,9078.77985733215,3668.27435589221
"1300:390:2",2018,"VL2440","OTB","MBS",39604.4164962512,103.00567845238,4326.05089419251,6920.88030161585,4520.47229322867,14591.6939183179,160.139157518646,3.5,10601.8817187743,5055.34301989643,18884.6756657701,4132.84258993357
"1300:390:2",2019,"VL1824","OTB","MBS",1346.09326554581,15.8267898586803,127.772793075715,131.735890620811,70.3546500197873,431.445330831195,47.4725648194248,0.5,558.749049199518,265.414289475914,766.642432212264,287.724536561644
"1300:390:2",2019,"VL2440","OTB","MBS",33447.731166163,430.911439801099,2946.58047462371,6135.47683008531,3434.22511724158,12006.3351694978,231.530595959446,3,9087.32718752086,4333.15115991123,17029.2090241022,4791.34325864495
"1300:390:2",2020,"VL1824","OTB","MBS",1398.86954522424,18.844633344745,167.921564532694,130.876556658679,79.2298065046217,499.684688805204,54.9411522081479,0.5,558.749049199518,265.414289475914,774.271961397075,219.646120383724
"1300:390:2",2020,"VL2440","OTB","MBS",16650.9835701528,174.011969526941,1924.91349634102,3344.62381577076,1626.02258689089,6130.51886468887,35.2156988414547,1.5,4543.66359376043,2166.57557995561,7762.8600607215,1597.12549719117
"1300:390:2",2021,"VL1824","OTB","MBS",2711.03231296234,13.2234177852726,233.187042619449,303.42137846543,140.953114980326,968.029904134345,144.942521967397,1,1117.49809839904,530.828578951828,1515.86561573058,402.893189628835
"1300:390:2",2021,"VL2440","OTB","MBS",14415.2754919161,129.672380434665,1315.18906584695,2182.02950269104,1545.62712092973,5015.23799419188,86.8367542145284,1,3029.10906250695,1444.38371997041,8057.71846291262,2955.64371450621
"1300:390:2",2022,"VL1824","OTB","MBS",12665.6436048865,105.287220408585,1094.94477096474,985.086457597826,452.320836669276,4251.55327060283,371.586625108941,4,4469.99239359614,2123.31431580731,8115.26444425592,3492.12454854414
"1300:390:2",2022,"VL2440","OTB","MBS",88361.7232111464,813.166259244471,9308.97807786512,16754.247817977,4192.15752876885,29753.6776791833,409.082136791356,6,18174.6543750417,8666.30231982246,50253.2037259574,20090.4439099827
"1300:390:2",2023,"VL1824","OTB","MBS",9518.40937157437,266.017817992818,892.797477792478,992.124345114345,592.463514458514,3533.47938007938,297.854769419769,3,3352.49429519711,1592.48573685548,5714.55611534637,1883.22196584722
"1300:390:2",2023,"VL2440","OTB","MBS",74739.5283319415,2551.94154217315,8484.20172899075,15645.9279298506,7691.41191426185,26944.068191519,630.951866629551,5,15145.5453125348,7221.91859985205,38248.0097011594,10672.9896430109
"1300:390:2",2024,"VL1824","OTB","MBS",0,0,0,0,0,0,0,3,3352.49429519711,1592.48573685548,-1592.48573685548,-1592.48573685548
"1300:390:2",2024,"VL2440","OTB","MBS",0,0,0,0,0,0,0,5,15145.5453125348,7221.91859985205,-7221.91859985205,-7221.91859985205
"1300:390:3",2013,"VL1218","OTB","MBS",1638.26548031177,3.24188025103755,165.540981880757,114.734263083308,132.390527381314,595.391415122988,79.1169495900395,1,610.768567050232,233.892718007939,994.948870209492,320.440505496464
"1300:390:3",2013,"VL1824","OTB","MBS",2434163.39415694,7620.8439189286,177696.765283487,279905.897972737,52549.6910606603,406615.03624627,141434.273733916,1214,1356642.69145643,644425.894847519,1287205.98891146,739156.678931277
"1300:390:3",2013,"VL2440","OTB","MBS",25447032.7891572,66677.8551507757,2275002.33262681,5803347.30346784,2332120.4254471,7151713.97847656,176977.883119226,1922,5821947.61813837,2776105.50978313,12327135.0729831,4998443.21138734
"1300:390:3",2014,"VL1218","OTB","MBS",126606.087342583,0,9214.79398078975,13250.639583778,6734.82249733191,46350.0504589114,5355.64924226254,66,40310.7254253153,15436.919388524,81968.911892159,30263.2121909851
"1300:390:3",2014,"VL1824","OTB","MBS",3746451.93029012,10449.8647062685,341874.352608467,360612.902938628,219057.136125369,1112269.11216081,176208.305081063,1599,1786879.45934006,848794.897743972,1986562.50557995,698085.088338075
"1300:390:3",2014,"VL2440","OTB","MBS",32064087.5616567,251401.432861214,1690921.58600868,3411565.55231466,2334888.90301136,5773477.54535664,77939.8104695674,1813,5491774.73032511,2618667.68430635,22259445.2688768,16408027.9130506
"1300:390:3",2015,"VL1218","OTB","MBS",468259.984694185,93.5044953330628,44906.0201936344,35696.0976068178,16252.9836454287,175849.921956635,13197.8161690533,243,148416.761793206,56835.9304759292,314662.457267708,125614.71914202
"1300:390:3",2015,"VL1824","OTB","MBS",2837689.38471831,22287.7228450887,270511.459917239,286920.087485725,128288.530674111,924863.115114548,101324.871852186,1321,1476214.98798513,701224.552795365,1473032.47669096,446844.489724228
"1300:390:3",2015,"VL2440","OTB","MBS",20887813.4441386,485767.277188751,1871684.3999892,3978645.29826142,1869829.46693048,5550781.36360765,183228.347132058,1581,4789021.42782349,2283570.66127322,11369850.894873,5635841.18413331
"1300:390:3",2016,"VL1218","OTB","MBS",761898.896074214,8404.17666039258,61980.9966388814,81591.6072869051,44952.3909653133,239570.290266201,40097.7686205969,250,152692.141762558,58473.1795019848,523304.898341522,243636.839454724
"1300:390:3",2016,"VL1824","OTB","MBS",4031182.93562101,39804.1098158164,394778.437862398,444535.282305219,210773.762632169,1320016.68584637,118005.07007991,1325,1480684.98037872,703347.867111172,2317551.69552587,879529.939599592
"1300:390:3",2016,"VL2440","OTB","MBS",19839795.3092386,148364.819559889,1917307.45773955,4117886.31779201,1344075.72753064,5214185.0299429,114247.051317084,1771,5364552.14969981,2558003.5680676,10050887.0576687,4722454.97640873
"1300:390:3",2017,"VL1218","OTB","MBS",404889.640715465,39.821047447053,39268.6709428337,36787.423142571,19240.8218692661,120178.564406157,28335.8380623379,231,141087.538988604,54029.217859834,255603.327948408,107088.925479913
"1300:390:3",2017,"VL1824","OTB","MBS",3083847.0661873,13740.9618917893,281994.046189613,384692.382868707,138445.350297777,1032952.23998216,92411.3179447229,1121,1252715.36830532,595058.837004999,1697397.411718,572033.853791108
"1300:390:3",2017,"VL2440","OTB","MBS",21252696.765217,775602.182814045,2058858.63123895,3662385.06259006,2169075.68489673,6909221.05598353,60707.1244567377,1654,5010146.3893865,2389010.67283106,11748968.8964743,4779040.716034
"1300:390:3",2018,"VL1218","OTB","MBS",283366.998140875,62.4630465527733,17430.4407545246,32006.2533511573,11952.8270723929,91817.9370979738,16963.7228211138,124.5,76040.6865977539,29119.6433919884,192920.296617365,84138.6366982773
"1300:390:3",2018,"VL1824","OTB","MBS",3046180.5463265,22720.3733641275,255958.120532419,296194.491177988,159402.306686129,954354.013201978,108662.758590021,1080.6,1207568.44513,573613.362415345,1783732.63887875,720715.867086751
"1300:390:3",2018,"VL2440","OTB","MBS",15725216.4585258,40899.1403843635,1717689.40790267,2747984.95861587,1794885.81311425,5793736.29665324,63584.3963439037,1389.7,4209552.86416591,2007260.05564288,7498295.36363449,1640974.67063734
"1300:390:3",2019,"VL1218","OTB","MBS",387309.787988151,486.051218468481,39221.1981527073,33986.7332318174,10571.6870806218,134265.888577796,15306.06468192,178,108716.804934941,41632.9038054132,262383.31693606,112811.363676344
"1300:390:3",2019,"VL1824","OTB","MBS",2825449.76438066,33220.4319133699,268195.092665926,276513.634413083,147674.410391534,905603.749414678,99644.9135559726,1049.5,1172814.25426979,557104.593609943,1609182.46521354,603933.80224289
"1300:390:3",2019,"VL2440","OTB","MBS",15592217.345293,200876.549520612,1373597.59792042,2860154.78229143,1600921.27548745,5596953.24484757,107931.846149762,1398.5,4236209.02391597,2019970.63237862,7938449.60673566,2233564.51573832
"1300:390:3",2020,"VL1218","OTB","MBS",355814.885484846,222.312304722542,27066.0164870324,34994.6246476533,12241.5373906081,136277.037835485,17604.6293449442,124.5,76040.6865977539,29119.6433919884,252615.375872287,98733.7086918571
"1300:390:3",2020,"VL1824","OTB","MBS",2769761.69954399,37312.374022595,332484.697774735,259135.582184183,156875.016879151,989375.683834303,108783.481372133,990,1106323.11741505,525520.293162309,1533058.48356621,434899.318359772
"1300:390:3",2020,"VL2440","OTB","MBS",14769422.4267256,154348.616970396,1707398.27125448,2966681.32458866,1442282.03457222,5437770.23297903,31236.3248723704,1330.5,4030229.6076655,1921752.53942063,6885656.87385997,1416650.31600857
"1300:390:3",2021,"VL1218","OTB","MBS",824497.376878034,131.953811835717,55304.3581714998,73394.1698062918,36911.4222747999,287651.13661675,42650.9127834274,275,167961.355938814,64320.4974521833,594698.882985095,264396.833584918
"1300:390:3",2021,"VL1824","OTB","MBS",3289024.40208591,16042.6504570928,282902.520105916,368110.81635426,171004.319094132,1174413.87969579,175844.267650847,1213.2,1355748.69297771,644001.231984357,1839048.16500434,488790.017657703
"1300:390:3",2021,"VL2440","OTB","MBS",18336230.4257173,164943.267912894,1672920.49175732,2775541.52742301,1966037.69782262,6379382.72861207,110456.35136088,1272,3853026.72750885,1837256.09180236,10249417.8848249,3759578.8048519
"1300:390:3",2022,"VL1218","OTB","MBS",681538.598101951,18.8026256585505,68470.9204641891,42346.4009013242,24101.4225857895,227283.457028335,26358.0341506479,214,130704.47334875,50053.041653699,496585.615122607,242944.123943624
"1300:390:3",2022,"VL1824","OTB","MBS",3300983.36452354,27440.4818189875,285369.980932685,256738.158011433,117886.11805693,1108061.07115086,96844.7641690178,1042.5,1164991.76758099,553388.79355728,2115040.7957842,910134.960464317
"1300:390:3",2022,"VL2440","OTB","MBS",17915339.3810599,164869.459061817,1887395.30528715,3396923.74509484,849959.938957885,6032558.14945442,82941.4032344475,1216.5,3684911.17453971,1757092.795344,10188837.0554379,4073337.502749
"1300:390:3",2023,"VL1218","OTB","MBS",517938.252772052,104.493714509178,46015.4931849474,62530.3682654001,21261.7865947549,182833.318266622,27361.1383785633,160,97722.9707280372,37422.8348812703,350812.263560189,140617.806915003
"1300:390:3",2023,"VL1824","OTB","MBS",3058582.21139923,85480.3921816922,286885.58953065,318802.622896743,190378.275979336,1135424.70746551,95710.6659068859,964,1077268.16685667,511718.750109562,1836277.36506463,605141.99169224
"1300:390:3",2023,"VL2440","OTB","MBS",16113842.3083666,550198.59649253,1829193.89277041,3373262.06167579,1658268.40871486,5809141.10209149,136033.222445331,1078,3265379.5693825,1557045.6501281,8246270.89156996,2301096.56703314
"1300:390:3",2024,"VL1218","OTB","MBS",0,0,0,0,0,0,0,104,63519.9309732242,24324.8426728257,-24324.8426728257,-24324.8426728257
"1300:390:3",2024,"VL1824","OTB","MBS",0,0,0,0,0,0,0,851.5,951549.630786779,452000.534977481,-452000.534977481,-452000.534977481
"1300:390:3",2024,"VL2440","OTB","MBS",0,0,0,0,0,0,0,886,2683790.62938116,1279723.97589378,-1279723.97589378,-1279723.97589378
"1300:390:4",2013,"VL2440","OTB","MBS",13239.8713783336,34.6919121492069,1183.66406484225,3019.43147943176,1213.38211521701,3720.97501481611,92.08006405787,1,3029.10906250695,1444.38371997041,6413.7019110214,2600.64683214742
"1300:390:4",2014,"VL1218","OTB","MBS",72894.4139245173,0,5305.48744348501,7629.1561239934,3877.6250742214,26686.3926884642,3083.55562433298,38,23209.2055479088,8887.92328430169,47194.2219985158,17424.2736857187
"1300:390:4",2014,"VL1824","OTB","MBS",379565.486370857,1058.71049556941,34636.4259678372,36534.8907292419,22193.4059113883,112687.67740466,17852.2485447982,162,181034.691940644,85994.2297901961,201265.244467763,70725.318518304
"1300:390:4",2014,"VL2440","OTB","MBS",7339545.69116796,57546.3842456722,387055.961496746,780915.446337884,534461.607694271,1321562.70343244,17840.607470971,415,1257080.26094039,599419.24378772,5095239.81609701,3755836.50519361
"1300:390:4",2015,"VL1218","OTB","MBS",53955.8830100296,10.7741805322048,5174.35623630355,4113.13058843991,1872.77177807409,20262.5424476781,1520.73601947939,28,17101.5198774065,6548.9961042223,36257.4024835219,14474.1240163644
"1300:390:4",2015,"VL1824","OTB","MBS",274961.575506392,2159.59767159072,26211.5570548119,27801.4922014934,12430.6827602469,89615.805249555,9818.0042370021,128,143039.756595077,67946.0581058339,142731.383055597,43297.5735690395
"1300:390:4",2015,"VL2440","OTB","MBS",4280614.51986142,99550.03023982,383570.996582227,815358.049738583,383190.858498088,1137541.53182092,37549.6422965129,324,981431.336252253,467980.325270413,2330064.32001193,1154973.14589449
"1300:390:4",2016,"VL1218","OTB","MBS",100570.654281796,1109.35131917182,8181.49155633235,10770.0921618715,5933.71560742135,31623.2783151385,5292.9054579188,33,20155.3627126577,7718.45969426199,69076.2465810808,32160.0628080236
"1300:390:4",2016,"VL1824","OTB","MBS",365088.265867563,3604.90051162111,35753.5189007455,40259.7991521707,19088.9445402719,119548.680982313,10687.2516298787,120,134099.771807884,63699.4294742193,209891.474311777,79655.5416995856
"1300:390:4",2016,"VL2440","OTB","MBS",4884331.31272052,36525.7263286908,472019.227314763,1013776.64288951,330896.113610028,1283672.88145404,28126.3209340761,436,1320691.55125303,629751.301907099,2474413.75332781,1162614.5509397
"1300:390:4",2017,"VL1218","OTB","MBS",84132.9123564604,8.27450336562141,8159.72383227713,7644.13987378099,3998.0928559514,24972.1692272533,5887.96635061566,48,29316.8912184111,11226.8504643811,53112.3798334354,22252.2442555664
"1300:390:4",2017,"VL1824","OTB","MBS",382386.032292627,1703.83024349572,34966.2555043321,47700.4827999556,17166.7294303221,128082.39193356,11458.6736791405,139,155332.235677466,73785.1724743041,210471.222327209,70930.1567145085
"1300:390:4",2017,"VL2440","OTB","MBS",4949539.77869504,180629.964220054,479487.511942711,852932.724371034,505155.95757087,1609088.24109121,14138.0800125365,385.2,1166812.81087768,556376.608932602,2736216.94009787,1112990.61899413
"1300:390:4",2018,"VL1218","OTB","MBS",9104.16058283937,2.00684486916541,560.014160787938,1028.31336067975,384.026572607,2949.97388266583,545.019207104059,4,2443.07426820093,935.570872031757,6198.24246160209,2703.2493718322
"1300:390:4",2018,"VL1824","OTB","MBS",272030.74469786,2028.98022361494,22857.6333808795,26450.8313887431,14234.9829679913,85225.9506514814,9703.82769196469,96.5,107838.566495507,51224.9578688514,159291.31931501,64361.5409715634
"1300:390:4",2018,"VL2440","OTB","MBS",2738362.51202651,7122.10691013597,299115.518969882,478529.437997439,312558.369988954,1008911.40806655,11072.4788912893,242,733044.393126683,349540.860232839,1305740.43174753,285756.544789693
"1300:390:4",2019,"VL1218","OTB","MBS",1087.94884266335,1.36531241142832,110.171904923335,95.4683517747681,29.6957502264656,377.151372409539,42.9945637132584,0.5,305.384283525116,116.94635900397,737.031789146237,316.88585302344
"1300:390:4",2019,"VL1824","OTB","MBS",138647.606351219,1630.15935544407,13160.5976867987,13568.7967339435,7246.52895203809,44438.8690756131,4889.67417640075,51.5,57551.1520675503,27337.6718160191,78964.1705178632,29635.6272658493
"1300:390:4",2019,"VL2440","OTB","MBS",2475132.10629606,31887.4465452813,218046.955122155,454025.285426313,254132.658675877,888468.80254284,17133.264100999,222,672462.211876544,320653.185833431,1260161.46778356,354559.401139726
"1300:390:4",2020,"VL1218","OTB","MBS",28579.5088742848,17.8564100178748,2173.97722787409,2810.81322471111,983.256015309886,10945.9468140952,1414.02645340917,10,6107.68567050232,2338.92718007939,20290.3916363282,7930.41836882387
"1300:390:4",2020,"VL1824","OTB","MBS",62949.1295350907,848.008500513523,7556.47040397124,5889.44504964054,3565.34129270798,22485.8109962342,2472.35184936666,22.5,25143.7072139783,11943.6430264161,34842.2382628684,9884.07541726756
"1300:390:4",2020,"VL2440","OTB","MBS",1515239.50488391,15835.0892269516,175167.128167033,304360.767235139,147968.055407071,557877.216686687,3204.62859457238,136.5,413473.387032199,197158.377775961,706420.265525656,145338.420244397
"1300:390:4",2021,"VL1218","OTB","MBS",47970.7564729038,7.67731268862354,3217.70811179635,4270.20624327516,2147.57365962472,16736.0661304291,2481.50765285396,16,9772.29707280372,3742.28348812703,34600.6622827692,15383.0884994862
"1300:390:4",2021,"VL1824","OTB","MBS",258903.585887903,1262.83639849354,22269.3625701574,28976.7416434486,13461.0224806211,92446.85584483,13842.0108478865,95.5,106721.068397108,50694.1292898996,144765.16630227,38476.2996095538
"1300:390:4",2021,"VL2440","OTB","MBS",1801909.43648951,16209.0475543332,164398.633230869,272753.68783638,193203.390116216,626904.749273985,10854.594276816,125,378638.632813369,180547.964996301,1007214.80786408,369455.464313276
"1300:390:4",2022,"VL1218","OTB","MBS",22293.3186295031,0.615039157055389,2239.70300583796,1385.162646305,788.364290189378,7434.5056037306,862.178687170725,7,4275.37996935163,1637.24902605557,16243.4547002722,7946.77040937088
"1300:390:4",2022,"VL1824","OTB","MBS",221648.763085513,1842.52635715024,19161.5334918829,17239.0130079619,7915.61464171234,74402.1822355496,6502.76593940647,70,78224.8668879325,37158.0005266279,142017.127774478,61112.1795995224
"1300:390:4",2022,"VL2440","OTB","MBS",2047046.58772489,18838.3516724969,215657.992137209,388140.074449801,97118.3160831451,689293.532901081,9477.06950233309,139,421046.159688467,200769.337075887,1164199.21965135,465428.617247933
"1300:390:4",2023,"VL1218","OTB","MBS",3237.11407982533,0.653085715682361,287.596832405921,390.81480165875,132.886166217218,1142.70823916639,171.007114866021,1,610.768567050232,233.892718007939,2192.57664725118,878.86129321877
"1300:390:4",2023,"VL1824","OTB","MBS",158640.156192906,4433.6302998803,14879.957963208,16535.4057519058,9874.39190764191,58891.323001323,4964.24615699616,50,55874.9049199518,26541.4289475914,95242.6019224394,31387.0327641203
"1300:390:4",2023,"VL2440","OTB","MBS",1808696.58563298,61756.9853205901,205317.681841576,378631.455902385,186132.168325137,652046.450234759,15269.0351724351,121,366522.196563341,174770.43011642,925601.834768057,258286.349360862
"1300:390:4",2024,"VL1218","OTB","MBS",0,0,0,0,0,0,0,3,1832.3057011507,701.678154023818,-701.678154023818,-701.678154023818
"1300:390:4",2024,"VL1824","OTB","MBS",0,0,0,0,0,0,0,33,36877.4372471682,17517.3431054103,-17517.3431054103,-17517.3431054103
"1300:390:4",2024,"VL2440","OTB","MBS",0,0,0,0,0,0,0,78,236270.506875542,112661.930157692,-112661.930157692,-112661.930157692
"1300:391:1",2013,"VL1824","OTB","MBS",82208.1541683974,257.376112583256,6001.29108453293,9453.16459380745,1774.74244933037,13732.4682752035,4776.61056267755,41,45817.4220343605,21763.9717370249,43472.360416285,24963.2815784039
"1300:391:1",2013,"VL2440","OTB","MBS",529594.855133345,1387.67648596828,47346.5625936901,120777.25917727,48535.2846086805,148839.000592644,3683.2025623148,40,121164.362500278,57775.3487988164,256548.076440856,104025.873285897
"1300:391:1",2014,"VL1218","OTB","MBS",237865.982280004,0,17312.6432366353,24895.141036189,12653.3028737751,87081.9129834093,10062.1288794023,124,75735.3023142288,29002.6970329845,154002.19810042,56858.1562376083
"1300:391:1",2014,"VL1824","OTB","MBS",670097.093222623,1869.0814921781,61148.2581901324,64499.8688182912,39180.9511768953,198942.442825511,31516.9326161251,286,319604.456142124,151816.973580223,355320.12294926,124860.747507623
"1300:391:1",2014,"VL2440","OTB","MBS",3006560.88553868,23573.2176428055,158553.044468547,319893.074403471,218936.080260304,541363.035140998,7308.20065075922,170,514948.540626182,245545.23239497,2087206.6716542,1538535.43586244
"1300:391:1",2015,"VL1218","OTB","MBS",165721.640673662,33.0921259203432,15892.6655829323,12633.1868073512,5752.08474694185,62234.9518035828,4670.83205982955,86,52526.09676632,20114.7737486828,111362.021913674,44456.2380502621
"1300:391:1",2015,"VL1824","OTB","MBS",760440.607259866,5972.6373104931,72491.3374797143,76888.5018697552,34378.6070088078,247843.711393301,27152.9179679589,354,395594.326833259,187913.316948947,394741.481263134,119744.851901875
"1300:391:1",2015,"VL2440","OTB","MBS",2364907.40449134,54998.319175703,211911.137000675,450460.157108661,211701.122441845,628456.587024522,20745.0184292463,179,542210.522188745,258544.685874703,1287288.62124116,638087.015787389
"1300:391:1",2016,"VL1218","OTB","MBS",179808.139473514,1983.38569185265,14627.515206776,19255.6193197096,10608.7642678139,56538.5885028233,9463.07339446088,59,36035.3454559637,13799.6703624684,123499.956008599,57498.2941113149
"1300:391:1",2016,"VL1824","OTB","MBS",718006.922872874,7089.63767285485,70315.2538381328,79177.6049992691,37541.5909292014,235112.405931881,21018.2615387614,236,263729.551222172,125275.544632631,412786.566146494,156655.898675852
"1300:391:1",2016,"VL2440","OTB","MBS",1859630.72915506,13906.5838774373,179713.742509749,385979.180549675,125983.382704735,488737.84018663,10708.6451262767,166,502832.104376154,239767.697515088,942093.30975325,442646.824440344
"1300:391:1",2017,"VL1218","OTB","MBS",138468.751586674,13.6184534559186,13429.5454739561,12580.9802089312,6580.19449208669,41100.0285198544,9690.61128538828,79,48250.7167969684,18477.5247226272,87414.125142529,36623.4853372863
"1300:391:1",2017,"VL1824","OTB","MBS",800534.787029888,3567.01151695868,73202.7363436017,99862.1618330007,35938.9803181563,268143.712609108,23989.0218750351,291,325191.946634119,154471.116474982,440626.803577107,148494.069092964
"1300:391:1",2017,"VL2440","OTB","MBS",2252477.47457227,82202.5771749106,218209.140299993,388159.674408729,229890.548707616,732277.177215183,6434.07431515485,175.3,531002.818657469,253200.466110813,1245220.22222003,506508.970689696
"1300:391:1",2018,"VL1218","OTB","MBS",42106.7426956321,9.28165751989001,2590.06549364421,4755.94929314386,1776.12289830738,13643.6292073294,2520.71383285627,18.5,11299.2184904293,4327.01528314688,28666.8713849096,12502.5283447239
"1300:391:1",2018,"VL1824","OTB","MBS",681627.296040855,5084.01469502686,57274.3601191365,66277.8345056797,35668.589447257,213550.620388893,24314.8760198659,241.8,270211.040192887,128354.350390552,399136.176273257,161270.679864498
"1300:391:1",2018,"VL2440","OTB","MBS",2132980.71701239,5547.59153950674,232988.741015797,372738.839101311,243459.722078173,785866.943886548,8624.63748350424,188.5,570987.058282561,272266.331214422,1017074.67514219,222583.093772137
"1300:391:1",2019,"VL1218","OTB","MBS",22846.9256959303,28.6715606399947,2313.61000339004,2004.83538727013,623.610754755778,7920.17882060031,902.885837978426,10.5,6413.06995402744,2455.87353908336,15477.667572071,6654.60291349223
"1300:391:1",2019,"VL1824","OTB","MBS",418635.005584747,4922.13164604956,39737.3386465474,40969.8619830723,21880.2961561539,134179.497888502,14763.9676588411,155.5,173770.95430105,82543.8440270092,238425.796418014,89482.3308706712
"1300:391:1",2019,"VL2440","OTB","MBS",2205320.40822234,28411.4275975524,194277.872626857,404532.438996958,226429.909396795,791617.698842224,15265.5839602594,197.8,599157.772563875,285699.099810147,1122792.51498914,315909.232186658
"1300:391:1",2020,"VL1218","OTB","MBS",60016.9686359982,37.4984610375371,4565.35217853559,5902.70777189334,2064.83763215076,22986.4883095999,2969.45555215926,21,12826.1399080549,4911.74707816672,42609.8224362893,16653.8785745301
"1300:391:1",2020,"VL1824","OTB","MBS",163667.736791236,2204.82210133516,19646.8230503252,15312.5571290654,9269.88736104074,58463.1085902088,6428.1148083533,58.5,65373.6387563436,31053.4718686819,90589.8194834578,25698.5960848956
"1300:391:1",2020,"VL2440","OTB","MBS",1746133.14372336,18248.0552043918,201859.261982962,350739.550813827,170515.568611958,642887.078277039,3692.95295184055,157.3,476478.855532344,227201.559151345,814065.258367661,167485.227138781
"1300:391:1",2021,"VL1218","OTB","MBS",227861.093246293,36.4672352709618,15284.1135310327,20283.479655557,10200.9748832174,79496.3141195381,11787.1613510563,76,46418.4110958177,17775.8465686034,164353.145843154,73069.6703725592
"1300:391:1",2021,"VL1824","OTB","MBS",298213.554425857,1454.57595637999,25650.5746881394,33376.3516311973,15504.8426478359,106483.289454778,15943.6774164137,110,122924.790823894,58391.143684701,166745.217730364,44318.2508591719
"1300:391:1",2021,"VL2440","OTB","MBS",2147876.0482955,19321.1846847651,195963.170811196,325122.395900965,230298.44101853,747270.46113459,12938.6763779647,149,451337.250313536,215213.174275591,1200600.05097398,440390.913461425
"1300:391:1",2022,"VL1218","OTB","MBS",264335.063749822,7.29260714794247,26556.478497793,16424.0713776164,9347.74801224548,88151.9950156628,10222.9758621672,83,50693.7910651693,19413.095594659,192600.962874656,94225.9919968262
"1300:391:1",2022,"VL1824","OTB","MBS",322973.911924605,2684.82412041893,27921.0916596009,25119.7046687446,11534.1813350665,108414.608400372,9475.458940278,102,113984.806036702,54144.5150530864,206939.243328526,89049.1759878755
"1300:391:1",2022,"VL2440","OTB","MBS",2776030.80421685,25546.9733112638,292457.061279596,526362.618948112,131703.615695488,934761.373754343,12851.9971308618,188.5,570987.058282561,272266.331214422,1578788.1503905,631174.779505291
"1300:391:1",2023,"VL1218","OTB","MBS",119773.220953537,24.1641714802473,10641.0827990191,14460.1476613738,4916.78815003707,42280.2048491564,6327.26325004277,37,22598.4369808586,8654.03056629375,81125.3359482937,32517.8678490945
"1300:391:1",2023,"VL1824","OTB","MBS",539376.531055881,15074.343019593,50591.8570749071,56220.3795564796,33572.9324859825,200230.498204498,16878.4369337869,170,189974.676727836,90240.8584218107,323824.846536294,106715.911398009
"1300:391:1",2023,"VL2440","OTB","MBS",2959685.32194488,101056.885070057,335974.388468034,619578.746022084,304579.911804769,1066985.10038415,24985.6939185302,198,599763.594376377,285987.976554141,1514621.18416591,422650.389863229
"1300:391:1",2024,"VL1218","OTB","MBS",0,0,0,0,0,0,0,8,4886.14853640186,1871.14174406351,-1871.14174406351,-1871.14174406351
"1300:391:1",2024,"VL1824","OTB","MBS",0,0,0,0,0,0,0,144.5,161478.475218661,76704.7296585391,-76704.7296585391,-76704.7296585391
"1300:391:1",2024,"VL2440","OTB","MBS",0,0,0,0,0,0,0,85,257474.270313091,122772.616197485,-122772.616197485,-122772.616197485
"1300:391:2",2013,"VL1824","OTB","MBS",6015.23079280957,18.8323984817016,439.118859843873,691.694970278593,129.85920360954,1004.81475184416,349.508089952016,3,3352.49429519711,1592.48573685548,3180.90442070378,1826.58157890761
"1300:391:2",2013,"VL2440","OTB","MBS",26479.7427566672,69.3838242984138,2367.3281296845,6038.86295886352,2426.76423043402,7441.95002963221,184.16012811574,2,6058.21812501391,2888.76743994082,12827.4038220428,5201.29366429484
"1300:391:2",2014,"VL1218","OTB","MBS",32610.6588609683,0,2373.50754050645,3413.04352915494,1734.72700688852,11938.6493606287,1379.48541088581,17,10383.0656398539,3976.17620613497,21113.2045782834,7795.06980676888
"1300:391:2",2014,"VL1824","OTB","MBS",447512.394424899,1248.23274477628,40836.7738262772,43075.0872178099,26166.2995621923,132860.162865988,21048.0214324472,191,213442.136794216,101388.258579799,237294.207983597,83386.0236851609
"1300:391:2",2014,"VL2440","OTB","MBS",1574023.05184084,12341.2727659393,83007.1821041215,167473.433070052,114619.477312747,283419.471338522,3826.05798775041,89,269590.706563119,128550.151077366,1092714.08104249,805468.551716219
"1300:391:2",2015,"VL1218","OTB","MBS",21196.9540396545,4.23271378050902,2032.78280711925,1615.87273117282,735.731769957679,7960.28453301641,597.432007652617,11,6718.45423755256,2572.81989808733,14243.9795470979,5686.26300642887
"1300:391:2",2015,"VL1824","OTB","MBS",539182.464469566,4234.83605913494,51399.2251621703,54516.988613866,24375.7919751716,175730.993106549,19252.4926834963,251,280492.022698158,133237.973316909,279887.321460584,84903.8356705383
"1300:391:2",2015,"VL2440","OTB","MBS",1162636.0424315,27038.2798182227,104179.776849494,221455.272768504,104076.529468616,308961.897531609,10198.6682780652,88,266561.597500612,127105.767357396,632856.975805708,313696.409996035
"1300:391:2",2016,"VL1218","OTB","MBS",12190.3823371874,134.466826566281,991.695946222103,1305.46571659048,719.238255445012,3833.12464425921,641.564297929551,4,2443.07426820093,935.570872031757,8372.87837346435,3898.18943127558
"1300:391:2",2016,"VL1824","OTB","MBS",648031.671914925,6398.69840812747,63462.4960488233,71461.1434951031,33882.8765589826,212198.908743605,18969.8716430346,213,238027.094958995,113066.487316739,372557.366903404,141388.586516765
"1300:391:2",2016,"VL2440","OTB","MBS",1064246.50162488,7958.58715877437,102848.226135098,220891.699712163,72098.9238370473,279699.366371866,6128.44148792943,95,287765.360938161,137216.453397189,539149.785702161,253321.977842365
"1300:391:2",2017,"VL1218","OTB","MBS",21033.2280891151,2.06862584140535,2039.93095806928,1911.03496844525,999.523213987851,6243.04230681333,1471.99158765392,12,7329.22280460279,2806.71261609527,13278.0949583588,5563.0610638916
"1300:391:2",2017,"VL1824","OTB","MBS",376884.074993453,1679.31470042384,34463.1439143417,47014.1449179419,16919.7261291664,126239.479819408,11293.8006765629,137,153097.239480668,72723.5153164004,207442.859416026,69909.5789200551
"1300:391:2",2017,"VL2440","OTB","MBS",1246379.43544501,45485.7386535444,120743.220816311,214783.162679103,127206.977892976,405196.156245709,3560.21225653178,97,293823.579063174,140105.22083713,689026.591873037,280270.223370796
"1300:391:2",2018,"VL1218","OTB","MBS",1138.02007285492,0.250855608645676,70.0017700984922,128.539170084969,48.003321575875,368.746735333228,68.1274008880074,0.5,305.384283525116,116.94635900397,774.780307700261,337.906171479025
"1300:391:2",2018,"VL1824","OTB","MBS",138129.600934665,1030.25938815681,11606.4666908093,13430.9921041286,7228.12606664844,43275.353180545,4927.3321959199,49,54757.4068215528,26010.6003686396,80883.6750925956,32680.9897161307
"1300:391:2",2018,"VL2440","OTB","MBS",605381.795014125,1574.51537062923,66126.7779540856,105790.598896128,69098.6479107811,223044.464180002,2447.84140778502,53.5,162057.334844122,77274.5290184169,288665.756605343,63173.4510175561
"1300:391:2",2019,"VL1824","OTB","MBS",141339.79288231,1661.81293516143,13416.1432729501,13832.2685151852,7387.23825207767,45301.7597372755,4984.6193060396,52.5,58668.6501659494,27868.500394971,80497.4553822877,30211.0763389726
"1300:391:2",2019,"VL2440","OTB","MBS",876330.55655347,11289.8797227888,77200.4084351412,160749.492948235,89976.6980717295,314565.981440843,6066.10161413747,78.6,238087.972313047,113528.560389674,446165.276431478,125533.193376498
"1300:391:2",2020,"VL1824","OTB","MBS",110510.694072715,1488.72603423485,13265.8035980828,10339.2479760356,6259.15471386511,39475.0904156111,4340.35102444368,39.5,44141.1748867619,20967.7288685972,61167.4849503689,17352.0435103141
"1300:391:2",2020,"VL2440","OTB","MBS",658268.883806709,6879.27319529838,76098.2468886816,132224.128183471,64282.0929350867,242359.845784033,1392.19396086551,59.3,179626.167406662,85651.9545942453,306891.734400523,63139.6946556243
"1300:391:2",2021,"VL1218","OTB","MBS",23985.3782364519,3.83865634431177,1608.85405589818,2135.10312163758,1073.78682981236,8368.03306521454,1240.75382642698,8,4886.14853640186,1871.14174406351,17300.3311413846,7691.54424974308
"1300:391:2",2021,"VL1824","OTB","MBS",229082.230445318,1117.37880285554,19704.3051013435,25639.1064803288,11910.5382158376,81798.5268993522,12247.6431062451,84.5,94428.5893147185,44855.0149214294,128090.644529234,34044.4745236366
"1300:391:2",2021,"VL2440","OTB","MBS",1412696.99820778,12707.8932825972,128888.528453001,213838.891263722,151471.457851114,491493.323430804,8510.00191302378,98,296852.688125681,141549.6045571,789656.409365436,289653.084021609
"1300:391:2",2022,"VL1218","OTB","MBS",101912.313734871,2.81160757511035,10238.6423124021,6332.17209739428,3603.95104086573,33986.3113313399,3941.38828420903,32,19544.5941456074,7484.56697625406,74255.7929155301,36328.0932999812
"1300:391:2",2022,"VL1824","OTB","MBS",215315.94128307,1789.88274694595,18614.0611064006,16746.469779163,7689.4542233777,72276.4056002482,6316.972626852,68,75989.8706911344,36096.3433687243,137959.495552351,59366.1173252504
"1300:391:2",2022,"VL2440","OTB","MBS",1457968.43298392,13417.2432775338,153598.138284774,276445.088996621,69170.5992246861,490935.681706525,6749.85525705738,99,299881.797188188,142993.988277071,829177.861478297,331492.324514715
"1300:391:2",2023,"VL1218","OTB","MBS",9711.34223947598,1.95925714704708,862.790497217764,1172.44440497625,398.658498651654,3428.12471749916,513.021344598063,3,1832.3057011507,701.678154023818,6577.72994175354,2636.58387965631
"1300:391:2",2023,"VL1824","OTB","MBS",279206.674899515,7803.18932778933,26188.726015246,29102.3141233541,17378.9297574498,103648.728482328,8737.07323631324,88,98339.8326591152,46712.9149477608,167626.979383494,55241.1776648518
"1300:391:2",2023,"VL2440","OTB","MBS",1225728.26464384,41851.8412916396,139140.908355448,256593.21804955,126139.155393894,441882.718340911,10347.6106127246,82,248386.94312557,118439.465037574,627267.359099014,175037.030145378
"1300:391:2",2024,"VL1218","OTB","MBS",0,0,0,0,0,0,0,3,1832.3057011507,701.678154023818,-701.678154023818,-701.678154023818
"1300:391:2",2024,"VL1824","OTB","MBS",0,0,0,0,0,0,0,24,26819.9543615769,12739.8858948439,-12739.8858948439,-12739.8858948439
"1300:391:2",2024,"VL2440","OTB","MBS",0,0,0,0,0,0,0,18,54523.9631251252,25998.9069594674,-25998.9069594674,-25998.9069594674
"1300:391:3",2014,"VL2440","OTB","MBS",17685.6522678746,138.66598613415,932.664967462039,1881.72396707924,1287.85929564885,3184.48844200587,42.9894155927013,1,3029.10906250695,1444.38371997041,12277.6863038482,9050.20844624966
"1300:391:3",2015,"VL1218","OTB","MBS",1926.99582178677,0.384792161864456,184.798437010841,146.897521015711,66.884706359789,723.662230274219,54.3120006956925,1,610.768567050232,233.892718007939,1294.90723155435,516.933000584443
"1300:391:3",2015,"VL2440","OTB","MBS",26423.5464188976,614.506359505062,2367.72220112486,5033.07438110236,2365.37566974128,7021.86130753656,231.787915410574,2,6058.21812501391,2888.76743994082,14383.1130864934,7129.46386354625
"1300:391:3",2017,"VL2440","OTB","MBS",46257.3811092994,1688.13050672948,4481.19170039917,7971.33387262649,4721.08371561561,15038.2078606655,132.13158890221,3.6,10904.792625025,5199.78139189348,25572.1209354942,10401.7814859265
"1300:391:3",2018,"VL1824","OTB","MBS",1409.48572382311,10.5128508995593,118.433333579687,137.050939838047,73.7563884351881,441.585236536173,50.2788999583663,0.5,558.749049199518,265.414289475914,825.343623393832,333.479486899292
"1300:391:3",2018,"VL2440","OTB","MBS",39604.4164962512,103.00567845238,4326.05089419251,6920.88030161585,4520.47229322867,14591.6939183179,160.139157518646,3.5,10601.8817187743,5055.34301989643,18884.6756657701,4132.84258993357
"1300:391:3",2019,"VL1824","OTB","MBS",2692.18653109162,31.6535797173605,255.54558615143,263.471781241622,140.709300039575,862.89066166239,94.9451296388495,1,1117.49809839904,530.828578951828,1533.28486442453,575.449073123287
"1300:391:3",2019,"VL2440","OTB","MBS",33447.731166163,430.911439801099,2946.58047462371,6135.47683008531,3434.22511724158,12006.3351694978,231.530595959446,3,9087.32718752086,4333.15115991123,17029.2090241022,4791.34325864495
"1300:391:3",2020,"VL1824","OTB","MBS",1398.86954522424,18.844633344745,167.921564532694,130.876556658679,79.2298065046217,499.684688805204,54.9411522081479,0.5,558.749049199518,265.414289475914,774.271961397075,219.646120383724
"1300:391:3",2020,"VL2440","OTB","MBS",33301.9671403057,348.023939053881,3849.82699268204,6689.24763154151,3252.04517378179,12261.0377293777,70.4313976829095,3,9087.32718752086,4333.15115991123,15525.720121443,3194.25099438235
"1300:391:3",2021,"VL1218","OTB","MBS",5996.34455911298,0.959664086077943,402.213513974544,533.775780409395,268.44670745309,2092.00826630363,310.188456606745,2,1221.53713410046,467.785436015878,4325.08278534615,1922.88606243577
"1300:391:3",2021,"VL1824","OTB","MBS",2711.03231296234,13.2234177852726,233.187042619449,303.42137846543,140.953114980326,968.029904134345,144.942521967397,1,1117.49809839904,530.828578951828,1515.86561573058,402.893189628835
"1300:391:3",2021,"VL2440","OTB","MBS",14415.2754919161,129.672380434665,1315.18906584695,2182.02950269104,1545.62712092973,5015.23799419188,86.8367542145284,1,3029.10906250695,1444.38371997041,8057.71846291262,2955.64371450621
"1300:391:3",2022,"VL1218","OTB","MBS",3184.75980421472,0.0878627367221985,319.957572262566,197.880378043571,112.623470027054,1062.07222910437,123.168383881532,1,610.768567050232,233.892718007939,2320.49352861032,1135.25291562441
"1300:391:3",2022,"VL1824","OTB","MBS",3166.41090122162,26.3218051021463,273.736192741185,246.271614399456,113.080209167319,1062.88831765071,92.8966562772353,1,1117.49809839904,530.828578951828,2028.81611106398,873.031137136035
"1300:391:3",2022,"VL2440","OTB","MBS",29453.9077370488,271.055419748157,3102.99269262171,5584.74927265901,1397.38584292295,9917.89255972778,136.360712263786,2,6058.21812501391,2888.76743994082,16751.0679086525,6696.81463666091
"1300:391:3",2023,"VL1218","OTB","MBS",3237.11407982533,0.653085715682361,287.596832405921,390.81480165875,132.886166217218,1142.70823916639,171.007114866021,1,610.768567050232,233.892718007939,2192.57664725118,878.86129321877
"1300:391:3",2024,"VL1218","OTB","MBS",0,0,0,0,0,0,0,1,610.768567050232,233.892718007939,-233.892718007939,-233.892718007939
"1300:391:3",2024,"VL1824","OTB","MBS",0,0,0,0,0,0,0,1.5,1676.24714759855,796.242868427742,-796.242868427742,-796.242868427742
"1300:391:4",2015,"VL2440","OTB","MBS",13211.7732094488,307.253179752531,1183.86110056243,2516.53719055118,1182.68783487064,3510.93065376828,115.893957705287,1,3029.10906250695,1444.38371997041,7191.55654324669,3564.73193177312
"1300:391:4",2016,"VL2440","OTB","MBS",11202.5947539461,83.7746016713092,1082.61290668524,2325.17578644383,758.936040389972,2944.20385654596,64.5099103992572,1,3029.10906250695,1444.38371997041,5675.26090212801,2666.5471351828
"1300:391:4",2017,"VL2440","OTB","MBS",38547.8175910829,1406.77542227457,3734.32641699931,6642.77822718874,3934.23642967968,12531.8398838879,110.109657418509,3,9087.32718752086,4333.15115991123,21310.1007795785,8668.15123827206
"1300:391:4",2018,"VL1218","OTB","MBS",682.812043712953,0.150513365187406,42.0010620590953,77.1235020509816,28.801992945525,221.248041199937,40.8764405328044,0.3,183.23057011507,70.1678154023818,464.868184620157,202.743702887415
"1300:391:4",2018,"VL1824","OTB","MBS",4228.45717146933,31.5385526986778,355.30000073906,411.152819514142,221.269165305564,1324.75570960852,150.836699875099,1.5,1676.24714759855,796.242868427742,2476.0308701815,1000.43846069788
"1300:391:4",2018,"VL2440","OTB","MBS",33946.6427110724,88.2905815306112,3708.04362359358,5932.18311567073,3874.69053705315,12507.166215701,137.262135015983,3,9087.32718752086,4333.15115991123,16186.8648563744,3542.43650565736
"1300:391:4",2019,"VL2440","OTB","MBS",11149.2437220543,143.637146600366,982.193491541237,2045.15894336177,1144.74170574719,4002.11172316595,77.1768653198152,1,3029.10906250695,1444.38371997041,5676.40300803408,1597.11441954832
"1300:391:4",2020,"VL1824","OTB","MBS",8393.21727134543,113.06780006847,1007.52938719617,785.259339952071,475.37883902773,2998.10813283122,329.646913248887,3,3352.49429519711,1592.48573685548,4645.63176838245,1317.87672230234
"1300:391:4",2021,"VL1824","OTB","MBS",2711.03231296234,13.2234177852726,233.187042619449,303.42137846543,140.953114980326,968.029904134345,144.942521967397,1,1117.49809839904,530.828578951828,1515.86561573058,402.893189628835
"1300:391:4",2021,"VL2440","OTB","MBS",14415.2754919161,129.672380434665,1315.18906584695,2182.02950269104,1545.62712092973,5015.23799419188,86.8367542145284,1,3029.10906250695,1444.38371997041,8057.71846291262,2955.64371450621
"1300:391:4",2022,"VL1218","OTB","MBS",6369.51960842945,0.175725473444397,639.915144525132,395.760756087142,225.246940054108,2124.14445820874,246.336767763064,2,1221.53713410046,467.785436015878,4640.98705722063,2270.50583124882
"1300:391:4",2022,"VL1824","OTB","MBS",9499.23270366486,78.965415306439,821.208578223555,738.814843198369,339.240627501957,3188.66495295212,278.689968831706,3,3352.49429519711,1592.48573685548,6086.44833319193,2619.0934114081
"1300:391:4",2022,"VL2440","OTB","MBS",29453.9077370488,271.055419748157,3102.99269262171,5584.74927265901,1397.38584292295,9917.89255972778,136.360712263786,2,6058.21812501391,2888.76743994082,16751.0679086525,6696.81463666091
"1300:391:4",2023,"VL1824","OTB","MBS",9518.40937157437,266.017817992818,892.797477792478,992.124345114345,592.463514458514,3533.47938007938,297.854769419769,3,3352.49429519711,1592.48573685548,5714.55611534637,1883.22196584722
"1300:391:4",2024,"VL1218","OTB","MBS",0,0,0,0,0,0,0,2,1221.53713410046,467.785436015878,-467.785436015878,-467.785436015878
"1300:391:4",2024,"VL1824","OTB","MBS",0,0,0,0,0,0,0,1,1117.49809839904,530.828578951828,-530.828578951828,-530.828578951828
"1300:392:3",2013,"VL1218","OTB","MBS",347312.281826096,687.278613219962,35094.6881587205,24323.6637736613,28066.7918048385,126222.980006074,16772.7933130884,212,129482.936214649,49585.2562176831,210929.160484412,67933.3871652504
"1300:392:3",2013,"VL1824","OTB","MBS",1182995.38925255,3703.70503473466,86360.0424359617,136033.34415479,25538.9767098761,197613.567862685,68736.5910238965,590,659323.878055431,313188.861581578,625577.869405077,359227.710518496
"1300:392:3",2013,"VL2440","OTB","MBS",8791274.59521352,23035.4296670734,785952.939055255,2004902.50234269,805685.724504096,2470727.40983789,61141.1625344257,664,2011328.41750462,959070.790060352,4258698.06891821,1726829.49654589
"1300:392:3",2014,"VL1218","OTB","MBS",232111.160128068,0,16893.7889647812,24292.8392369264,12347.1745784418,84975.0925080043,9818.69027748132,121,73902.9966130781,28301.0188789607,150276.338468958,55482.5556834727
"1300:392:3",2014,"VL1824","OTB","MBS",1410484.09132874,3934.22048353572,128710.669337272,135765.458141998,82471.792337381,418752.974059293,66339.8371849907,602,672733.85523622,319558.804529,747911.587466624,262818.77622234
"1300:392:3",2014,"VL2440","OTB","MBS",9161167.87475905,71828.9808174897,483120.453145336,974733.014947046,667111.115146102,1649565.01295904,22268.5172770193,518,1569078.4943786,748190.766944672,6359841.50539338,4688007.97515732
"1300:392:3",2015,"VL1218","OTB","MBS",240874.477723346,48.099020233057,23099.8046263552,18362.1901269639,8360.58829497362,90457.7787842773,6789.00008696156,125,76346.070881279,29236.5897509924,161863.403944294,64616.6250730553
"1300:392:3",2015,"VL1824","OTB","MBS",1031105.90814897,8098.49126846522,98293.3389555448,104255.5957556,46615.0603509259,336059.269685831,36817.5158887579,480,536399.087231537,254797.717896877,535242.686458487,162365.900883898
"1300:392:3",2015,"VL2440","OTB","MBS",6922969.16175118,161000.666190326,620343.216694713,1318665.48784882,619728.425472216,1839727.66257458,60728.4338375703,524,1587253.14875364,756857.069264495,3768375.62866126,1867919.53224912
"1300:392:3",2016,"VL1218","OTB","MBS",405330.212711482,4471.02198332885,32973.8902118849,43406.7350766335,23914.6719935467,127451.394421619,21332.0129061576,133,81232.2194176809,31107.7314950559,278398.205917689,129614.798589913
"1300:392:3",2016,"VL1824","OTB","MBS",1064840.77544706,10514.2931588949,104281.096793841,117424.414193831,55676.0882424597,348683.652865078,31171.1505871461,350,391124.334439663,185790.00263314,612183.466742682,232328.663290458
"1300:392:3",2016,"VL2440","OTB","MBS",3226347.28913649,24127.085281337,311792.517125348,669650.626495822,218573.579632312,847930.710685237,18578.8541949861,288,872383.410002003,415982.511351478,1634475.13981287,767965.574932644
"1300:392:3",2017,"VL1218","OTB","MBS",164760.286698068,16.2042357576753,15979.4591715427,14969.7739194878,7829.5985095715,48903.8314033711,11530.6007699557,94,57412.2453027218,21985.9154927463,104011.743840478,43577.3116671508
"1300:392:3",2017,"VL1824","OTB","MBS",1144407.11822829,5099.23295895123,104647.210718001,142758.27945886,51376.6866403884,383325.719743604,34293.5845361327,416,464879.208933999,220824.68884396,629899.485526036,212280.181246299
"1300:392:3",2017,"VL2440","OTB","MBS",4908422.10659788,179129.403769628,475504.230431245,845847.094262033,500959.438712545,1595720.94521506,14020.6297112901,382,1157119.66187766,551754.581028696,2713486.16593299,1103744.59100664
"1300:392:3",2018,"VL1218","OTB","MBS",250364.416028083,55.1882339020487,15400.3894216683,28278.6174186932,10560.7307466925,81124.2817733102,14988.0281953616,110,67184.5423755255,25728.1989808733,170451.667694057,74339.3577253856
"1300:392:3",2018,"VL1824","OTB","MBS",1033153.03556234,7705.91970937695,86811.6335139103,100458.338901289,54063.4327229929,323681.978381015,36854.4336694825,366.5,409563.053063247,194548.674185845,604976.875947679,244440.463897181
"1300:392:3",2018,"VL2440","OTB","MBS",5442778.38134195,14155.9232387413,594522.994316171,951126.692879207,621242.049440855,2005315.6499174,22007.6956475625,481,1457001.45906584,694748.569305767,2595293.99863869,567970.653073728
"1300:392:3",2019,"VL1218","OTB","MBS",273075.1595085,342.693415268508,27653.1481357571,23962.5562954668,7453.63330684287,94664.9944747942,10791.6354920279,125.5,76651.4551648042,29353.5361099964,184994.979075705,79538.3491088833
"1300:392:3",2019,"VL1824","OTB","MBS",817078.612186307,9606.86144421891,77558.0853969591,79963.6856068324,42705.2725620109,261887.315814535,28815.8468453908,303.5,339160.672864107,161106.47371188,465351.956352844,174648.793692918
"1300:392:3",2019,"VL2440","OTB","MBS",3660296.71395043,47156.0752289002,322454.123272988,671425.681105669,375818.701996804,1313893.27871538,25337.1648844953,328.3,994456.505221033,474191.175266285,1863563.10753759,524332.663937712
"1300:392:3",2020,"VL1218","OTB","MBS",327235.376610561,204.455894704667,24892.0392591584,32183.8114229422,11258.2813752982,125331.09102139,16190.602891535,114.5,69933.0009272516,26780.716211909,232324.984235958,90803.2903230333
"1300:392:3",2020,"VL1824","OTB","MBS",668659.642617186,9007.73473878809,80266.5078466279,62558.9940828483,37871.8475092092,238849.281248887,26261.8707554947,239,267082.04551737,126868.030369487,370101.997547802,104990.84554342
"1300:392:3",2020,"VL2440","OTB","MBS",3535558.84472912,36948.5415295537,408723.29905641,710175.123548657,345258.795949833,1301713.50560227,7477.46672066889,318.5,964771.236408465,460036.214810575,1648313.9528932,339122.98057026
"1300:392:3",2021,"VL1218","OTB","MBS",257842.816041858,41.2655557013515,17295.1811009054,22952.358557604,11543.2084204829,89956.3554510563,13338.10363409,86,52526.09676632,20114.7737486828,185978.559769884,82684.1006847381
"1300:392:3",2021,"VL1824","OTB","MBS",481208.235550815,2347.15665688589,41390.7000649522,53857.2946776138,25019.1779090079,171825.307983846,25727.297649213,177.5,198355.912465829,94222.0727639494,269066.146792178,71513.5411591183
"1300:392:3",2021,"VL2440","OTB","MBS",3128114.78174579,28138.9065543224,285396.027288788,473500.402083956,335401.085241752,1088306.64473964,18843.5756645527,217,657316.666564009,313431.267233579,1748524.90645204,641374.686047848
"1300:392:3",2022,"VL0612","OTB","MBS",1691.67878419453,17.1515501519757,371.589544072948,90.3711854103343,87.8865045592705,363.45914893617,327.870433130699,1,190.073056217134,94.2825871007532,1064.7005132032,373.370931136329
"1300:392:3",2022,"VL1218","OTB","MBS",197455.107861313,5.44748967677631,19837.3694802791,12268.5834387014,6982.65514167735,65848.478204471,7636.43980065499,62,37867.6511571144,14501.3485164922,143870.59877384,70385.6807687135
"1300:392:3",2022,"VL1824","OTB","MBS",497126.511491794,4132.52340103697,42976.582260366,38664.6434607147,17753.5928392691,166873.465871161,14584.7750355259,157,175447.201448649,83340.086895437,318524.129437045,137065.888530357
"1300:392:3",2022,"VL2440","OTB","MBS",2967481.20450767,27308.8335396268,312626.513781637,562663.489220395,140786.623674487,999227.675392573,13738.3417605764,201.5,610365.476095151,291043.319574038,1687670.09179674,674704.074643587
"1300:392:3",2023,"VL1218","OTB","MBS",121391.77799345,24.4907143380885,10784.881215222,14655.5550622031,4983.23123314568,42851.5589687396,6412.76680747578,37.5,22903.8212643837,8770.97692529772,82221.6242719192,32957.2984957039
"1300:392:3",2023,"VL1824","OTB","MBS",525098.916998519,14675.3162926038,49252.6608582184,54732.193038808,32684.2372142947,194930.279134379,16431.6547796573,165.5,184945.93528504,87852.1298165275,315253.012363275,103891.078449238
"1300:392:3",2023,"VL2440","OTB","MBS",2077758.88762797,70943.9748724135,235860.808065943,434956.796449847,213821.25121648,749045.095724227,17540.4618923015,139,421046.159688467,200769.337075887,1063294.66969223,296709.112075702
"1300:392:3",2024,"VL1218","OTB","MBS",0,0,0,0,0,0,0,40,24430.7426820093,9355.70872031757,-9355.70872031757,-9355.70872031757
"1300:392:3",2024,"VL1824","OTB","MBS",0,0,0,0,0,0,0,104.5,116778.551282699,55471.586500466,-55471.586500466,-55471.586500466
"1300:392:3",2024,"VL2440","OTB","MBS",0,0,0,0,0,0,0,77.5,234755.952344289,111939.738297707,-111939.738297707,-111939.738297707
"1400:100:1",2013,"VL0612","OTB","MBS",738.950688611426,0,81.1926106696935,97.3172606886114,27.2575898600076,241.311153991676,61.1345819144911,1,190.073056217134,94.2825871007532,438.900640292361,136.454904386193
"1400:100:1",2013,"VL1218","OTB","MBS",5173642.38682458,10237.8578327766,522778.420779431,362330.802817087,418089.285470189,1880246.0889584,249851.326805345,3158,1928807.13474463,738633.203469072,3142048.53212157,1011951.11635783
"1400:100:1",2013,"VL1824","OTB","MBS",7256373.41305928,22718.1500350927,529723.717924992,834414.699146077,156653.485954308,1212141.52897467,421623.259178782,3619,4044225.61810611,1921068.62722666,3837231.03284233,2203466.24468887
"1400:100:1",2013,"VL2440","OTB","MBS",30597342.755329,80173.0089768172,2735447.65385044,6977906.14896679,2804126.06826652,8599173.25924002,212797.028037738,2311,7000271.04345357,3337970.77685162,14822065.1163705,6010094.82909269
"1400:100:1",2014,"VL1218","OTB","MBS",3919033.88546813,0,285239.759132628,410167.525297856,208473.369121956,1434744.74375085,165781.687908218,2043,1247800.18248362,477842.82289022,2537310.40902547,936783.977366402
"1400:100:1",2014,"VL1824","OTB","MBS",4962467.28477453,13841.6594420742,452839.198764687,477659.86768231,290158.232841483,1473287.04162389,233401.619863472,2118,2366860.97240916,1124294.93021997,2631356.71470816,924668.053220791
"1400:100:1",2014,"VL2440","OTB","MBS",15634116.6048012,122580.731742589,824475.831236443,1663443.98689805,1138467.61735358,2815087.78273319,38002.6433839479,884,2677732.41125615,1276835.20845384,10853474.6926018,8000384.2664847
"1400:100:1",2015,"VL1218","OTB","MBS",3137149.19786886,626.441639515334,300851.855453649,239149.164213578,108888.301953736,1178122.11088643,88419.9371325874,1628,994331.227157778,380777.344916925,2108108.97297049,841566.924951473
"1400:100:1",2015,"VL1824","OTB","MBS",4324200.40229974,33963.047757126,412217.690244816,437221.904700049,195491.909346695,1409348.56224495,154403.457258478,2013,2249523.67207726,1068557.92943003,2244674.01633528,680921.996831848
"1400:100:1",2015,"VL2440","OTB","MBS",10120218.2784378,235355.935690439,906837.603030821,1927667.4879622,905938.881510911,2689372.8807865,88774.7716022497,766,2320297.54188033,1106397.92949733,5508732.31212696,2730584.65973821
"1400:100:1",2016,"VL1218","OTB","MBS",4982818.78032536,54963.3153589675,405355.718018284,533609.111656359,293988.636913149,1566789.69834095,262239.406778704,1635,998606.60712713,382414.593942981,3422414.03515355,1593384.93003389
"1400:100:1",2016,"VL1824","OTB","MBS",5415475.94370219,53472.6909223798,530343.863694392,597187.020757199,283152.677347366,1773305.43457097,158527.5658432,1780,1989146.61515028,944874.870534253,3113390.20229136,1181557.20187719
"1400:100:1",2016,"VL2440","OTB","MBS",6228642.68319406,46578.6785292479,601932.776116992,1292797.73726277,421968.438456825,1636977.34423955,35867.510181987,556,1684184.63875387,803077.348303548,3155445.06158317,1482600.20716163
"1400:100:1",2017,"VL1218","OTB","MBS",3109412.21917418,305.811853554425,301569.793301242,282514.669501822,147762.848467871,922929.754357237,217609.423041504,1774,1083503.43794711,414925.681746084,1962945.03801072,822405.860611974
"1400:100:1",2017,"VL1824","OTB","MBS",5419427.93968687,24147.8099258027,495564.916140534,676042.813783544,243298.251638378,1815268.43243966,162399.907538898,1970,2201471.2538461,1045732.3005351,2982937.46751512,1005269.12753656
"1400:100:1",2017,"VL2440","OTB","MBS",7992247.51388451,291671.437551594,774250.34379119,1377269.35243713,815698.35308692,2598268.13592609,22829.4023047708,622,1884105.83687933,898406.673821595,4418294.22829927,1797196.69006841
"1400:100:1",2018,"VL1218","OTB","MBS",4659509.38629719,1027.10320403886,286615.247491266,526290.777995898,196544.799860263,1509796.63314837,278940.830195858,2047.2,1250365.41046524,478825.172305853,3172260.49184795,1383523.02850372
"1400:100:1",2018,"VL1824","OTB","MBS",5884039.10267195,43886.9473653001,494411.79436176,572132.853447912,307903.419161536,1843441.72844391,209894.295766196,2087.3,2332553.78078831,1107998.49284615,3445479.49021989,1392143.46600979
"1400:100:1",2018,"VL2440","OTB","MBS",7632336.83620612,19850.6657474658,833691.808037957,1333752.50383997,871159.589080783,2812027.87083012,30861.1033560934,674.5,2043134.06266094,974236.819120041,3639346.78187484,796457.807688629
"1400:100:1",2019,"VL0612","OTB","MBS",180.156350466209,0,10.6108453417585,18.3659875163751,23.9943407567234,19.6675733990907,59.4424921014102,0.2,38.0146112434268,18.8565174201506,108.328659431202,29.2185939307009
"1400:100:1",2019,"VL1218","OTB","MBS",4812432.91063705,6039.32292071202,487334.404237881,422294.707240509,131356.181551748,1668291.38071635,190182.153129227,2211.7,1350836.839745,517300.524418159,3260186.41610946,1401712.88226388
"1400:100:1",2019,"VL1824","OTB","MBS",6469324.23421317,76063.5520608173,614076.043521887,633122.690323618,338124.447995098,2073526.25997472,228153.146522155,2403,2685347.93045288,1275581.07522124,3684483.52921214,1382804.12271526
"1400:100:1",2019,"VL2440","OTB","MBS",10112364.0559033,130278.891966532,890849.496827902,1854959.16162912,1038280.72711271,3629915.33291151,69999.4168450724,907,2747401.91969381,1310056.03401316,5148497.52828691,1448582.77853032
"1400:100:1",2020,"VL1218","OTB","MBS",5563572.99255703,3476.10733817969,423208.14695025,547181.010454512,191410.448500375,2130847.46629991,275268.529685164,1946.7,1188983.16947669,455318.954146055,3949930.53984402,1543814.54385894
"1400:100:1",2020,"VL1824","OTB","MBS",6588675.55800616,88758.2230537487,790910.56894899,616428.581862376,373172.388636768,2353514.88427251,258772.826900377,2355,2631708.02172973,1250101.30343155,3646820.93818022,1034533.22700734
"1400:100:1",2020,"VL2440","OTB","MBS",10090496.0435126,105451.253533326,1166497.57878266,2026842.03235708,985369.687655882,3715094.43200145,21340.7134979216,909,2753460.13781882,1312944.8014531,4704293.19679723,967858.05129785
"1400:100:1",2021,"VL1218","OTB","MBS",3954589.23673501,632.898464768403,265259.812466212,352025.127179996,177040.603565313,1379679.45162725,204569.287132148,1319,805603.739939256,308504.495052472,2852392.09693578,1268143.35817639
"1400:100:1",2021,"VL1824","OTB","MBS",4274755.75107901,20850.6851638179,367689.328802347,478434.82956429,222254.871700978,1526389.55283904,228545.368638192,1576.8,1762071.0015556,837010.503291242,2390216.90288398,635281.981406748
"1400:100:1",2021,"VL2440","OTB","MBS",7942816.79604576,71449.4816195006,724669.175281669,1202298.25598276,851640.543632282,2763396.13479972,47847.0515722051,551,1669039.09344133,795855.429703696,4439802.87306485,1628559.68669292
"1400:100:1",2022,"VL1218","OTB","MBS",3568523.3606226,98.4501964972234,358512.459720205,221724.963597821,126194.598165314,1190051.93271145,138010.174139257,1120.5,684366.179379785,262076.790527896,2600112.99880786,1272050.89195715
"1400:100:1",2022,"VL1824","OTB","MBS",4504219.50698775,37442.7677578032,389389.734174336,350321.371483227,160856.597540511,1511958.63185813,132145.493554367,1422.5,1589641.04497263,755103.653558975,2885990.91798851,1241886.79257601
"1400:100:1",2022,"VL2440","OTB","MBS",4300270.52960913,39574.0912832309,453036.933122769,815373.393808216,204018.333066751,1448012.31372026,19908.6639905127,292,884499.84625203,421760.04623136,2445655.91466326,977734.936952493
"1400:100:1",2023,"VL1218","OTB","MBS",3216072.83830646,648.840658530425,285727.452995283,388274.505447969,132022.406136806,1135280.63561181,169895.568619392,993.5,606798.571364406,232372.415340888,2178324.89904405,873148.694812849
"1400:100:1",2023,"VL1824","OTB","MBS",4315012.24844705,120594.744156744,404734.856599257,449763.036451836,268583.45988786,1601843.98563599,135027.495470295,1360,1519797.41382269,721926.867374486,2590598.77229035,853727.291184073
"1400:100:1",2023,"VL2440","OTB","MBS",4267627.06775386,145715.862058087,484447.918725372,893382.48479447,439179.620304352,1538506.29373573,36027.3515845473,285.5,864810.637345735,412371.552051552,2183961.3539362,609427.708615919
"1400:100:1",2024,"VL1218","OTB","MBS",0,0,0,0,0,0,0,862,526482.5047973,201615.522922844,-201615.522922844,-201615.522922844
"1400:100:1",2024,"VL1824","OTB","MBS",0,0,0,0,0,0,0,1333,1489624.96516591,707594.495742786,-707594.495742786,-707594.495742786
"1400:100:1",2024,"VL2440","OTB","MBS",0,0,0,0,0,0,0,302,914790.9368771,436203.883431064,-436203.883431064,-436203.883431064
"1400:100:2",2013,"VL1218","OTB","MBS",3276.53096062355,6.48376050207511,331.081963761514,229.468526166616,264.781054762628,1190.78283024598,158.233899180079,2,1221.53713410046,467.785436015878,1989.89774041898,640.881010992928
"1400:100:2",2013,"VL1824","OTB","MBS",6015.23079280957,18.8323984817016,439.118859843873,691.694970278593,129.85920360954,1004.81475184416,349.508089952016,3,3352.49429519711,1592.48573685548,3180.90442070378,1826.58157890761
"1400:100:2",2014,"VL0612","OTB","MBS",29873.1108227848,0,6572.4032278481,371.149746835443,331.541582278481,5080.97791139241,5080.97791139241,51,9693.72586707385,4808.41194213841,17789.6043236844,7627.64850089956
"1400:100:2",2014,"VL1218","OTB","MBS",6491439.38738333,0,472467.618651402,679396.429568255,345312.717135927,2376493.49625691,274598.742966916,3384,2066840.83089799,791492.957738866,4202769.66428888,1551677.42506505
"1400:100:2",2014,"VL1824","OTB","MBS",9118943.66021836,25435.1928935565,832129.443622361,877739.473569194,533189.727204463,2707286.66949962,428894.761335521,3892,4349302.59896905,2065984.82928051,4835335.37943538,1699153.94860025
"1400:100:2",2014,"VL2440","OTB","MBS",34876106.2722487,273449.324656544,1839215.31583514,3710759.66308026,2539658.53101952,6279811.20763557,84775.1275488069,1972,5973403.07126371,2848324.69578165,24211597.3911887,17847011.0560043
"1400:100:2",2015,"VL0612","OTB","MBS",24802.5985354573,0,1178.29457862282,3205.64568345324,1443.67317574512,9184.55267214799,0,25,4751.82640542836,2357.06467751883,16617.9204201173,7433.36774796935
"1400:100:2",2015,"VL1218","OTB","MBS",5686564.67009276,1135.52166966201,545340.187618993,433494.584517363,197376.768467737,2135527.24153922,160274.714052989,2951,1802378.04136524,690217.410841429,3821271.2403169,1525469.28472469
"1400:100:2",2015,"VL1824","OTB","MBS",7844997.45116675,61616.0210675729,747848.487220103,793211.324373859,354662.917503294,2556850.94352637,280119.933386966,3652,4081103.05535328,1938585.97033207,4072304.77280499,1235333.89589166
"1400:100:2",2015,"VL2440","OTB","MBS",26000769.6761953,604674.257752981,2329838.64590686,4952545.19100472,2327529.65902542,6909511.52661597,228079.308764004,1968,5961286.63501368,2842547.16090177,14152983.2771095,7015392.44172951
"1400:100:2",2016,"VL0612","OTB","MBS",32865.784256573,0,2154.29388485947,3954.48851767906,733.706187669991,10707.6766772439,3663.15241160471,67,12734.894766548,6316.93333575046,19706.362330614,5335.5332417654
"1400:100:2",2016,"VL1218","OTB","MBS",10105826.9575284,111472.999223447,822115.939418123,1082231.07905351,596248.513763915,3177660.33009089,531856.802983598,3316,2025308.56833857,775588.252914326,6941116.17160194,3231599.03852746
"1400:100:2",2016,"VL1824","OTB","MBS",11704121.323271,115567.102235053,1146198.22675973,1290662.06115334,611959.74705355,3832531.4644913,342615.47516786,3847,4299015.18454109,2042097.54322768,6728770.84731171,2553623.90765255
"1400:100:2",2016,"VL2440","OTB","MBS",21822654.5806871,163192.92405571,2108929.94222284,4529442.43199257,1478407.40667967,5735309.11255153,125665.305457753,1948,5900704.45376355,2813659.48650236,11055408.2373454,5194433.81933608
"1400:100:2",2017,"VL1218","OTB","MBS",5531738.98743727,544.048596289608,536501.841972221,502602.1967011,262874.605278805,1641920.12669191,387133.78755298,3156,1927585.59761053,738165.418033056,3492138.97404838,1463085.05980349
"1400:100:2",2017,"VL1824","OTB","MBS",10052075.9855918,44789.8971923265,919184.874912442,1253939.31043912,451275.031211488,3367000.4325556,301222.975709204,3654,4083338.05155008,1939647.62748998,5532819.03873109,1864595.63046629
"1400:100:2",2017,"VL2440","OTB","MBS",26170113.3625861,955059.834182204,2535234.20450083,4509782.13843844,2670953.11210953,8507866.09717149,74753.4464214255,2036.7,6169386.42760791,2941776.32246373,14467427.4192558,5884807.87566289
"1400:100:2",2018,"VL1218","OTB","MBS",3197153.59267862,704.753746929162,196662.972914704,361117.944436713,134860.531635263,1035957.07824517,191397.120054768,1404.7,857946.606135461,328549.100985752,2176667.79645311,949313.598153174
"1400:100:2",2018,"VL1824","OTB","MBS",6772860.8001148,50516.3511425622,569095.85451711,658557.176109785,354414.197708766,2121905.37860362,241600.170079942,2402.6,2684900.93121352,1275368.74378966,3965941.17913204,1602435.63044848
"1400:100:2",2018,"VL2440","OTB","MBS",18276872.4356414,47535.6490960811,1996410.68694279,3193887.38947712,2086133.38514941,6733858.29053344,73901.933492605,1615.2,4892616.95776123,2332968.58449621,8715008.03867196,1907247.81464592
"1400:100:2",2019,"VL1218","OTB","MBS",3144824.92460267,3946.57205647469,318462.908371392,275960.817640145,85838.5356046215,1090193.75708701,124280.085869545,1445.3,882743.809957701,338045.145336875,2130464.08970611,915990.246749554
"1400:100:2",2019,"VL1824","OTB","MBS",5483983.96383363,64478.3418842633,520546.358990464,536692.018389185,286624.844180614,1757708.27780629,193403.229074337,2037,2276343.62643884,1081297.81532487,3123301.26883276,1172189.76195214
"1400:100:2",2019,"VL2440","OTB","MBS",15475150.2862114,199368.359481308,1363284.56625924,2838680.61338614,1588901.48757711,5554931.07175433,107121.489063903,1388,4204403.37875965,2004804.60331893,7878847.3751513,2216794.81433306
"1400:100:2",2020,"VL1218","OTB","MBS",4752772.32579357,2969.52098597258,361532.412995462,467438.239269458,163515.475346034,1820310.95518403,235152.599201946,1663,1015708.12700454,388963.590047203,3374292.12912139,1318828.57473541
"1400:100:2",2020,"VL1824","OTB","MBS",5231772.09913865,70478.9287093461,628026.651352277,489478.321903458,296319.476327285,1868820.73613146,205479.909258473,1870,2089721.4440062,992649.442639918,2895777.13562506,821476.490235125
"1400:100:2",2020,"VL2440","OTB","MBS",14214389.6410538,148548.217986165,1643234.48804312,2855193.86406297,1388081.28167586,5233419.60415606,30062.4682443219,1280.5,3878774.15454015,1849533.35342211,6626894.87183592,1363412.79943553
"1400:100:2",2021,"VL1218","OTB","MBS",7729288.13669663,1237.00700695447,518453.219513187,688036.98094771,346027.805907033,2696598.65526538,399832.920566094,2578,1574561.3658555,602975.427024467,5575031.71031118,2478600.13447971
"1400:100:2",2021,"VL1824","OTB","MBS",9141600.95930901,44589.3647719393,786306.707712783,1023136.88818543,475293.903713659,3264196.83674101,488746.184074064,3372,3768203.58780155,1789953.96822556,5111498.85624351,1358555.83542844
"1400:100:2",2021,"VL2440","OTB","MBS",25399715.4167561,228482.73432588,2317363.13402233,3844735.98374162,2723394.98707819,8836849.34576609,153006.360925999,1762,5337290.16813725,2545004.11458786,14197699.931652,5207844.22495995
"1400:100:2",2022,"VL1218","OTB","MBS",7062204.86584615,194.835618681475,709505.91649224,438799.738311619,249742.544784992,2355145.16803894,273125.891257297,2217.5,1354379.29743389,518657.102182605,5145694.39969337,2517423.34039713
"1400:100:2",2022,"VL1824","OTB","MBS",9282333.55693118,77162.371656942,802457.649020784,721945.237612006,331494.633173996,3115857.10319305,272326.547876715,2931.5,3275945.67545677,1556123.97919728,5947474.42958405,2559290.77851429
"1400:100:2",2022,"VL2440","OTB","MBS",22797324.5884758,209796.894885074,2401716.3440892,4322595.93703808,1081576.64242236,7676448.8412293,105543.19129217,1548,4689060.82876076,2235905.99851419,12965326.561297,5183334.52877554
"1400:100:2",2023,"VL1218","OTB","MBS",7335300.50488419,1479.89223173623,651694.422231818,885586.340558728,301120.052648216,2589376.86995104,387502.122286403,2266,1384001.57293583,530000.89900599,4968378.68267117,1991499.69043373
"1400:100:2",2023,"VL1824","OTB","MBS",9672290.32308149,270318.439383702,907231.03701679,1008163.68869369,602041.674608927,3590603.96339066,302670.088192056,3048.5,3406692.95296946,1618230.92293465,5806941.43921114,1913667.38762842
"1400:100:2",2023,"VL2440","OTB","MBS",22601233.3675791,771707.122353159,2565622.6028468,4731328.60598682,2325882.96287278,8147886.22111534,190799.844468776,1512,4580012.90251051,2183908.18459526,11566198.1336306,3227512.06804648
"1400:100:2",2024,"VL1218","OTB","MBS",0,0,0,0,0,0,0,1876.5,1146107.21606976,438899.685341898,-438899.685341898,-438899.685341898
"1400:100:2",2024,"VL1824","OTB","MBS",0,0,0,0,0,0,0,2867.5,3204425.79715924,1522150.95014437,-1522150.95014437,-1522150.95014437
"1400:100:2",2024,"VL2440","OTB","MBS",0,0,0,0,0,0,0,1363.5,4130190.20672823,1969417.20217965,-1969417.20217965,-1969417.20217965
"1400:100:3",2014,"VL1824","OTB","MBS",2342.99682944973,6.53524997265069,213.805098566896,225.524016847172,136.996332786347,695.602946942348,110.199065091347,1,1117.49809839904,530.828578951828,1242.37805227014,436.576040236445
"1400:100:3",2015,"VL2440","OTB","MBS",39635.3196283464,921.759539257593,3551.58330168729,7549.61157165354,3548.06350461192,10532.7919613048,347.68187311586,3,9087.32718752086,4333.15115991123,21574.6696297401,10694.1957953194
"1400:100:3",2016,"VL1824","OTB","MBS",3042.40221556303,30.0408375968426,297.945990839546,335.498326268089,159.074537835599,996.239008185938,89.0604302489889,1,1117.49809839904,530.828578951828,1749.09561926481,663.796180829881
"1400:100:3",2018,"VL1218","OTB","MBS",4552.08029141969,1.0034224345827,280.007080393969,514.156680339877,192.0132863035,1474.98694133291,272.50960355203,2,1221.53713410046,467.785436015878,3099.12123080104,1351.6246859161
"1400:100:3",2018,"VL1824","OTB","MBS",21142.2858573466,157.692763493389,1776.5000036953,2055.76409757071,1106.34582652782,6623.7785480426,754.183499375494,7.5,8381.23573799277,3981.21434213871,12380.1543509075,5002.19230348938
"1400:100:3",2018,"VL2440","OTB","MBS",11315.5475703575,29.4301938435371,1236.01454119786,1977.39437189024,1291.56351235105,4169.05540523368,45.7540450053275,1,3029.10906250695,1444.38371997041,5395.62161879145,1180.81216855245
"1400:100:3",2019,"VL1218","OTB","MBS",3263.84652799004,4.09593723428495,330.515714770005,286.405055324304,89.0872506793969,1131.45411722862,128.983691139775,1.5,916.152850575348,350.839077011909,2211.09536743871,950.657559070319
"1400:100:3",2019,"VL1824","OTB","MBS",5384.37306218324,63.307159434721,511.091172302861,526.943562483245,281.418600079149,1725.78132332478,189.890259277699,2,2234.99619679807,1061.65715790366,3066.56972884905,1150.89814624657
"1400:100:3",2019,"VL2440","OTB","MBS",16723.8655830815,215.455719900549,1473.29023731185,3067.73841504265,1717.11255862079,6003.16758474892,115.765297979723,1.5,4543.66359376043,2166.57557995561,8514.60451205111,2395.67162932247
"1400:100:3",2020,"VL1824","OTB","MBS",1398.86954522424,18.844633344745,167.921564532694,130.876556658679,79.2298065046217,499.684688805204,54.9411522081479,0.5,558.749049199518,265.414289475914,774.271961397075,219.646120383724
"1400:100:3",2020,"VL2440","OTB","MBS",11100.6557134352,116.007979684627,1283.27566422735,2229.74921051384,1084.01505792726,4087.01257645925,23.4771325609698,1,3029.10906250695,1444.38371997041,5175.240040481,1064.75033146078
"1400:100:3",2021,"VL1218","OTB","MBS",5996.34455911298,0.959664086077943,402.213513974544,533.775780409395,268.44670745309,2092.00826630363,310.188456606745,2,1221.53713410046,467.785436015878,4325.08278534615,1922.88606243577
"1400:100:3",2021,"VL1824","OTB","MBS",2711.03231296234,13.2234177852726,233.187042619449,303.42137846543,140.953114980326,968.029904134345,144.942521967397,1,1117.49809839904,530.828578951828,1515.86561573058,402.893189628835
"1400:100:4",2013,"VL0612","OTB","MBS",118971.06086644,0,13072.0103178207,15668.0789708664,4388.47196746122,38851.0957926599,9842.66768823307,161,30601.7620509586,15179.4965232213,70663.0030870701,21969.2396061772
"1400:100:4",2013,"VL1218","OTB","MBS",7893163.08414212,15619.3790494989,797576.450701488,552789.679535378,637857.56092317,2868595.83806256,381185.46312481,4818,2942682.95604802,1126895.11536225,4793663.65666933,1543882.35548196
"1400:100:4",2013,"VL1824","OTB","MBS",12852543.1273031,40238.5580892358,938250.630533075,1477921.58649526,277465.831712383,2146954.18644035,746782.285530808,6410,7163162.81073782,3402611.19108122,6796532.44557041,3902795.97359925
"1400:100:4",2013,"VL2440","OTB","MBS",24798279.0916189,64977.9514554645,2217002.79344954,5655395.16097568,2272664.70180146,6969386.20275057,172465.95998039,1873,5673521.27407552,2705330.70750458,12012863.6793431,4871011.51661212
"1400:100:4",2014,"VL0612","OTB","MBS",79661.6288607595,0,17526.4086075949,989.732658227848,884.110886075949,13549.2744303797,13549.2744303797,136,25849.9356455303,12822.4318457024,47438.9448631583,20340.3960023988
"1400:100:4",2014,"VL1218","OTB","MBS",4997103.90193073,0,363705.126059959,522998.72902639,265821.403114388,1829422.4461434,211385.85266809,2605,1591052.11716586,609290.530410682,3235288.11331931,1194479.81450782
"1400:100:4",2014,"VL1824","OTB","MBS",6745487.87198578,18814.9846712614,615544.878774095,649283.644503008,394412.442091894,2002640.88424702,317263.108397987,2879,3217277.02529082,1528255.47880231,3576806.41248573,1256902.41984073
"1400:100:4",2014,"VL2440","OTB","MBS",3996957.41253966,31338.5128663179,210782.282646421,425269.616559908,291056.200816639,719694.387893327,9715.60792395049,226,684578.648126572,326430.720713313,2774757.1046697,2045347.10885242
"1400:100:4",2015,"VL0612","OTB","MBS",106155.121731757,0,5043.10079650565,13720.1635251799,6178.92119218911,39309.8854367934,0,107,20337.8170152334,10088.2368197806,71124.6993981022,31814.8139613088
"1400:100:4",2015,"VL1218","OTB","MBS",4141114.02101977,826.918355846716,397131.841136298,315682.772662763,143735.233967187,1555150.1328593,116716.489495043,2149,1312541.65059095,502635.450999061,2782755.64061031,1110889.01825597
"1400:100:4",2015,"VL1218","OTB","NAO",33238750.93,6637.28,3187588.24,2533835.34,1153694.3,12482449.81,936827.7,1,610.768567050232,233.892718007939,26370036.437282,12950758.927282
"1400:100:4",2015,"VL1824","OTB","MBS",6526041.14365952,51256.7009866611,622114.924472802,659851.04146982,295034.486137735,2126975.12771991,233024.194312597,3038,3394959.22293627,1612657.22285565,3387640.16971018,1027640.84767767
"1400:100:4",2015,"VL2440","OTB","MBS",2787684.1471937,64830.420927784,249794.692218673,530989.347206299,249547.133157705,740806.367945107,24453.6250758155,211,639142.012188967,304764.964913756,1517418.43062505,752158.437604129
"1400:100:4",2016,"VL0612","OTB","MBS",60335.6934859474,0,3954.89772892112,7259.73265185857,1346.95315049864,19657.376586582,6724.89174070716,123,23378.9859147075,11596.7582133926,36177.3517412764,9795.08341398723
"1400:100:4",2016,"VL1218","OTB","MBS",5887954.66886152,64947.4772315139,478989.142025276,630539.941113202,347392.077379941,1851399.2031772,309875.555899973,1932,1180004.87154105,451880.731191339,4044100.25438328,1882825.49530611
"1400:100:4",2016,"VL1824","OTB","MBS",7965009.000344,78646.9128285338,780022.604017931,878334.618169858,416457.140053598,2608153.72343078,233160.206391853,2618,2925610.02160868,1389709.21969588,4579132.33123527,1737818.40141263
"1400:100:4",2016,"VL2440","OTB","MBS",2408557.87209842,18011.5393593315,232761.774937326,499912.794085422,163171.248683844,633003.829157382,13869.6307358403,215,651258.448438995,310542.499793638,1220181.09395752,573307.634064301
"1400:100:4",2017,"VL1218","OTB","MBS",3263655.89182769,320.981776391397,316529.28699375,296528.925937088,155092.685370448,968712.064607202,228404.028017633,1862,1137251.07184753,435508.240930783,2060317.73437201,863201.64174718
"1400:100:4",2017,"VL1824","OTB","MBS",7240575.80571363,32262.4546825953,662094.852427353,903220.652730095,325056.344320919,2425272.34222396,216972.87139207,2632,2941254.99498626,1397140.81980121,3985325.59111665,1343080.37750062
"1400:100:4",2017,"VL2440","OTB","MBS",1978787.96967559,72214.4716767611,191695.422739298,340995.948995689,201957.47005689,643301.114039579,5652.29574748344,154,466482.795626071,222435.092875443,1093918.50668503,444965.096897965
"1400:100:4",2018,"VL1218","OTB","MBS",7522995.49361474,1658.30608651311,462753.701413093,849721.037763698,317330.75760948,2437637.16859384,450362.996310262,3305.3,2018773.34467113,773085.600831642,5121762.70208335,2233762.53717924
"1400:100:4",2018,"VL1824","OTB","MBS",13092712.8885929,97653.8720060061,1100127.23562171,1273066.18015562,685123.092174463,4101885.26218451,467040.701713264,4644.5,5190219.91801432,2465433.33494176,7666616.9177053,3097690.95380753
"1400:100:4",2018,"VL2440","OTB","MBS",3946862.99254069,10265.2516126257,431121.871969814,689715.156915317,450497.353108046,1454166.52534551,15959.0108978582,348.8,1056553.24100243,503801.041525679,1881992.82063446,411867.284391094
"1400:100:4",2019,"VL1218","OTB","MBS",6918484.28026476,8682.29468675495,700605.177788473,607102.342606105,188841.21484014,2398381.00742674,273411.029565353,3179.6,1941999.73579292,743685.286178043,4686932.55353875,2015140.51654666
"1400:100:4",2019,"VL1824","OTB","MBS",13783995.0391891,162066.328152886,1308393.40109532,1348975.51995711,720431.616202622,4418000.18771144,486119.06375091,5120,5721590.26380306,2717842.32423336,7850418.50585358,2946299.25439123
"1400:100:4",2019,"VL2440","OTB","MBS",7336202.36911174,94513.242463041,646283.317434134,1345714.58473204,753240.042381654,2633389.51384319,50782.3773804384,658,1993153.76312958,950404.48774053,3735073.17928642,1050901.28806279
"1400:100:4",2020,"VL1218","OTB","MBS",6903666.16367225,4313.39440391784,525145.939165266,678980.042561216,237515.323058256,2644102.91241284,341572.23008552,2415.6,1475372.55056654,564991.249619978,4901347.00367145,1915671.86117309
"1400:100:4",2020,"VL1824","OTB","MBS",13205328.5069168,177893.338774392,1585179.56918863,1235474.69485793,747929.373403629,4717023.46232112,518644.476844916,4720,5274591.02444345,2505510.89265263,7309127.31558839,2073459.37642235
"1400:100:4",2020,"VL2440","OTB","MBS",6011005.06882518,62818.3209992255,694893.772179108,1207409.19749324,586994.153867613,2213117.31015268,12712.8672817652,541.5,1640262.55734752,782133.784363977,2802392.48192046,576562.304486013
"1400:100:4",2021,"VL1218","OTB","MBS",5792468.84410314,927.035507151292,388538.254499409,515627.403875476,259319.519399685,2020879.98524931,299642.049082115,1932,1180004.87154105,451880.731191339,4178029.97064438,1857507.93631295
"1400:100:4",2021,"VL1824","OTB","MBS",8341846.42698511,40688.4565252839,717516.530140045,933627.581538128,433712.734794463,2978628.01502138,445988.140093682,3077,3438541.64877383,1633359.53743477,4664318.49960299,1239702.34448793
"1400:100:4",2021,"VL2440","OTB","MBS",4396659.02503441,39550.0760325729,401132.66508332,665518.998320768,471416.271883568,1529647.58822852,26485.2100354312,305,923878.264064621,440537.034590975,2457604.13118835,901471.332924395
"1400:100:4",2022,"VL1218","OTB","MBS",5180011.82155525,142.908741278656,520410.991285063,321852.434887868,183182.073999003,1727460.48063826,200333.376383312,1626.5,993415.074307203,380426.505839913,3774282.72428468,1846488.86726311
"1400:100:4",2022,"VL1824","OTB","MBS",8009436.37464009,66581.0060058791,692415.699538827,622944.048623425,286036.389088734,2688575.99949747,234982.092053267,2529.5,2826711.43990036,1342730.89045865,5131890.35293633,2208332.2613856
"1400:100:4",2022,"VL2440","OTB","MBS",3637557.60552553,33475.3443388974,383219.597538781,689716.535173388,172577.151600984,1224859.73112638,16840.5479645775,247,748189.938439218,356762.778832691,2068756.88671858,827056.607627623
"1400:100:4",2023,"VL0612","OTB","MBS",838.540717948718,0,92.2505961538461,138.937185897436,19.8517884615385,188.365403846154,182.704,1,190.073056217134,94.2825871007532,493.218560335144,122.14915648899
"1400:100:4",2023,"VL1218","OTB","MBS",4237382.33049135,854.88920182821,376464.253619351,511576.575371304,173947.991578338,1495805.0850688,223848.313359621,1309,799496.054268754,306165.567872392,2870082.83125179,1150429.43282337
"1400:100:4",2023,"VL1824","OTB","MBS",6881809.97564827,192330.882408807,645492.576443961,717305.901517672,428351.120953506,2554705.59179739,215348.998290493,2169,2423853.37542751,1151367.18774651,4131624.07139542,1361569.48130754
"1400:100:4",2023,"VL2440","OTB","MBS",3400648.53910334,116113.340168878,386031.178669079,711889.720808203,349959.242098914,1225955.10271411,28708.3099316446,227.5,689122.311720332,328597.296293268,1740284.44140275,485621.028756993
"1400:100:4",2024,"VL1218","OTB","MBS",0,0,0,0,0,0,0,1103,673677.729456406,257983.667962757,-257983.667962757,-257983.667962757
"1400:100:4",2024,"VL1824","OTB","MBS",0,0,0,0,0,0,0,2156.5,2409884.64919752,1144731.83050962,-1144731.83050962,-1144731.83050962
"1400:100:4",2024,"VL2440","OTB","MBS",0,0,0,0,0,0,0,229.5,695180.529845346,331486.063733209,-331486.063733209,-331486.063733209
"1400:101:1",2013,"VL0612","OTB","MBS",738.950688611426,0,81.1926106696935,97.3172606886114,27.2575898600076,241.311153991676,61.1345819144911,1,190.073056217134,94.2825871007532,438.900640292361,136.454904386193
"1400:101:1",2014,"VL1218","OTB","MBS",36447.2069622587,0,2652.74372174251,3814.5780619967,1938.8125371107,13343.1963442321,1541.77781216649,19,11604.6027739544,4443.96164215085,23597.1109992579,8712.13684285934
"1400:101:1",2014,"VL1824","OTB","MBS",841135.861772454,2346.1547401816,76756.0303855158,80963.1220481348,49181.6834702987,249721.457952303,39561.4643677935,359,401181.817325254,190567.459843706,446013.72076498,156730.798444884
"1400:101:1",2014,"VL2440","OTB","MBS",9055053.9611518,70996.9849006848,477524.463340564,963442.671144571,659383.959372209,1630458.08230701,22010.5807834631,512,1550903.84000356,739524.46462485,6286175.38757029,4633706.72447983
"1400:101:1",2015,"VL1218","OTB","MBS",61663.8662971766,12.3133491796626,5913.54998434692,4700.72067250275,2140.31060351325,23157.191368775,1737.98402226216,32,19544.5941456074,7484.56697625406,41437.0314097393,16541.8560187022
"1400:101:1",2015,"VL1824","OTB","MBS",788366.392272233,6191.97144901403,75153.4487430936,79712.0909214694,35641.0982266454,256945.316613958,28150.0590232795,367,410121.802112446,194814.088475321,409237.637354718,124142.261717481
"1400:101:1",2015,"VL2440","OTB","MBS",6460557.09942047,150246.804898988,578908.078175028,1230586.68617953,578334.351251744,1716845.08969269,56672.1453178853,489,1481234.3315659,706303.63906553,3516671.14964763,1743153.91463706
"1400:101:1",2016,"VL1218","OTB","MBS",30475.9558429685,336.167066415703,2479.23986555526,3263.6642914762,1798.09563861253,9582.81161064802,1603.91074482388,10,6107.68567050232,2338.92718007939,20932.1959336609,9745.47357818895
"1400:101:1",2016,"VL1824","OTB","MBS",1073967.98209375,10604.4156716854,105174.93476636,118430.909172636,56153.3118559665,351672.369889636,31438.3318778931,353,394476.82873486,187382.488369995,617430.753600477,234320.051832948
"1400:101:1",2016,"VL2440","OTB","MBS",7304091.77957289,54621.0402896936,705863.615158774,1516014.61276137,494826.298334262,1919620.91446797,42060.4615803157,652,1974979.10875453,941738.185420707,3700270.10818746,1738588.73213918
"1400:101:1",2017,"VL1218","OTB","MBS",52583.0702227877,5.17156460351338,5099.82739517321,4777.58742111312,2498.80803496963,15607.6057670333,3679.97896913479,30,18323.057011507,7016.78154023818,33195.2373958971,13907.652659729
"1400:101:1",2017,"VL1824","OTB","MBS",979348.399253059,4363.76666679481,89553.8630182893,122168.142998448,43966.587605717,328038.356319046,29347.3944588058,356,397829.323030057,188974.974106851,539048.59819055,181662.847412698
"1400:101:1",2017,"VL2440","OTB","MBS",7509114.86674294,274039.852259086,727446.786031466,1294013.19865637,766389.256501601,2441202.40938136,21449.3612651255,584.4,1770211.33612906,844097.845950707,4151207.63186188,1688555.8612154
"1400:101:1",2018,"VL1218","OTB","MBS",27312.4817485181,6.02053460749623,1680.04248236381,3084.94008203926,1152.079717821,8849.92164799748,1635.05762131218,12,7329.22280460279,2806.71261609527,18594.7273848063,8109.74811549661
"1400:101:1",2018,"VL1824","OTB","MBS",345324.002336662,2575.64847039202,29016.1667270232,33577.4802603216,18070.3151666211,108188.382951362,12318.3304897997,122.5,136893.517053882,65026.5009215989,202209.187731489,81702.4742903266
"1400:101:1",2018,"VL2440","OTB","MBS",4944894.28824622,12860.9947096257,540138.354503465,864121.340516036,564413.254897409,1821877.21208712,19994.5176673281,437,1323720.66031554,631195.685627069,2357886.64741187,516014.917657421
"1400:101:1",2019,"VL1218","OTB","MBS",9791.53958397012,12.2878117028549,991.547144310016,859.215165972913,267.261752038191,3394.36235168585,386.951073419325,4.5,2748.45855172605,1052.51723103573,6633.28610231613,2851.97267721096
"1400:101:1",2019,"VL1824","OTB","MBS",438826.404567934,5159.53349392976,41653.9305426832,42945.9003423844,22935.6159064507,140651.17785097,15476.0561311325,163,182152.190039043,86525.0583691479,249925.432901198,93798.1989190958
"1400:101:1",2019,"VL2440","OTB","MBS",3595631.10036252,46322.9797786181,316757.401022049,659563.75923417,369179.20010347,1290681.03072102,24889.5390656404,322.5,976887.672658493,465813.749690457,1830639.97009099,515069.400304332
"1400:101:1",2020,"VL1218","OTB","MBS",17147.7053245709,10.7138460107249,1304.38633672446,1686.48793482667,589.953609185931,6567.56808845712,848.415872045504,6,3664.61140230139,1403.35630804764,12174.2349817969,4758.25102129432
"1400:101:1",2020,"VL1824","OTB","MBS",243403.300869017,3278.96620198562,29218.3522286888,22772.5208586101,13785.9863318042,86945.1358521054,9559.76048421773,87,97222.3345607161,46182.086368809,134723.321283091,38218.4249467679
"1400:101:1",2020,"VL2440","OTB","MBS",3579961.46758286,37412.5734482922,413856.401713319,719094.120390713,349594.856181542,1318061.55590811,7571.37525091277,322.5,976887.672658493,465813.749690457,1669014.91305512,343381.981896102
"1400:101:1",2021,"VL1218","OTB","MBS",23985.3782364519,3.83865634431177,1608.85405589818,2135.10312163758,1073.78682981236,8368.03306521454,1240.75382642698,8,4886.14853640186,1871.14174406351,17300.3311413846,7691.54424974308
"1400:101:1",2021,"VL1824","OTB","MBS",731978.724499831,3570.32280202361,62960.5015072513,81923.7721856661,38057.341044688,261368.074116273,39134.4809311973,270,301724.48656774,143323.716316993,409283.716247256,108781.161199786
"1400:101:1",2021,"VL2440","OTB","MBS",4411074.30052632,39679.7484130076,402447.854149167,667701.027823459,472961.899004498,1534662.82622271,26572.0467896457,306,926907.373127128,441981.418310945,2465661.84965126,904426.9766389
"1400:101:1",2022,"VL1218","OTB","MBS",63695.1960842945,1.75725473444397,6399.15144525132,3957.60756087142,2252.46940054108,21241.4445820874,2463.36767763064,20,12215.3713410046,4677.85436015878,46409.8705722063,22705.0583124882
"1400:101:1",2022,"VL1824","OTB","MBS",842265.299724951,7001.60015717092,72813.8272691552,65508.2494302554,30079.3356385069,282728.292495088,24710.5105697446,266,297254.494174144,141200.402001186,539665.085543018,232226.282478185
"1400:101:1",2022,"VL2440","OTB","MBS",4197181.85252945,38625.3973141124,442176.458698593,795826.771353909,199127.482616521,1413299.68976121,19431.4014975894,285,863296.082814482,411649.360191567,2387027.17698298,954296.085724179
"1400:101:1",2023,"VL1218","OTB","MBS",58268.0534368559,11.7555428822825,5176.74298330658,7034.66642985751,2391.95099190993,20568.748304995,3078.12806758838,18,10993.8342069042,4210.06892414291,39466.3796505212,15819.5032779379
"1400:101:1",2023,"VL1824","OTB","MBS",932804.118414289,26069.7461632962,87494.1528236628,97228.1858212058,58061.4244169344,346280.979247779,29189.7674031374,294,328544.440929317,156063.602211837,560026.499303944,184555.752653028
"1400:101:1",2023,"VL2440","OTB","MBS",3393174.58627014,115858.146014661,385182.75849618,710325.128015217,349190.100907488,1223260.69589496,28645.2147449816,227,687607.757189078,327875.104433283,1736459.64043264,484553.729792692
"1400:101:1",2024,"VL1218","OTB","MBS",0,0,0,0,0,0,0,19,11604.6027739544,4443.96164215085,-4443.96164215085,-4443.96164215085
"1400:101:1",2024,"VL1824","OTB","MBS",0,0,0,0,0,0,0,251.5,281050.771747358,133503.387606385,-133503.387606385,-133503.387606385
"1400:101:1",2024,"VL2440","OTB","MBS",0,0,0,0,0,0,0,278.5,843606.873908187,402260.866011759,-402260.866011759,-402260.866011759
"1400:101:2",2014,"VL2440","OTB","MBS",53056.9568036238,415.99795840245,2797.99490238612,5645.17190123772,3863.57788694654,9553.46532601761,128.968246778104,3,9087.32718752086,4333.15115991123,36833.0589115447,27150.625338749
"1400:101:2",2017,"VL2440","OTB","MBS",6424.63626518047,234.462570379095,622.387736166552,1107.12970453146,655.706071613279,2088.63998064798,18.3516095697514,0.5,1514.55453125348,722.191859985205,3551.68346326308,1444.69187304534
"1400:101:2",2018,"VL1218","OTB","MBS",13883.84488883,3.06043842547725,854.021595201605,1568.17787503662,585.640523225676,4498.71017106538,831.15429083369,6.1,3725.68825900642,1426.74557984843,9452.31975394318,4122.45529204411
"1400:101:2",2018,"VL2440","OTB","MBS",22631.095140715,58.8603876870742,2472.02908239572,3954.78874378049,2583.1270247021,8338.11081046735,91.508090010655,2,6058.21812501391,2888.76743994082,10791.2432375829,2361.6243371049
"1400:101:2",2019,"VL1218","OTB","MBS",1087.94884266335,1.36531241142832,110.171904923335,95.4683517747681,29.6957502264656,377.151372409539,42.9945637132584,0.5,305.384283525116,116.94635900397,737.031789146237,316.88585302344
"1400:101:2",2019,"VL1824","OTB","MBS",5384.37306218324,63.307159434721,511.091172302861,526.943562483245,281.418600079149,1725.78132332478,189.890259277699,2,2234.99619679807,1061.65715790366,3066.56972884905,1150.89814624657
"1400:101:2",2020,"VL1824","OTB","MBS",1398.86954522424,18.844633344745,167.921564532694,130.876556658679,79.2298065046217,499.684688805204,54.9411522081479,0.5,558.749049199518,265.414289475914,774.271961397075,219.646120383724
"1400:101:2",2020,"VL2440","OTB","MBS",11100.6557134352,116.007979684627,1283.27566422735,2229.74921051384,1084.01505792726,4087.01257645925,23.4771325609698,1,3029.10906250695,1444.38371997041,5175.240040481,1064.75033146078
"1400:101:2",2021,"VL2440","OTB","MBS",14415.2754919161,129.672380434665,1315.18906584695,2182.02950269104,1545.62712092973,5015.23799419188,86.8367542145284,1,3029.10906250695,1444.38371997041,8057.71846291262,2955.64371450621
"1400:101:2",2022,"VL1218","OTB","MBS",6369.51960842945,0.175725473444397,639.915144525132,395.760756087142,225.246940054108,2124.14445820874,246.336767763064,2,1221.53713410046,467.785436015878,4640.98705722063,2270.50583124882
"1400:101:2",2022,"VL1824","OTB","MBS",22164.8763085513,184.252635715024,1916.15334918829,1723.90130079619,791.561464171234,7440.21822355496,650.276593940647,7,7822.48668879325,3715.80005266279,14201.7127774478,6111.21795995224
"1400:101:2",2023,"VL1824","OTB","MBS",63456.0624771625,1773.45211995212,5951.98318528319,6614.1623007623,3949.75676305676,23556.5292005292,1985.69846279846,20,22349.9619679807,10616.5715790366,38097.0407689758,12554.8131056481
"1400:101:2",2024,"VL1218","OTB","MBS",0,0,0,0,0,0,0,1,610.768567050232,233.892718007939,-233.892718007939,-233.892718007939
"1400:101:2",2024,"VL1824","OTB","MBS",0,0,0,0,0,0,0,3,3352.49429519711,1592.48573685548,-1592.48573685548,-1592.48573685548
"1400:101:3",2013,"VL1218","OTB","MBS",1638.26548031177,3.24188025103755,165.540981880757,114.734263083308,132.390527381314,595.391415122988,79.1169495900395,1,610.768567050232,233.892718007939,994.948870209492,320.440505496464
"1400:101:3",2013,"VL1824","OTB","MBS",14035.5385165557,43.9422631239705,1024.61067296904,1613.95493065005,303.004808422259,2344.56775430304,815.518876554704,7,7822.48668879325,3715.80005266279,7422.11031497549,4262.02368411774
"1400:101:3",2013,"VL2440","OTB","MBS",13239.8713783336,34.6919121492069,1183.66406484225,3019.43147943176,1213.38211521701,3720.97501481611,92.08006405787,1,3029.10906250695,1444.38371997041,6413.7019110214,2600.64683214742
"1400:101:3",2014,"VL0612","OTB","MBS",50960.0125800447,0,11211.7466827997,633.137803425168,565.570934475056,8667.55055472822,8667.55055472822,87,16536.3558908907,8202.58507776553,30346.9720815792,13011.8709721228
"1400:101:3",2014,"VL1218","OTB","MBS",1960476.07975939,0,142689.688611623,205184.146282138,104287.705943534,717723.508621325,82931.417054429,1022,624205.475525337,239038.357804114,1269276.18111798,468621.255442224
"1400:101:3",2014,"VL1824","OTB","MBS",7858411.3659744,21919.2284082704,717102.300593371,756407.552505415,459485.700165409,2333052.28404463,369607.664316377,3354,3748088.62203037,1780399.05380443,4166935.98731405,1464276.03895304
"1400:101:3",2014,"VL2440","OTB","MBS",25042883.6113104,196351.036365956,1320653.59392625,2664521.1373842,1823608.76263876,4509235.63388031,60873.012479265,1416,4289218.43250985,2045247.3474781,17385203.8062491,12815095.1598895
"1400:101:3",2015,"VL0612","OTB","MBS",68455.1719578623,0,3252.09303699897,8847.58208633093,3984.53796505653,25349.3653751285,0,69,13115.0408789823,6505.49850995197,45865.4603595239,20516.0949843954
"1400:101:3",2015,"VL1218","OTB","MBS",1616749.4944791,322.840623804279,155045.888652096,123247.020132182,56116.268635863,607152.61120007,45567.768583686,839,512434.827755145,196235.990408661,1086427.1672741,433706.787490348
"1400:101:3",2015,"VL1824","OTB","MBS",7112482.62891925,55862.7178956007,678019.261003768,719146.411555818,321546.801712324,2318108.83735372,253964.156474328,3311,3700036.20379921,1757573.4249095,3692059.44763344,1119986.45380539
"1400:101:3",2015,"VL2440","OTB","MBS",16329751.6868787,379764.930174128,1463252.32029516,3110439.96752126,1461802.16390011,4339510.28805759,143244.931723735,1236,3743978.80125859,1785258.27788343,8888763.88745291,4406008.66767158
"1400:101:3",2016,"VL0612","OTB","MBS",57883.023019039,0,3794.12952855848,6964.62156844968,1292.19895738894,18858.296237534,6451.52215775159,118,22428.6206336218,11125.3452778889,34706.727686753,9396.90929146742
"1400:101:3",2016,"VL1218","OTB","MBS",3184737.38559021,35129.458440441,259080.565950524,341052.918459263,187900.994235009,1001403.81331272,167608.672834095,1045,638253.152567493,244417.890318296,2187414.47506756,1018401.98892075
"1400:101:3",2016,"VL1824","OTB","MBS",10642322.9500395,105082.849913755,1042215.07595673,1173573.14528578,556442.733348926,3484844.05063441,311533.385010963,3498,3909008.34819983,1856838.36917349,6118336.4761883,2321959.04054292
"1400:101:3",2016,"VL2440","OTB","MBS",16512624.6673166,123483.76286351,1595771.42445404,3427309.1092182,1118671.72353482,4339756.48454875,95087.6079285051,1474,4464906.75813525,2129021.60323638,8365334.56973669,3930490.47725944
"1400:101:3",2017,"VL0612","OTB","MBS",64890.4442067736,0,8813.17361853833,6138.11622103387,2080.96684491979,20792.9183600713,6794.66015923945,80,15205.8444973707,7542.60696806026,40315.5805542214,12728.0020349106
"1400:101:3",2017,"VL1218","OTB","MBS",1803599.30864162,177.384665900509,174924.079654441,163871.24854418,85709.1155994582,535340.877809243,126223.278641323,1029,628480.855494689,240675.606830169,1138596.64267927,477032.486228704
"1400:101:3",2017,"VL1824","OTB","MBS",9268047.07045943,41296.4323045834,847491.473338811,1156136.16225216,416077.060796799,3104385.45628895,277728.572841901,3369,3764851.09350635,1788361.48248871,5101277.32388753,1719163.29475668
"1400:101:3",2017,"VL2440","OTB","MBS",17847639.5446714,651337.020513125,1728993.13107068,3075606.31918839,1821551.46694169,5802241.8662401,50980.7713847695,1389,4207432.48782216,2006248.9870389,9866576.66094483,4013354.02331996
"1400:101:3",2018,"VL0612","OTB","MBS",27242.33339298,0,6422.24221610461,2988.80685478321,2050.28891947694,3374.31865106676,5891.60166551961,34,6462.48391138256,3205.60796142561,12575.3874411897,3309.46712460329
"1400:101:3",2018,"VL1218","OTB","MBS",1124363.83198066,247.845341341928,69161.7488573103,126996.70004395,47427.2817169645,364321.774509229,67309.8720773513,494,301719.672122815,115543.002695922,765482.944007858,333851.297421277
"1400:101:3",2018,"VL1824","OTB","MBS",3635909.37317409,27118.9501805031,305510.62730216,353536.604406227,190261.979607411,1139113.27616871,129699.450332602,1289.8,1441349.04731508,684662.701132067,2129056.41090673,860243.684405414
"1400:101:3",2018,"VL2440","OTB","MBS",9183698.40810213,23885.5453234147,1003149.40163618,1604853.27222612,1048232.94662411,3383605.36688765,37133.9829263238,811.6,2458424.91513064,1172261.82712798,4379086.50581115,958347.155997168
"1400:101:3",2019,"VL0612","OTB","MBS",77467.2307004701,0,4562.66349695615,7897.3746320413,10317.5665253911,8457.056561609,25560.2716036064,86,16346.2828346735,8108.30249066478,46581.3235554167,12563.9953902014
"1400:101:3",2019,"VL1218","OTB","MBS",1269636.29938813,1593.31958413685,128570.613045532,111411.566521154,34654.9405142854,440135.651601932,50174.6558533725,583.5,356383.458873811,136476.400957633,860116.097933658,369805.790478354
"1400:101:3",2019,"VL1824","OTB","MBS",2791797.43274201,32824.7621669028,265000.772839033,273220.237147562,145915.544141039,894817.616143899,98458.099435487,1037,1158845.5280398,550469.236373045,1590016.40440823,596740.688828849
"1400:101:3",2019,"VL2440","OTB","MBS",6890232.62022957,88767.7565990263,606995.577772484,1263908.22699757,707450.374151766,2473305.04491655,47695.3027676458,618,1871989.4006293,892629.138941713,3508017.05896506,987016.711280859
"1400:101:3",2020,"VL0612","OTB","MBS",62787.3210034208,0,23792.3319270239,8265.18486887115,1687.02460661346,8903.11210946408,18177.1868871152,59,11214.3103168109,5562.67263894444,23480.1069619678,-3600.19203461149
"1400:101:3",2020,"VL1218","OTB","MBS",1467557.78069453,916.926654417872,111633.730651335,144335.259088916,50490.1963861626,562074.368903788,72610.2583825611,513.5,313629.659180294,120103.910697077,1041911.61052545,407226.983239105
"1400:101:3",2020,"VL1824","OTB","MBS",2197624.05554728,29604.9189845943,263804.777880863,205607.070510784,124470.026018761,785004.646112975,86312.5501190003,785.5,877794.756292443,416965.848766661,1216381.2513548,345064.055122829
"1400:101:3",2020,"VL2440","OTB","MBS",4662275.3996428,48723.3514675433,538975.778975486,936494.668415812,455286.32432945,1716545.28211288,9860.39567560733,420,1272225.80625292,606641.162387572,2173600.81700202,447195.139213528
"1400:101:3",2021,"VL0612","OTB","MBS",55077.3567333867,0,4653.60807045636,2521.82392313851,464.858286629303,12763.2707125701,7987.33715164131,96,18247.0133968449,9051.12836167231,38385.9380914902,17635.3302272788
"1400:101:3",2021,"VL1218","OTB","MBS",3016161.31323383,482.711035297205,202313.397529196,268489.217545926,135028.693848904,1052280.15795073,156024.793673193,1006,614433.178452534,235296.074315987,2175516.64102911,967211.689405192
"1400:101:3",2021,"VL1824","OTB","MBS",5714856.11572461,27874.9646913547,491558.285841799,639612.265805127,297129.166378527,2040607.0379152,305538.836307274,2108,2355685.99142517,1118986.64443045,3195444.71796006,849298.843737585
"1400:101:3",2021,"VL2440","OTB","MBS",15582912.8067613,140175.843249873,1421719.38018055,2358773.89240902,1670822.91772504,5421472.27172142,93870.5313059052,1081,3274466.89657002,1561378.80128801,8710393.65840854,3195050.85538122
"1400:101:3",2022,"VL0612","OTB","MBS",45675.3271732523,463.091854103343,10032.9176899696,2440.02200607903,2372.9356231003,9813.39702127659,8852.50169452888,27,5131.97251786262,2545.62985172034,28746.9138564863,10081.0151406809
"1400:101:3",2022,"VL1218","OTB","MBS",3450687.24786665,95.1992752385021,346674.02954649,214403.389610209,122027.529774313,1150755.26023459,133452.94393564,1083.5,661767.742398927,253422.759961602,2514254.73824928,1230046.53407905
"1400:101:3",2022,"VL1824","OTB","MBS",7425233.5633647,61724.6329645331,641911.371978079,577506.935766725,265173.090497363,2492473.10489091,217842.658970117,2345,2620533.04074574,1244793.01764204,4757573.78044503,2047258.016584
"1400:101:3",2022,"VL2440","OTB","MBS",15647388.4853072,143998.191741208,1648464.86795528,2966898.0511001,742361.229052818,5268880.42235538,72441.628390136,1062.5,3218428.37891364,1534657.70246856,8899004.82647163,3557682.77572611
"1400:101:3",2023,"VL0612","OTB","MBS",6708.32574358974,0,738.004769230769,1111.49748717949,158.814307692308,1506.92323076923,1461.632,8,1520.58444973707,754.260696806026,3945.74848268115,977.193251911923
"1400:101:3",2023,"VL1218","OTB","MBS",2715938.71297345,547.938915457501,241293.742388568,327893.618591692,111491.493456246,958732.2126606,143474.969372591,839,512434.827755145,196235.990408661,1839571.80704374,737364.625010548
"1400:101:3",2023,"VL1824","OTB","MBS",6556597.65545281,183241.940294053,614988.662619385,683408.319726265,408108.61754284,2433978.37964468,205172.293668651,2066.5,2309309.82034161,1096957.25840395,3936376.73745442,1297226.06414109
"1400:101:3",2023,"VL2440","OTB","MBS",16031628.8272014,547391.46079614,1819861.27086852,3356051.54095295,1649807.85560917,5779502.62708082,135339.175392039,1072.5,3248719.46953871,1549101.53966826,8204198.08089869,2289356.27842583
"1400:101:3",2024,"VL0612","OTB","MBS",0,0,0,0,0,0,0,9,1710.65750595421,848.543283906779,-848.543283906779,-848.543283906779
"1400:101:3",2024,"VL1218","OTB","MBS",0,0,0,0,0,0,0,757.5,462657.189540551,177173.733891014,-177173.733891014,-177173.733891014
"1400:101:3",2024,"VL1824","OTB","MBS",0,0,0,0,0,0,0,2017.5,2254552.41352005,1070946.65803531,-1070946.65803531,-1070946.65803531
"1400:101:3",2024,"VL2440","OTB","MBS",0,0,0,0,0,0,0,955,2892799.15469414,1379386.45257174,-1379386.45257174,-1379386.45257174
"1400:101:4",2014,"VL1218","OTB","MBS",30692.3848103231,0,2233.88944988843,3212.27626273406,1632.68424177743,11236.375868827,1298.33921024546,16,9772.29707280372,3742.28348812703,19871.2513677961,7336.53628872366
"1400:101:4",2014,"VL1824","OTB","MBS",538889.270773438,1503.10749370966,49175.1726703862,51870.5238748496,31509.1565408599,159988.67779674,25345.7849710097,230,257024.562631778,122090.57315892,285746.952022132,100412.489254382
"1400:101:4",2014,"VL2440","OTB","MBS",2051535.66307345,16085.2543915614,108189.136225597,218279.980181192,149391.678295266,369400.659272681,4986.77220875335,116,351376.651250807,167548.511516568,1424211.61124639,1049824.17976496
"1400:101:4",2015,"VL1218","OTB","MBS",42393.9080793089,8.46542756101803,4065.56561423851,3231.74546234564,1471.46353991536,15920.5690660328,1194.86401530523,22,13436.9084751051,5145.63979617466,28487.9590941958,11372.5260128577
"1400:101:4",2015,"VL1824","OTB","MBS",545626.876395497,4285.45162956285,52013.5585306424,55168.5860873385,24667.1361023649,177831.363542086,19482.602157801,254,283844.516993355,134830.459053764,283232.58825095,85918.6225510628
"1400:101:4",2015,"VL2440","OTB","MBS",1374024.41378268,31954.3306942632,123121.554458493,261719.867817323,122999.534826547,365136.787991901,12052.9716013498,104,315027.342500723,150215.906876923,747921.880497656,370732.120904405
"1400:101:4",2016,"VL1218","OTB","MBS",82285.0807760151,907.651079322399,6693.94763699919,8811.89358698575,4854.85822425383,25873.5913487497,4330.55901102447,27,16490.7513103563,6315.10338621436,56516.9290208843,26312.7786611102
"1400:101:4",2016,"VL1824","OTB","MBS",718006.922872874,7089.63767285485,70315.2538381328,79177.6049992691,37541.5909292014,235112.405931881,21018.2615387614,236,263729.551222172,125275.544632631,412786.566146494,156655.898675852
"1400:101:4",2016,"VL2440","OTB","MBS",1579565.86030641,11812.2188356546,152648.419842618,327849.785888579,107009.981694986,415132.74377298,9095.89736629526,141,427104.37781348,203658.104515828,800211.78720005,375983.146060774
"1400:101:4",2017,"VL1218","OTB","MBS",57841.3772450665,5.68872106386472,5609.81013469053,5255.34616322443,2748.68883846659,17168.3663437367,4047.97686604827,33,20155.3627126577,7718.45969426199,36514.7611354868,15298.4179257019
"1400:101:4",2017,"VL1824","OTB","MBS",814289.680277825,3628.30037463838,74460.5153185776,101578.006538035,36556.4885710456,272750.992894488,24401.204381479,296,330779.437126115,157125.259369741,448197.710855064,151045.513579097
"1400:101:4",2017,"VL2440","OTB","MBS",1349173.6156879,49237.1397796099,130701.424594976,232497.237951606,137698.275038789,438614.395936076,3853.8380096478,105,318056.45156323,151660.290596893,745853.527285246,303385.293339522
"1400:101:4",2018,"VL1218","OTB","MBS",67143.1842984404,14.8004809100949,4130.10443581104,7583.81103501319,2832.19597297663,21756.0573846605,4019.51665239244,29.5,18017.6727279819,6899.83518123421,45712.0381543154,19936.4641172625
"1400:101:4",2018,"VL1824","OTB","MBS",118396.800801141,883.079475562979,9948.40002069368,11512.278946396,6195.5366285558,37093.1598690386,4223.42759650277,42,46934.9201327595,22294.8003159768,69328.8643650819,28012.2768995406
"1400:101:4",2018,"VL2440","OTB","MBS",463937.450384657,1206.63794758502,50676.5961891123,81073.1692475,52954.104006393,170931.271614581,1875.91584521843,41,124193.471562785,59219.7325187868,221220.48637045,48413.2989106505
"1400:101:4",2019,"VL1218","OTB","MBS",30462.5675945737,38.2287475199929,3084.81333785338,2673.11384969351,831.481006341038,10560.2384274671,1203.84778397123,14,8550.75993870325,3274.49805211115,20636.8900960946,8872.80388465631
"1400:101:4",2019,"VL1824","OTB","MBS",179030.404317593,2104.96305120447,16993.7814790701,17520.8734525679,9357.16845263171,57382.2290005489,6313.85112098349,66.5,74313.6235435359,35300.1005002965,101963.443484231,38267.3633626986
"1400:101:4",2019,"VL2440","OTB","MBS",406947.395854983,5242.75585091337,35850.0624412551,74648.3014327046,41783.0722597726,146077.077895557,2816.95558417325,36.5,110562.480781504,52720.00577892,207188.709793244,58294.6763135135
"1400:101:4",2020,"VL1218","OTB","MBS",22863.6070994279,14.2851280142999,1739.18178229927,2248.65057976889,786.604812247909,8756.75745127615,1131.22116272734,8,4886.14853640186,1871.14174406351,16232.3133090626,6344.33469505909
"1400:101:4",2020,"VL1824","OTB","MBS",40567.2168115029,546.494366997604,4869.72537144813,3795.42014310168,2297.66438863403,14490.8559753509,1593.29341403629,14.5,16203.722426786,7697.0143948015,22453.8868805152,6369.73749112798
"1400:101:4",2020,"VL2440","OTB","MBS",55503.2785671761,580.039898423135,6416.37832113673,11148.7460525692,5420.07528963631,20435.0628822962,117.385662804849,5,15145.5453125348,7221.91859985205,25876.200202405,5323.75165730391
"1400:101:4",2021,"VL1218","OTB","MBS",5996.34455911298,0.959664086077943,402.213513974544,533.775780409395,268.44670745309,2092.00826630363,310.188456606745,2,1221.53713410046,467.785436015878,4325.08278534615,1922.88606243577
"1400:101:4",2021,"VL1824","OTB","MBS",300924.58673882,1467.79937416526,25883.7617307589,33679.7730096627,15645.7957628162,107451.319358912,16088.6199383811,111,124042.288922293,58921.9722636529,168261.083346094,44721.1440488007
"1400:101:4",2021,"VL2440","OTB","MBS",518949.917708979,4668.20569564795,47346.8063704902,78553.0620968775,55642.5763534703,180548.567790908,3126.12315172302,36,109047.92625025,51997.8139189348,290077.864664854,106403.173722224
"1400:101:4",2022,"VL1218","OTB","MBS",3184.75980421472,0.0878627367221985,319.957572262566,197.880378043571,112.623470027054,1062.07222910437,123.168383881532,1,610.768567050232,233.892718007939,2320.49352861032,1135.25291562441
"1400:101:4",2022,"VL1824","OTB","MBS",522457.798701567,4343.09784185414,45166.4718022955,40634.8163759103,18658.2345126076,175376.572412367,15327.9482857438,165,184387.186235841,87586.7155270516,334754.658325556,144050.137627446
"1400:101:4",2022,"VL2440","OTB","MBS",323992.985107537,2981.60961722973,34132.9196188388,61432.2419992491,15371.2442721525,109096.818157006,1499.96783490164,22,66640.399375153,31776.441839349,184261.746995177,73664.96100327
"1400:101:4",2023,"VL1218","OTB","MBS",9711.34223947598,1.95925714704708,862.790497217764,1172.44440497625,398.658498651654,3428.12471749916,513.021344598063,3,1832.3057011507,701.678154023818,6577.72994175354,2636.58387965631
"1400:101:4",2023,"VL1824","OTB","MBS",575229.206355478,16076.343467366,53954.7275745921,59957.3812564103,35804.5450571096,213539.937202797,18000.3565652681,181.3,202602.405239745,96239.2213639664,345349.674570766,113809.3808027
"1400:101:4",2023,"VL2440","OTB","MBS",837082.717317745,28581.7452723392,95023.0593646964,175234.392814327,86143.8134397328,301773.563745013,7066.66090625097,56,169630.107500389,80885.4883183429,428377.708652985,119537.484001721
"1400:101:4",2024,"VL1218","OTB","MBS",0,0,0,0,0,0,0,7,4275.37996935163,1637.24902605557,-1637.24902605557,-1637.24902605557
"1400:101:4",2024,"VL1824","OTB","MBS",0,0,0,0,0,0,0,135,150862.24328387,71661.8581584967,-71661.8581584967,-71661.8581584967
"1400:101:4",2024,"VL2440","OTB","MBS",0,0,0,0,0,0,0,48,145397.235000334,69330.4185585797,-69330.4185585797,-69330.4185585797
"1400:102:1",2018,"VL2440","OTB","MBS",5657.77378517874,14.7150969217685,618.007270598931,988.697185945122,645.781756175525,2084.52770261684,22.8770225026638,0.5,1514.55453125348,722.191859985205,2697.81080939573,590.406084276225
"1400:102:1",2019,"VL1824","OTB","MBS",1346.09326554581,15.8267898586803,127.772793075715,131.735890620811,70.3546500197873,431.445330831195,47.4725648194248,0.5,558.749049199518,265.414289475914,766.642432212264,287.724536561644
"1400:102:1",2020,"VL1218","OTB","MBS",1428.97544371424,0.892820500893741,108.698861393705,140.540661235556,49.1628007654943,547.29734070476,70.7013226704587,0.5,305.384283525116,116.94635900397,1014.51958181641,396.520918441193
"1400:102:1",2020,"VL1824","OTB","MBS",1398.86954522424,18.844633344745,167.921564532694,130.876556658679,79.2298065046217,499.684688805204,54.9411522081479,0.5,558.749049199518,265.414289475914,774.271961397075,219.646120383724
"1400:102:1",2022,"VL1218","OTB","MBS",9554.27941264417,0.263588210166595,959.872716787698,593.641134130713,337.870410081162,3186.21668731311,369.505151644596,3,1832.3057011507,701.678154023818,6961.48058583095,3405.75874687323
"1400:102:1",2022,"VL1824","OTB","MBS",3166.41090122162,26.3218051021463,273.736192741185,246.271614399456,113.080209167319,1062.88831765071,92.8966562772353,1,1117.49809839904,530.828578951828,2028.81611106398,873.031137136035
"1400:102:1",2022,"VL2440","OTB","MBS",14726.9538685244,135.527709874079,1551.49634631085,2792.37463632951,698.692921461476,4958.94627986389,68.1803561318928,1,3029.10906250695,1444.38371997041,8375.53395432624,3348.40731833045
"1400:102:1",2023,"VL1218","OTB","MBS",3237.11407982533,0.653085715682361,287.596832405921,390.81480165875,132.886166217218,1142.70823916639,171.007114866021,1,610.768567050232,233.892718007939,2192.57664725118,878.86129321877
"1400:102:3",2021,"VL1824","OTB","MBS",2711.03231296234,13.2234177852726,233.187042619449,303.42137846543,140.953114980326,968.029904134345,144.942521967397,1,1117.49809839904,530.828578951828,1515.86561573058,402.893189628835
"1400:102:3",2023,"VL2440","OTB","MBS",14947.9056663883,510.388308434629,1696.84034579815,3129.18558597012,1538.28238285237,5388.81363830379,126.19037332591,1,3029.10906250695,1444.38371997041,7649.60194023187,2134.59792860217
"1400:102:3",2024,"VL1218","OTB","MBS",0,0,0,0,0,0,0,1,610.768567050232,233.892718007939,-233.892718007939,-233.892718007939
"1400:102:3",2024,"VL1824","OTB","MBS",0,0,0,0,0,0,0,5,5587.49049199518,2654.14289475914,-2654.14289475914,-2654.14289475914
"1400:102:4",2018,"VL1218","OTB","MBS",1138.02007285492,0.250855608645676,70.0017700984922,128.539170084969,48.003321575875,368.746735333228,68.1274008880074,0.5,305.384283525116,116.94635900397,774.780307700261,337.906171479025
"1400:102:4",2022,"VL1218","OTB","MBS",6369.51960842945,0.175725473444397,639.915144525132,395.760756087142,225.246940054108,2124.14445820874,246.336767763064,2,1221.53713410046,467.785436015878,4640.98705722063,2270.50583124882
"1400:102:4",2023,"VL1218","OTB","MBS",3237.11407982533,0.653085715682361,287.596832405921,390.81480165875,132.886166217218,1142.70823916639,171.007114866021,1,610.768567050232,233.892718007939,2192.57664725118,878.86129321877
"1400:102:4",2023,"VL1824","OTB","MBS",120566.518706609,3369.55902790903,11308.7680520381,12566.9083714484,7504.53784980785,44757.4054810055,3772.82707931708,38,42464.9277391634,20171.4860001695,72384.377461054,23854.1449007314
"1400:102:4",2024,"VL1824","OTB","MBS",0,0,0,0,0,0,0,104,116219.8022335,55206.1722109901,-55206.1722109901,-55206.1722109901
"1400:103:3",2018,"VL1218","OTB","MBS",1138.02007285492,0.250855608645676,70.0017700984922,128.539170084969,48.003321575875,368.746735333228,68.1274008880074,0.5,305.384283525116,116.94635900397,774.780307700261,337.906171479025
"1400:103:3",2019,"VL1218","OTB","MBS",1087.94884266335,1.36531241142832,110.171904923335,95.4683517747681,29.6957502264656,377.151372409539,42.9945637132584,0.5,305.384283525116,116.94635900397,737.031789146237,316.88585302344
"1400:103:3",2019,"VL1824","OTB","MBS",1346.09326554581,15.8267898586803,127.772793075715,131.735890620811,70.3546500197873,431.445330831195,47.4725648194248,0.5,558.749049199518,265.414289475914,766.642432212264,287.724536561644
"1400:103:3",2021,"VL1218","OTB","MBS",11992.689118226,1.91932817215589,804.427027949088,1067.55156081879,536.89341490618,4184.01653260727,620.376913213489,4,2443.07426820093,935.570872031757,8650.1655706923,3845.77212487154
"1400:103:3",2021,"VL1824","OTB","MBS",2711.03231296234,13.2234177852726,233.187042619449,303.42137846543,140.953114980326,968.029904134345,144.942521967397,1,1117.49809839904,530.828578951828,1515.86561573058,402.893189628835
"1400:103:3",2022,"VL1218","OTB","MBS",15923.7990210736,0.439313683610992,1599.78786131283,989.401890217856,563.11735013527,5310.36114552186,615.841919407661,5,3053.84283525116,1169.4635900397,11602.4676430516,5676.26457812206
"1400:103:3",2022,"VL1824","OTB","MBS",3166.41090122162,26.3218051021463,273.736192741185,246.271614399456,113.080209167319,1062.88831765071,92.8966562772353,1,1117.49809839904,530.828578951828,2028.81611106398,873.031137136035
"1400:103:3",2023,"VL1824","OTB","MBS",3172.80312385812,88.672605997606,297.599159264159,330.708115038115,197.487838152838,1177.82646002646,99.2849231399231,1,1117.49809839904,530.828578951828,1904.85203844879,627.740655282406
"1400:103:3",2023,"VL2440","OTB","MBS",7473.95283319415,255.194154217315,848.420172899075,1564.59279298506,769.141191426185,2694.4068191519,63.0951866629551,0.5,1514.55453125348,722.191859985205,3824.80097011594,1067.29896430108
"1400:103:3",2024,"VL1218","OTB","MBS",0,0,0,0,0,0,0,2,1221.53713410046,467.785436015878,-467.785436015878,-467.785436015878
"1400:103:3",2024,"VL1824","OTB","MBS",0,0,0,0,0,0,0,3,3352.49429519711,1592.48573685548,-1592.48573685548,-1592.48573685548
"1400:103:4",2018,"VL1218","OTB","MBS",4552.08029141969,1.0034224345827,280.007080393969,514.156680339877,192.0132863035,1474.98694133291,272.50960355203,2,1221.53713410046,467.785436015878,3099.12123080104,1351.6246859161
"1400:103:4",2018,"VL1824","OTB","MBS",1409.48572382311,10.5128508995593,118.433333579687,137.050939838047,73.7563884351881,441.585236536173,50.2788999583663,0.5,558.749049199518,265.414289475914,825.343623393832,333.479486899292
"1400:103:4",2019,"VL1824","OTB","MBS",1346.09326554581,15.8267898586803,127.772793075715,131.735890620811,70.3546500197873,431.445330831195,47.4725648194248,0.5,558.749049199518,265.414289475914,766.642432212264,287.724536561644
"1400:103:4",2019,"VL2440","OTB","MBS",5574.62186102716,71.8185733001831,491.096745770618,1022.57947168088,572.370852873597,2001.05586158297,38.5884326599076,0.5,1514.55453125348,722.191859985205,2838.20150401704,798.557209774159
"1400:103:4",2020,"VL2440","OTB","MBS",11100.6557134352,116.007979684627,1283.27566422735,2229.74921051384,1084.01505792726,4087.01257645925,23.4771325609698,1,3029.10906250695,1444.38371997041,5175.240040481,1064.75033146078
"1400:103:4",2022,"VL2440","OTB","MBS",44180.8616055732,406.583129622236,4654.48903893256,8377.12390898852,2096.07876438443,14876.8388395917,204.541068395678,3,9087.32718752086,4333.15115991123,25126.6018629787,10045.2219549914
"1400:103:4",2023,"VL1824","OTB","MBS",3172.80312385812,88.672605997606,297.599159264159,330.708115038115,197.487838152838,1177.82646002646,99.2849231399231,1,1117.49809839904,530.828578951828,1904.85203844879,627.740655282406
"1400:103:4",2024,"VL1218","OTB","MBS",0,0,0,0,0,0,0,1,610.768567050232,233.892718007939,-233.892718007939,-233.892718007939
"1400:103:4",2024,"VL1824","OTB","MBS",0,0,0,0,0,0,0,1,1117.49809839904,530.828578951828,-530.828578951828,-530.828578951828
"1400:104:3",2018,"VL1824","OTB","MBS",2818.97144764622,21.0257017991185,236.866667159373,274.101879676095,147.512776870376,883.170473072346,100.557799916733,1,1117.49809839904,530.828578951828,1650.68724678766,666.958973798585
"1400:104:3",2019,"VL1824","OTB","MBS",1346.09326554581,15.8267898586803,127.772793075715,131.735890620811,70.3546500197873,431.445330831195,47.4725648194248,0.5,558.749049199518,265.414289475914,766.642432212264,287.724536561644
"1400:104:3",2023,"VL1218","OTB","MBS",3237.11407982533,0.653085715682361,287.596832405921,390.81480165875,132.886166217218,1142.70823916639,171.007114866021,1,610.768567050232,233.892718007939,2192.57664725118,878.86129321877
"1400:104:3",2024,"VL1218","OTB","MBS",0,0,0,0,0,0,0,1,610.768567050232,233.892718007939,-233.892718007939,-233.892718007939
"1400:104:3",2024,"VL1824","OTB","MBS",0,0,0,0,0,0,0,1,1117.49809839904,530.828578951828,-530.828578951828,-530.828578951828
"1400:104:4",2019,"VL1824","OTB","MBS",1346.09326554581,15.8267898586803,127.772793075715,131.735890620811,70.3546500197873,431.445330831195,47.4725648194248,0.5,558.749049199518,265.414289475914,766.642432212264,287.724536561644
"1400:104:4",2020,"VL1824","OTB","MBS",1398.86954522424,18.844633344745,167.921564532694,130.876556658679,79.2298065046217,499.684688805204,54.9411522081479,0.5,558.749049199518,265.414289475914,774.271961397075,219.646120383724
"1400:104:4",2021,"VL1218","OTB","MBS",5996.34455911298,0.959664086077943,402.213513974544,533.775780409395,268.44670745309,2092.00826630363,310.188456606745,2,1221.53713410046,467.785436015878,4325.08278534615,1922.88606243577
"1400:104:4",2022,"VL1218","OTB","MBS",9554.27941264417,0.263588210166595,959.872716787698,593.641134130713,337.870410081162,3186.21668731311,369.505151644596,3,1832.3057011507,701.678154023818,6961.48058583095,3405.75874687323
"1400:104:4",2022,"VL1824","OTB","MBS",1583.20545061081,13.1609025510732,136.868096370592,123.135807199728,56.5401045836595,531.444158825354,46.4483281386177,0.5,558.749049199518,265.414289475914,1014.40805553199,436.515568568018
"1400:104:4",2024,"VL1218","OTB","MBS",0,0,0,0,0,0,0,1,610.768567050232,233.892718007939,-233.892718007939,-233.892718007939
"1400:110:2",2014,"VL1218","OTB","MBS",42202.0291141942,0,3071.59799359659,4416.87986125934,2244.94083244397,15450.0168196371,1785.21641408751,22,13436.9084751051,5145.63979617466,27322.9706307197,10087.737396995
"1400:110:2",2014,"VL1824","OTB","MBS",28115.9619533968,78.4229996718083,2565.66118280276,2706.28820216606,1643.95599343617,8347.23536330817,1322.38878109616,12,13409.9771807884,6369.94294742193,14908.5366272417,5238.91248283734
"1400:110:2",2015,"VL1218","OTB","MBS",15415.9665742942,3.07833729491565,1478.38749608673,1175.18016812569,535.077650878312,5789.29784219375,434.49600556554,8,4886.14853640186,1871.14174406351,10359.2578524348,4135.46400467554
"1400:110:2",2015,"VL1824","OTB","MBS",21481.3730864369,168.718568093025,2047.77789490718,2171.99157824167,971.147090644289,7001.23478512148,767.031581015789,10,11174.9809839904,5308.28578951828,11150.8893012185,3382.62293508121
"1400:110:2",2016,"VL1218","OTB","MBS",24380.7646743748,268.933653132563,1983.39189244421,2610.93143318096,1438.47651089002,7666.24928851842,1283.1285958591,8,4886.14853640186,1871.14174406351,16745.7567469287,7796.37886255117
"1400:110:2",2016,"VL1824","OTB","MBS",3042.40221556303,30.0408375968426,297.945990839546,335.498326268089,159.074537835599,996.239008185938,89.0604302489889,1,1117.49809839904,530.828578951828,1749.09561926481,663.796180829881
"1400:110:2",2017,"VL1218","OTB","MBS",12269.3830519838,1.20669840748646,1189.95972554041,1114.77039825973,583.05520815958,3641.77467897444,858.661759464784,7,4275.37996935163,1637.24902605557,7745.55539237599,3245.11895393677
"1400:110:2",2017,"VL1824","OTB","MBS",8252.93594876174,36.7733146078214,754.667384985584,1029.50682302063,370.50495173357,2764.36817122791,247.309503866341,3,3352.49429519711,1592.48573685548,4542.54436677429,1530.86669168004
"1400:110:2",2018,"VL1218","OTB","MBS",29588.521894228,6.52224582478758,1820.0460225608,3342.0184222092,1248.08636097275,9587.41511866393,1771.31242308819,13,7939.99137165302,3040.60533410321,20144.2880002068,8785.56045845466
"1400:110:2",2018,"VL1824","OTB","MBS",7047.42861911554,52.5642544977964,592.166667898433,685.254699190236,368.781942175941,2207.92618268087,251.394499791831,2.5,2793.74524599759,1327.07144737957,4126.71811696916,1667.39743449646
"1400:110:2",2018,"VL2440","OTB","MBS",11315.5475703575,29.4301938435371,1236.01454119786,1977.39437189024,1291.56351235105,4169.05540523368,45.7540450053275,1,3029.10906250695,1444.38371997041,5395.62161879145,1180.81216855245
"1400:110:2",2019,"VL1218","OTB","MBS",22846.9256959303,28.6715606399947,2313.61000339004,2004.83538727013,623.610754755778,7920.17882060031,902.885837978426,10.5,6413.06995402744,2455.87353908336,15477.667572071,6654.60291349223
"1400:110:2",2019,"VL1824","OTB","MBS",1346.09326554581,15.8267898586803,127.772793075715,131.735890620811,70.3546500197873,431.445330831195,47.4725648194248,0.5,558.749049199518,265.414289475914,766.642432212264,287.724536561644
"1400:110:2",2019,"VL2440","OTB","MBS",16723.8655830815,215.455719900549,1473.29023731185,3067.73841504265,1717.11255862079,6003.16758474892,115.765297979723,1.5,4543.66359376043,2166.57557995561,8514.60451205111,2395.67162932247
"1400:110:2",2020,"VL1218","OTB","MBS",12860.7789934282,8.03538450804367,978.289752543341,1264.86595112,442.465206889448,4925.67606634284,636.311904034128,4.5,2748.45855172605,1052.51723103573,9130.6762363477,3568.68826597074
"1400:110:2",2020,"VL1824","OTB","MBS",5595.47818089695,75.3785333789798,671.686258130777,523.506226634714,316.919226018487,1998.73875522081,219.764608832592,2,2234.99619679807,1061.65715790366,3097.0878455883,878.584481534894
"1400:110:2",2021,"VL1218","OTB","MBS",11992.689118226,1.91932817215589,804.427027949088,1067.55156081879,536.89341490618,4184.01653260727,620.376913213489,4,2443.07426820093,935.570872031757,8650.1655706923,3845.77212487154
"1400:110:2",2021,"VL1824","OTB","MBS",2711.03231296234,13.2234177852726,233.187042619449,303.42137846543,140.953114980326,968.029904134345,144.942521967397,1,1117.49809839904,530.828578951828,1515.86561573058,402.893189628835
"1400:110:2",2022,"VL1218","OTB","MBS",6369.51960842945,0.175725473444397,639.915144525132,395.760756087142,225.246940054108,2124.14445820874,246.336767763064,2,1221.53713410046,467.785436015878,4640.98705722063,2270.50583124882
"1400:110:2",2024,"VL1824","OTB","MBS",0,0,0,0,0,0,0,1,1117.49809839904,530.828578951828,-530.828578951828,-530.828578951828
"1400:111:1",2013,"VL0612","OTB","MBS",396077.569095725,0,43519.2393189557,52162.0517290957,14610.0681649641,129342.778539538,32768.1359061672,536,101879.158132384,50535.4666860037,235250.743196705,73139.8287509996
"1400:111:1",2013,"VL1218","OTB","MBS",5339107.20033607,10565.2877381314,539498.059949388,373918.963388501,431460.728735702,1940380.62188582,257842.138713939,3259,1990494.76001671,762256.367987874,3242538.36801273,1044315.60741298
"1400:111:1",2013,"VL1824","OTB","MBS",7745612.18420779,24249.8517782711,565438.718525627,890672.556728736,167215.367847884,1293866.46212466,450049.917161546,3863,4316895.15411548,2050590.80049091,4095944.5923929,2352028.21310669
"1400:111:1",2013,"VL2440","OTB","MBS",23050616.0696788,60398.6190517692,2060759.13689036,5256830.20569069,2112498.26259282,6478217.50079484,160311.391524752,1741,5273678.87782461,2514672.05646848,11166255.0270883,4527726.13476866
"1400:111:1",2014,"VL0612","OTB","MBS",247185.348376768,0,54383.4149441549,3071.08221891288,2743.34407297096,42042.6015413254,42042.6015413254,422,80210.8297236307,39787.2517565178,147200.255384212,63115.0523015611
"1400:111:1",2014,"VL1218","OTB","MBS",4189510.5266091,0,304925.90990977,438475.7098632,222861.39900262,1533765.30609489,177223.302198506,2184,1333918.55043771,510821.696129339,2712425.81170417,1001437.20341078
"1400:111:1",2014,"VL1824","OTB","MBS",3781596.88273187,10547.8934558582,345081.429086971,363995.763191336,221112.081117164,1122703.15636495,177861.291057433,1614,1803641.93081604,856757.32642825,2005198.176364,704633.728941622
"1400:111:1",2014,"VL2440","OTB","MBS",9090425.26568755,71274.3168729531,479389.793275488,967206.119078729,661959.677963506,1636827.05919102,22096.5596146485,514,1556962.05812857,742413.232064791,6310730.76017799,4651807.14137232
"1400:111:1",2015,"VL0612","OTB","MBS",202389.204049332,0,9614.88376156218,26158.0687769784,11780.3731140802,74945.9498047276,0,204,38774.9034682954,19233.6477685537,135602.230628158,60656.2808234299
"1400:111:1",2015,"VL1218","OTB","MBS",3379950.671414,674.925451910256,324136.458517016,257658.251861557,117315.77495507,1269303.55190098,95263.2492202446,1754,1071288.06660611,410247.827385925,2271267.28414634,906700.483025113
"1400:111:1",2015,"VL1824","OTB","MBS",2691616.04773054,21140.4365820561,256586.57023187,272150.544753682,121684.730457729,877254.718575722,96109.0571012784,1253,1400225.11729399,665128.20942664,1397206.42944268,423842.653765676
"1400:111:1",2015,"VL2440","OTB","MBS",4914779.63391496,114298.182867942,440396.329409224,936151.834885039,439959.874571878,1306066.2032018,43112.5522663667,372,1126828.57125259,537310.743828992,2675259.03408777,1326080.2786196
"1400:111:1",2016,"VL0612","OTB","MBS",137840.080240254,0,9035.17286038078,16585.2428875793,3077.18565276519,44908.3156165005,15363.3705621034,281,53410.5287970147,26493.4069753116,82649.0718642169,22377.3856856131
"1400:111:1",2016,"VL1218","OTB","MBS",7088707.32907448,78192.4596482926,576671.192728153,759128.314197365,418237.045541275,2228961.98063673,373069.639246034,2326,1420647.68695884,544034.462086467,4868828.77416952,2266797.15428675
"1400:111:1",2016,"VL1824","OTB","MBS",3218861.54406568,31783.2061774594,315226.85830824,354957.229191639,168300.861030064,1054020.87066072,94225.9352034303,1058,1182312.98810618,561616.636531034,1850543.16518217,702296.359318014
"1400:111:1",2016,"VL2440","OTB","MBS",2565394.19865367,19184.3837827298,247918.355630919,532465.255095636,173796.353249304,674222.683149025,14772.7694814299,229,693665.975314092,330763.871873224,1299634.74658732,610639.29395686
"1400:111:1",2017,"VL0612","OTB","MBS",221438.640855615,0,30074.954973262,20946.3216042781,7101.29935828877,70955.8339037433,23186.7777934046,273,51889.9443472776,25739.1462785056,137576.91864128,43434.3069441325
"1400:111:1",2017,"VL1218","OTB","MBS",3714117.52673624,365.284846494828,360217.808345734,337456.924844623,176499.140870021,1102417.22067812,259929.181186554,2119,1294218.59357944,495618.669458823,2344690.26806353,982343.866198858
"1400:111:1",2017,"VL1824","OTB","MBS",2173273.13317392,9683.63951339297,198729.078046204,271103.463395431,97566.3039565068,727950.285090017,65124.8360181366,790,882823.497735238,419354.577371944,1196203.34991723,403128.228809077
"1400:111:1",2017,"VL2440","OTB","MBS",2467060.3258293,90033.6270255723,238996.890687956,425137.806540079,251791.131499499,802037.752568825,7047.01807478455,192,581588.940001335,277321.674234319,1363846.44989302,554761.679249412
"1400:111:1",2018,"VL0612","OTB","MBS",239572.284838266,0,56477.9536063317,26283.9191052994,18030.4819683414,29674.1551961459,51811.4381761872,299,56831.8438089231,28190.4935431252,110589.436615168,29103.8432428348
"1400:111:1",2018,"VL1218","OTB","MBS",5578802.0011494,1229.74436470283,343162.677376828,630124.719590536,235321.883029255,1807670.24595055,333974.14463319,2451.1,1497054.83469682,573294.44110926,3798128.02440822,1656483.63382448
"1400:111:1",2018,"VL1824","OTB","MBS",4776183.32374699,35623.8465582466,401323.194168126,464410.814735207,249930.897851478,1496355.73252648,170375.08039892,1694.3,1893377.02811749,899382.861318082,2796759.40223234,1130028.58930694
"1400:111:1",2018,"VL2440","OTB","MBS",6998666.1722661,18202.5748922277,764474.993730877,1223018.41901412,798832.032389124,2578560.76813703,28298.8768357951,618.5,1873503.95516055,893351.330801698,3337191.97122252,730332.326249691
"1400:111:1",2019,"VL0612","OTB","MBS",233302.473853741,0,13741.0447175773,23783.9538337058,31072.6712799568,25469.5075518225,76978.0272713262,259,49228.9215602378,24419.1900590951,140285.613963406,37838.0791402576
"1400:111:1",2019,"VL1218","OTB","MBS",5253704.9612213,6593.09363478734,532020.128874785,461016.670720355,143400.777843603,1821263.97736566,207620.748171325,2414.5,1474700.70514279,564733.967630169,3559126.50978718,1530241.78425019
"1400:111:1",2019,"VL1824","OTB","MBS",4629214.74021204,54428.3303240014,439410.635387385,453039.72784497,241949.641418049,1483740.49272848,163258.150414002,1719.5,1921537.98019714,912759.741507668,2636483.32437797,989484.681235492
"1400:111:1",2019,"VL2440","OTB","MBS",8852499.51531113,114047.894400691,779861.632283742,1623856.20102924,908924.914363272,3177676.70819376,61278.4310639333,794,2405112.59563052,1146840.67365651,4507063.98837906,1268108.84912136
"1400:111:1",2020,"VL0612","OTB","MBS",161757.165974915,0,61295.4992018244,21293.3576282782,4346.23288483466,22936.8311972634,46829.3628278221,152,28891.1045450044,14330.9532393145,60491.1230206627,-9275.07100442281
"1400:111:1",2020,"VL1218","OTB","MBS",4919962.45270814,3073.98098457715,374250.179778525,483881.496634018,169267.523035597,1884344.74404649,243424.653954389,1721.5,1051438.08817697,402646.314050667,3492990.92019391,1365221.52219303
"1400:111:1",2020,"VL1824","OTB","MBS",4214793.93976063,56778.8802677165,505947.673937008,394331.065212598,238719.406998425,1505549.96737008,165537.69160315,1506.5,1683510.88523815,799693.254190929,2332881.41968939,661793.760716158
"1400:111:1",2020,"VL2440","OTB","MBS",9269047.52071841,96866.6630366636,1071535.17962983,1861840.59077905,905152.573369264,3412655.50134347,19603.4056884098,835,2529306.06719331,1206060.40617529,4321325.43380163,889066.526769752
"1400:111:1",2021,"VL0612","OTB","MBS",137119.669367494,0,11585.5450920737,6278.29080864692,1157.3034427542,31775.2260448359,19885.1414504404,239,45427.4604358951,22533.53831708,95564.9917069392,43904.624211663
"1400:111:1",2021,"VL1218","OTB","MBS",4761097.5799357,761.973284345886,319357.530095788,423817.96964506,213146.685717754,1661054.56344509,246289.634545755,1588,969900.484475769,371421.636196607,3434115.73156484,1526771.533574
"1400:111:1",2021,"VL1824","OTB","MBS",2408752.21006704,11749.0067022147,207186.687367381,269589.894766535,125236.84266002,860094.569823366,128781.430768033,888.5,992897.060427543,471641.192398699,1346846.59957662,357970.59898522
"1400:111:1",2021,"VL2440","OTB","MBS",2940716.20035088,26453.1656086717,268298.569432778,445134.018548973,315307.932669665,1023108.55081514,17714.6978597638,204,617938.248751419,294654.278873964,1643774.56643417,602951.317759267
"1400:111:1",2022,"VL0612","OTB","MBS",488895.168632219,4956.79799392097,107389.378237082,26117.2725835866,25399.1998176292,105039.694042553,94754.555174772,289,54931.1132467518,27247.6676721177,307698.448315724,107904.199098399
"1400:111:1",2022,"VL1218","OTB","MBS",4503250.36315962,124.237909725189,452420.007179268,279802.85455361,159249.586618254,1501770.13195358,174160.094808486,1414,863626.753809028,330724.303263226,3281177.84945499,1605247.62269292
"1400:111:1",2022,"VL1824","OTB","MBS",2309896.75244117,19201.7568220157,199690.552604694,179655.142704403,82492.0125875593,775377.027726192,67768.1107542432,729.5,815214.862782097,387239.448345358,1480021.35302117,636876.214540738
"1400:111:1",2022,"VL2440","OTB","MBS",2304768.28042407,21210.0865952933,242809.178197648,437006.630585568,109345.442208721,776075.092798699,10670.2257346412,156.5,474055.568282338,226046.052175369,1310771.06385206,524025.745318716
"1400:111:1",2023,"VL0612","OTB","MBS",302713.199179487,0,33302.4652115385,50156.3241089744,7166.49563461538,67999.9107884616,65956.144,361,68616.3732943855,34036.0139433719,178051.900280987,44095.8454925255
"1400:111:1",2023,"VL1218","OTB","MBS",3627186.32644428,731.782544422085,322252.250710835,437907.98525863,148898.949246393,1280404.58198594,191613.472207376,1120.5,684366.179379785,262076.790527896,2456782.13324495,984764.079051633
"1400:111:1",2023,"VL1824","OTB","MBS",2052803.62113621,57371.1760804511,192546.656043911,213968.15042966,127774.631284886,762053.71963712,64237.3452715303,647,723021.269664176,343446.090581833,1232439.26887637,406148.203967717
"1400:111:1",2023,"VL2440","OTB","MBS",1300467.79297578,44403.7828338128,147625.110084439,272239.145979401,133830.567308156,468826.78653243,10978.5624793542,87,263532.488438105,125661.383637426,665515.368800173,185710.019788389
"1400:111:1",2024,"VL0612","OTB","MBS",0,0,0,0,0,0,0,262,49799.1407288892,24702.0378203973,-24702.0378203973,-24702.0378203973
"1400:111:1",2024,"VL1218","OTB","MBS",0,0,0,0,0,0,0,1061,648025.449640296,248160.173806423,-248160.173806423,-248160.173806423
"1400:111:1",2024,"VL1824","OTB","MBS",0,0,0,0,0,0,0,570,636973.91608745,302572.290002542,-302572.290002542,-302572.290002542
"1400:111:1",2024,"VL2440","OTB","MBS",0,0,0,0,0,0,0,63,190833.870937938,90996.1743581358,-90996.1743581358,-90996.1743581358
"1400:111:2",2013,"VL0612","OTB","MBS",280062.310983731,0,30771.9994438138,36883.2418009837,10330.6265569429,91456.9273628453,23170.0065455921,379,72037.6883062939,35733.1005111855,166343.342670805,51716.4087623673
"1400:111:2",2013,"VL1218","OTB","MBS",2424632.91086142,4797.98277153558,245000.653183521,169806.709363296,195937.980524345,881179.294382023,117093.085393258,1480,903937.479234344,346161.22265175,1472524.32791005,474251.948134766
"1400:111:2",2013,"VL1824","OTB","MBS",4842260.7882117,15160.0807777698,353490.682174318,556814.451074268,104536.658905679,808875.875234548,281354.012411373,2415,2698757.90763367,1281951.01816866,2560628.05866654,1470398.17102062
"1400:111:2",2013,"VL2440","OTB","MBS",8764794.85245686,22966.045842775,783585.610925571,1998863.63938382,803258.960273662,2463285.45980826,60957.0024063099,662,2005270.1993796,956182.022620411,4245870.66509616,1721628.20288159
"1400:111:2",2014,"VL0612","OTB","MBS",190953.610357409,0,42011.8323976173,2372.44740134028,2119.26580044676,32478.4078257632,32478.4078257632,326,61963.8163267858,30736.1233948455,113713.941363159,48757.1257116325
"1400:111:2",2014,"VL1218","OTB","MBS",2898512.09052489,0,210962.934923838,303359.339561948,154186.618082856,1061135.24611235,122611.909167556,1511,922871.304812901,353411.896909996,1876591.30104625,692844.14576634
"1400:111:2",2014,"VL1824","OTB","MBS",5009327.22136353,13972.3644415272,457115.300736025,482170.348019254,292898.15949721,1487199.10056274,235605.601165299,2138,2389210.93437714,1134911.50179901,2656204.27575356,933399.57402552
"1400:111:2",2014,"VL2440","OTB","MBS",12822097.8942091,100532.839947259,676182.101409978,1364249.87613245,933697.989345413,2308754.12045426,31167.3263047084,725,2196104.07031754,1047178.19697855,8901322.57028996,6561401.123531
"1400:111:2",2015,"VL0612","OTB","MBS",263899.648417266,0,12537.0543165468,34108.0700719424,15360.6825899281,97723.6404316547,0,266,50559.4329537577,25079.1681688004,176814.673270049,79091.0328383939
"1400:111:2",2015,"VL1218","OTB","MBS",2221826.18252015,443.665362629718,213072.5978735,169372.841731115,77118.0664328367,834382.551506174,62621.7368021334,1153,704216.157808918,269678.303863154,1493028.03798217,596023.749673862
"1400:111:2",2015,"VL1824","OTB","MBS",4461681.19005294,35042.8465929214,425323.468772222,451122.650800795,201707.250726819,1454156.46486973,159312.459376979,2077,2321043.5503748,1102530.95848295,2316039.70786308,702570.783616367
"1400:111:2",2015,"VL2440","OTB","MBS",10820442.2585386,251640.354217323,969582.24136063,2061043.95906142,968621.336759055,2875452.20543622,94917.1513606299,819,2480840.3221932,1182950.26665577,5889884.80891903,2919515.45212219
"1400:111:2",2016,"VL0612","OTB","MBS",143726.489360834,0,9421.01654125113,17293.5094877606,3208.59571622847,46826.1084542158,16019.4575611967,293,55691.4054716203,27624.7980205207,86178.5695950731,23333.0035796606
"1400:111:2",2016,"VL1218","OTB","MBS",3821684.86270825,42155.3501285292,310896.679140629,409263.502151116,225481.193082011,1201684.57597526,201130.407400914,1254,765903.783080991,293301.468381956,2624897.37008107,1222082.3867049
"1400:111:2",2016,"VL1824","OTB","MBS",5847497.05831214,57738.4898611314,572652.194393607,644827.783087268,305741.261720021,1914771.37373337,171174.146938557,1922,2147831.34512295,1020252.52874541,3361761.78022696,1275816.25955503
"1400:111:2",2016,"VL2440","OTB","MBS",8917265.42414113,66684.5829303621,861759.873721448,1850839.92600928,604113.088150418,2343586.26981058,51349.8886778087,796,2411170.81375554,1149729.44109645,4517507.6780939,2122571.5196055
"1400:111:2",2017,"VL0612","OTB","MBS",206027.160356506,0,27981.8262388592,19488.5190017825,6607.06973262032,66017.5157932264,21573.0460055853,254,48278.5562791521,23947.7771235913,128001.968259653,40411.4064608413
"1400:111:2",2017,"VL1218","OTB","MBS",2019189.89655505,198.588080774914,195833.371974651,183459.356970744,95954.2285428337,599332.06145408,141311.192414776,1152,703605.389241868,269444.411145146,1274697.11600245,534053.862133593
"1400:111:2",2017,"VL1824","OTB","MBS",5347902.49479761,23829.1078658683,489024.465470659,667120.421317365,240087.208723353,1791310.57495569,160256.558505389,1944,2172416.30328773,1031930.75748235,2943568.74966974,992001.616208666
"1400:111:2",2017,"VL2440","OTB","MBS",10420760.0221227,380298.289154891,1009512.90806215,1795764.38075002,1063555.24815674,3387774.04861103,29766.3107221368,811,2456607.44969314,1171395.196896,5760830.57741271,2343290.21807954
"1400:111:2",2018,"VL0612","OTB","MBS",108969.33357192,0,25688.9688644184,11955.2274191328,8201.15567790778,13497.274604267,23566.4066620785,136,25849.9356455303,12822.4318457024,50301.5497647587,13237.8684984132
"1400:111:2",2018,"VL1218","OTB","MBS",2530956.64202935,557.902873627983,155683.936699047,285871.114268972,106759.387184746,820092.739381099,151515.339574928,1112,679174.646559858,260088.702424828,1723111.40432538,751503.325369352
"1400:111:2",2018,"VL1824","OTB","MBS",5630331.67238379,41994.6342033795,473093.794317416,547463.684277064,294627.269243202,1763956.3858674,200844.09377369,1997.3,2231978.95193239,1060223.92074049,3296917.638009,1332117.15836791
"1400:111:2",2018,"VL2440","OTB","MBS",6744066.35193306,17540.3955307481,736664.666553925,1178527.04564659,769771.853361225,2484757.02151927,27269.4108231752,596,1805349.00125414,860852.697102364,3215790.48479971,703764.052457261
"1400:111:2",2019,"VL0612","OTB","MBS",82871.9212144563,0,4880.98885720891,8448.35425753256,11037.3967480928,9047.08376358172,27343.5463666487,92,17486.7211719764,8673.99801326929,49831.1833383528,13440.5532081224
"1400:111:2",2019,"VL1218","OTB","MBS",2502282.3381257,3140.21854628513,253395.381323671,219577.209081967,68300.225520871,867448.156541939,98887.4965404943,1150,702383.852107767,268976.62570913,1695173.11503634,728837.461953911
"1400:111:2",2019,"VL1824","OTB","MBS",5097655.19662199,59936.0531948221,483875.567377733,498883.817781012,266433.059624935,1633883.46785774,179778.602971162,1893.5,2115982.64931857,1005123.91424529,2903274.89078784,1089612.81995894
"1400:111:2",2019,"VL2440","OTB","MBS",7469993.29377639,96236.8882222454,658069.639332629,1370256.49205239,766976.94285062,2681414.85452118,51708.4997642762,670,2029503.07187966,967737.092380175,3803190.01538283,1070066.66109737
"1400:111:2",2020,"VL1218","OTB","MBS",3039430.76878019,1899.02920540099,231202.47818441,298929.986448027,104569.277228206,1164101.44367902,150381.713320066,1063.5,649552.371057922,248744.905601443,2157883.15052351,843399.993524418
"1400:111:2",2020,"VL1824","OTB","MBS",4742167.75831017,63883.3070386854,569254.103765834,443671.52707292,268589.044050668,1693931.09504964,186250.505985621,1695,1894159.27678637,899754.441323348,2624781.94913608,744600.348100822
"1400:111:2",2020,"VL2440","OTB","MBS",7770458.99940466,81205.5857792389,898292.964959143,1560824.44735969,758810.540549084,2860908.80352147,16433.9927926789,700,2120376.34375487,1011068.60397929,3622668.0283367,745325.232022547
"1400:111:2",2021,"VL0612","OTB","MBS",9179.55945556445,0,775.601345076061,420.303987189752,77.4763811048839,2127.21178542834,1331.22285860689,16,3041.16889947415,1508.52139361205,6397.6563485817,2939.22170454648
"1400:111:2",2021,"VL1218","OTB","MBS",3085119.27566363,493.747172287101,206938.852939903,274627.639020634,138115.830984615,1076338.25301322,159591.96092417,1029,628480.855494689,240675.606830169,2225255.09306059,989324.879123203
"1400:111:2",2021,"VL1824","OTB","MBS",3594828.84698806,17534.2519832715,309206.01851339,402336.74784516,186903.830463912,1283607.65288214,192193.784128769,1326,1481802.47847712,703878.695690124,2010037.80645875,534236.369447836
"1400:111:2",2021,"VL2440","OTB","MBS",9996993.55364381,89927.7958314404,912083.61716486,1513237.46011624,1071892.40836477,3478067.54897207,60221.2890477754,693.5,2100687.13484857,1001680.10979948,5588027.7540299,2049738.91601006
"1400:111:2",2022,"VL0612","OTB","MBS",236835.029787234,2401.2170212766,52022.5361702128,12651.9659574468,12304.1106382979,50884.2808510638,45901.8606382979,140,26610.2278703988,13199.5621941054,149058.071848448,52271.930359086
"1400:111:2",2022,"VL1218","OTB","MBS",3246862.62039691,89.5760600882814,326196.744921686,201739.045415421,114819.627692582,1082782.63757191,125570.167367222,1019.5,622678.554107712,238453.626009094,2365743.15241822,1157390.34747909
"1400:111:2",2022,"VL1824","OTB","MBS",3962763.24287886,32941.7390853361,342580.845215593,308208.92542092,141519.8817729,1330204.72953986,116260.16533096,1251.5,1398548.87014639,664331.966558212,2539063.36299657,1092598.46812575
"1400:111:2",2022,"VL2440","OTB","MBS",8512179.3360071,78335.0163072174,896764.888167673,1613992.53979845,403844.508604733,2866270.94976133,39408.245844234,578,1750825.03812902,834853.790142897,4841058.62560056,1935379.429995
"1400:111:2",2023,"VL0612","OTB","MBS",227244.534564103,0,24999.9115576923,37651.9773782051,5379.83467307692,51047.0244423077,49512.784,271,51509.7982348434,25550.5811043041,133662.229850824,33102.4214085164
"1400:111:2",2023,"VL1218","OTB","MBS",3195031.5967876,644.59560137849,283858.073584644,385734.209237187,131158.646056394,1127853.03205723,168784.022372763,987,602828.575678579,230852.112673836,2164073.15083691,867436.096406926
"1400:111:2",2023,"VL1824","OTB","MBS",3696950.19991949,103321.320508411,346762.540374598,385341.095642412,230112.829015687,1372403.39122283,115686.792442638,1165.2,1302108.78425456,618521.46019467,2219533.59520053,731443.41153506
"1400:111:2",2023,"VL2440","OTB","MBS",8415670.89017661,287348.617648696,955321.114684359,1761731.48490118,866052.981545885,3033902.07836504,71045.1801824874,563,1705388.40219141,813188.034343341,4306725.89235054,1201778.63380302
"1400:111:2",2024,"VL0612","OTB","MBS",0,0,0,0,0,0,0,221,42006.1454239867,20836.4517492665,-20836.4517492665,-20836.4517492665
"1400:111:2",2024,"VL1218","OTB","MBS",0,0,0,0,0,0,0,780,476399.482299181,182436.320046193,-182436.320046193,-182436.320046193
"1400:111:2",2024,"VL1824","OTB","MBS",0,0,0,0,0,0,0,1084,1211367.93866455,575418.179583781,-575418.179583781,-575418.179583781
"1400:111:2",2024,"VL2440","OTB","MBS",0,0,0,0,0,0,0,526,1593311.36687866,759745.836704436,-759745.836704436,-759745.836704436
"1400:112:1",2013,"VL0612","OTB","MBS",738.950688611426,0,81.1926106696935,97.3172606886114,27.2575898600076,241.311153991676,61.1345819144911,1,190.073056217134,94.2825871007532,438.900640292361,136.454904386193
"1400:112:1",2013,"VL1218","OTB","MBS",345674.016345784,684.036732968924,34929.1471768398,24208.929510578,27934.4012774572,125627.588590951,16693.6763634983,211,128872.167647599,49351.3634996752,209934.211614203,67612.9466597539
"1400:112:1",2013,"VL1824","OTB","MBS",471193.078770083,1475.2045477333,34397.6440211034,54182.7726718232,10172.3042827473,78710.4888944592,27378.1337129079,235,262612.053123773,124744.71605368,249170.846288463,143082.223681096
"1400:112:1",2013,"VL2440","OTB","MBS",34304506.7412624,89886.7443785951,3066873.59200627,7823346.96320769,3143873.06052728,9641046.26338853,238579.445973941,2591,7848421.58095552,3742398.21844333,16617901.6514564,6738275.94209397
"1400:112:1",2014,"VL0612","OTB","MBS",37487.8253462398,0,8247.72169769174,465.756545048399,416.0521816828,6376.12914370812,6376.12914370812,64,12164.6755978966,6034.08557444821,22324.2093473686,9571.95105995239
"1400:112:1",2014,"VL1218","OTB","MBS",577400.489244203,0,42025.045276026,60430.9471926846,30714.872298438,211384.321032308,24425.0063927428,301,183841.33868212,70401.7081203897,373827.916356665,138018.588931614
"1400:112:1",2014,"VL1824","OTB","MBS",831763.874454655,2320.013740291,75900.8099912482,80061.0259807461,48633.6981391533,246939.046164533,39120.6681074281,355,396711.824931658,188444.145527899,441044.2085559,154984.494283938
"1400:112:1",2014,"VL2440","OTB","MBS",36591614.5422326,286899.925311556,1929683.81767896,3893286.88788695,2664580.88269746,6588706.58651015,88945.100861299,2069,6267226.65032689,2988429.91661878,25402532.962662,18724881.2752905
"1400:112:1",2015,"VL0612","OTB","MBS",65478.8601336074,0,3110.69768756423,8462.90460431655,3811.29718396711,24247.2190544707,0,66,12544.8217103309,6222.65074864971,43871.3099091098,19624.0908546391
"1400:112:1",2015,"VL1218","OTB","MBS",447063.030654531,89.2717815525538,42873.2373865152,34080.224875645,15517.251875471,167889.637423619,12600.3841614007,232,141698.307555654,54263.1105778419,300418.47772061,119928.456135591
"1400:112:1",2015,"VL1824","OTB","MBS",977402.475432878,7676.69484823266,93173.8942182768,98825.6168099961,44187.1926243151,318556.182723027,34899.9369362184,455,508461.634771561,241527.003423082,507365.463205441,153909.343546195
"1400:112:1",2015,"VL2440","OTB","MBS",24930616.0462299,579786.750193026,2233945.89676131,4748705.67857008,2231731.9444009,6625126.14366074,218691.898189876,1887,5715928.80095062,2725552.07958416,13570467.1971065,6726649.15525588
"1400:112:1",2016,"VL0612","OTB","MBS",59845.1593925657,0,3922.74408884859,7200.71043517679,1336.0023118767,19497.5605167724,6670.21782411605,122,23188.9128584904,11502.4756262919,35883.2269303718,9715.44858948327
"1400:112:1",2016,"VL1218","OTB","MBS",947802.226716322,10454.7957655284,77104.3598187685,101499.95946491,55920.7743608497,298025.441091154,49881.6241640226,311,189949.024352622,72740.6353004691,650991.293536853,303084.228281677
"1400:112:1",2016,"VL1824","OTB","MBS",1405589.82359012,13878.8669697413,137651.04776787,155000.226735857,73492.4364800468,460262.421781903,41145.9187750329,462,516284.121460355,245242.803475744,808082.176100341,306673.835543405
"1400:112:1",2016,"VL2440","OTB","MBS",19548527.845636,146186.679916435,1889159.52216574,4057431.74734447,1324343.3904805,5137635.7296727,112569.793646704,1745,5285795.31407463,2520449.59134836,9903330.27421338,4653124.75089397
"1400:112:1",2017,"VL0612","OTB","MBS",84357.5774688057,0,11457.1257040998,7979.55108734403,2705.25689839572,27030.7938680927,8833.05820701129,104,19767.597846582,9805.38905847833,52410.2547204878,16546.4026453838
"1400:112:1",2017,"VL1218","OTB","MBS",546863.930316992,53.7842718765392,53038.2049098013,49686.9091795764,25987.6035636841,162319.099977147,38271.7812790018,312,190559.792919672,72974.528018477,345230.46891733,144639.587661182
"1400:112:1",2017,"VL1824","OTB","MBS",1064628.73739026,4743.75758440896,97352.0926631404,132806.380169661,47795.1387736305,356603.494088401,31902.925998758,387,432471.764080427,205430.660054357,585988.223313884,197481.803226725
"1400:112:1",2017,"VL2440","OTB","MBS",19094018.9801164,696822.759166669,1849736.35188699,3290389.48186749,1948758.44483467,6207438.0224858,54540.9836413012,1486,4501256.06688533,2146354.20787603,10555603.2528179,4293624.24669076
"1400:112:1",2018,"VL0612","OTB","MBS",2403.73529938059,0,566.66843083276,263.718251892636,180.907845836201,297.733998623538,519.847205781143,3,570.219168651403,282.84776130226,1109.59300951674,292.011805112055
"1400:112:1",2018,"VL1218","OTB","MBS",457484.069287678,100.843954675562,28140.7115795939,51672.7463741577,19297.3352735018,148236.187603958,27387.215156979,201,122764.481977097,47012.4363195958,311461.683695505,135838.280934568
"1400:112:1",2018,"VL1824","OTB","MBS",785365.445314236,5857.76052123443,65991.0534706014,76364.78367776,41097.0596360868,246051.293797956,28015.4030568017,278.6,311334.970213971,147888.842095979,459881.466955043,185814.770100286
"1400:112:1",2018,"VL2440","OTB","MBS",18025667.2795795,46882.2987927546,1968971.16412819,3149989.23442116,2057460.67517522,6641305.26053725,72886.1936934867,1593,4825370.73657358,2300903.26591286,8595225.23873479,1881033.78450405
"1400:112:1",2019,"VL0612","OTB","MBS",4503.90876165524,0,265.271133543962,459.149687909378,599.858518918086,491.689334977267,1486.06230253525,5,950.365281085671,471.412935503766,2708.21648578004,730.464848267522
"1400:112:1",2019,"VL1218","OTB","MBS",402541.071785438,505.165592228477,40763.604821634,35323.2901566642,10987.4275837923,139546.007791529,15907.9885739056,185,112992.184904293,43270.1528314688,272701.761984107,117247.765618673
"1400:112:1",2019,"VL1824","OTB","MBS",765927.068095566,9005.44342958906,72702.719260082,74957.7217632415,40031.795861259,245492.39324295,27011.8893822527,284.5,317928.208994526,151020.730711795,436219.543928778,163715.261303575
"1400:112:1",2019,"VL2440","OTB","MBS",17643678.190151,227305.78449508,1554321.20036401,3236464.02787,1811553.74934494,6333341.80191011,122132.389368608,1582.5,4793565.09141725,2285737.23685317,8982907.76021392,2527433.56893521
"1400:112:1",2020,"VL0612","OTB","MBS",9577.7269327252,0,3629.33876852908,1260.79091220068,257.342736602052,1358.10184720639,2772.79122006841,9,1710.65750595421,848.543283906779,3581.71123148661,-549.181835788194
"1400:112:1",2020,"VL1218","OTB","MBS",60874.3539022267,38.0341533380734,4630.57149537182,5987.03216863467,2094.33531261006,23314.8667140228,3011.87634576154,21.3,13009.3704781699,4981.91489356911,43218.5341853791,16891.7911255948
"1400:112:1",2020,"VL1824","OTB","MBS",679850.59897898,9158.49180554605,81609.8803628894,63606.0065361178,38505.6859612461,242846.758759329,26701.3999731599,243,271552.037910966,128991.344685294,376296.173238979,106748.01450649
"1400:112:1",2020,"VL2440","OTB","MBS",16667634.553723,174185.981496467,1926838.40983736,3347968.43958653,1627648.60947779,6136649.38355356,35250.9145402962,1501.5,4548207.25735419,2168742.15553557,7770622.92078222,1598722.62268836
"1400:112:1",2021,"VL0612","OTB","MBS",17785.3964451561,0,1502.72760608487,814.338975180144,150.110488390713,4121.47283426741,2579.24428855084,31,5892.26474273116,2922.76020012335,12395.4591753771,5694.7420525588
"1400:112:1",2021,"VL1218","OTB","MBS",467714.875610812,74.8537987140795,31372.6540900144,41634.5108719328,20938.843181341,163176.644771683,24194.6996153261,156,95279.8964598362,36487.2640092385,337356.457257,149985.11286999
"1400:112:1",2021,"VL1824","OTB","MBS",921750.986407195,4495.96204699269,79283.5944906127,103163.268678246,47924.0590933109,329130.167405677,49280.4574689151,340,379949.353455672,180481.716843621,515394.309348397,136983.684473804
"1400:112:1",2021,"VL2440","OTB","MBS",20621051.591186,185496.340211789,1881377.95869406,3121393.20359954,2211019.59648998,7174297.95069148,124219.976903883,1430.5,4333140.5139162,2066190.91141767,11526566.2611965,4228048.33360113
"1400:112:1",2022,"VL0612","OTB","MBS",55825.3998784194,566.001155015198,12262.4549544073,2982.24911854103,2900.25465045593,11994.1519148936,10819.7242933131,33,6272.41085516543,3111.32537432486,35135.1169357055,12321.2407274989
"1400:112:1",2022,"VL1218","OTB","MBS",160830.370112844,4.43706820447102,16157.8573992596,9992.95909120034,5687.48523636623,53634.6475697708,6220.00338601737,50.5,30843.8126360367,11811.5822594009,117184.923194821,57330.2722390328
"1400:112:1",2022,"VL1824","OTB","MBS",1051248.41920558,8738.83929391258,90880.4159900734,81762.1759806195,37542.6294435499,352878.921460035,30841.6898840421,332,371009.36866848,176235.088212007,673566.948873241,289846.337529164
"1400:112:1",2022,"VL2440","OTB","MBS",20234834.6153525,186215.073366984,2131755.97983111,3836722.75031674,960004.074088068,6813592.18853298,93679.8093252206,1374,4161995.85188455,1984583.23123934,11507983.6532443,4600711.65538605
"1400:112:1",2023,"VL0612","OTB","MBS",32703.088,0,3597.77325,5418.55025,774.21975,7346.25075,7125.456,39,7412.84919246824,3677.02089692937,19235.5238530706,4763.81710307063
"1400:112:1",2023,"VL1218","OTB","MBS",139195.905432489,28.0826857743415,12366.6637934546,16805.0364713263,5714.10514734038,49136.4542841547,7353.3059392389,43,26263.04838316,10057.3868743414,94280.7958318007,37791.0356084071
"1400:112:1",2023,"VL1824","OTB","MBS",788441.576278744,22035.1425904051,73953.3910771436,82180.9665869716,49075.7277809803,292689.875316575,24672.3034002709,248.5,277698.27745216,131910.901869529,473355.731554524,155993.552837678
"1400:112:1",2023,"VL2440","OTB","MBS",19477121.083304,665035.965890322,2210982.97057499,4077328.81851907,2004381.94485664,7021624.17070984,164426.056443661,1303,3946929.10844656,1882031.98712144,9967431.32812213,2781381.10096863
"1400:112:1",2024,"VL0612","OTB","MBS",0,0,0,0,0,0,0,3,570.219168651403,282.84776130226,-282.84776130226,-282.84776130226
"1400:112:1",2024,"VL1218","OTB","MBS",0,0,0,0,0,0,0,80,48861.4853640186,18711.4174406351,-18711.4174406351,-18711.4174406351
"1400:112:1",2024,"VL1824","OTB","MBS",0,0,0,0,0,0,0,234,261494.555025374,124213.887474728,-124213.887474728,-124213.887474728
"1400:112:1",2024,"VL2440","OTB","MBS",0,0,0,0,0,0,0,1214,3677338.40188344,1753481.83604408,-1753481.83604408,-1753481.83604408
"1400:112:2",2013,"VL1824","OTB","MBS",258654.924090811,809.793134713171,18882.1109732865,29742.8837219795,5583.9457552102,43207.0343292989,15028.8478679367,129,144157.254693476,68476.8866847858,136778.890090263,78543.007893027
"1400:112:2",2014,"VL0612","OTB","MBS",377221.242546538,0,82992.6995830231,4686.67523454952,4186.52507818317,64159.7995085629,64159.7995085629,644,122407.048203834,60717.9860928851,224637.356557897,96317.7575407709
"1400:112:2",2014,"VL1218","OTB","MBS",491078.156965169,0,35742.2311982148,51396.420203745,26122.9478684389,179782.013901232,20773.4273639274,256,156356.753164859,59876.5358100324,317940.021884738,117384.580619579
"1400:112:2",2014,"VL1824","OTB","MBS",2741306.29045619,7646.24246800131,250151.965323269,263863.099711191,160285.709360026,813855.447922547,128932.906156876,1170,1307472.77512687,621069.437373638,1453582.32115606,510793.967076641
"1400:112:2",2014,"VL2440","OTB","MBS",12114671.8034941,94986.2005018927,638875.502711497,1288980.91744928,882183.617519459,2181374.58277402,29447.7496810004,685,2074939.70781726,989402.848179731,8410215.11813604,6199392.78568102
"1400:112:2",2015,"VL0612","OTB","MBS",421644.175102775,0,20031.0078365879,54495.976618705,24542.443987667,156137.395426516,0,425,80781.0488922821,40070.0995178201,282504.647141995,126367.251715479
"1400:112:2",2015,"VL1218","OTB","MBS",749601.374675054,149.684150965273,71886.5919972172,57143.1356751116,26018.1507739579,281504.607576671,21127.3682706244,389,237588.97258254,90984.2673050884,503718.913074644,201086.937227348
"1400:112:2",2015,"VL1824","OTB","MBS",2564875.94652056,20144.9970303072,244504.680651918,259335.794442056,115954.962622928,835947.433343505,91583.5707732852,1194,1334292.72948845,633809.323268482,1331416.18256549,403885.178448696
"1400:112:2",2015,"VL2440","OTB","MBS",9882406.36066772,229825.378454893,885528.103220697,1882369.81853228,884650.50048324,2626176.12901867,86688.6803635546,748,2265773.5787552,1080399.02253787,5379284.29434852,2666419.4849663
"1400:112:2",2016,"VL0612","OTB","MBS",233003.694356301,0,15272.9790344515,28035.5529238441,5201.64834542158,75912.6331595648,25970.1103807797,475,90284.7017031388,44784.2288728578,139709.285179726,37826.5416393816
"1400:112:2",2016,"VL1218","OTB","MBS",795422.447501479,8773.96043344985,64708.1604909922,85181.6380075289,46930.296167787,250111.383037913,41862.0704399032,261,159410.596000111,61045.9994000721,546330.313868548,254356.860390732
"1400:112:2",2016,"VL1824","OTB","MBS",3261455.17508356,32203.7779038152,319398.102179993,359654.205759392,170527.904559762,1067968.21677533,95472.7812269161,1072,1197957.96148377,569048.236636359,1875030.50385187,711589.505849632
"1400:112:2",2016,"VL2440","OTB","MBS",7572954.05366759,56631.630729805,731846.32491922,1571818.83163603,513040.763303621,1990281.80702507,43608.6994298979,676,2047677.7262547,976403.394699997,3836476.36983854,1802585.86338357
"1400:112:2",2017,"VL0612","OTB","MBS",297684.912798574,0,40430.4339750446,28158.6081639929,9546.43540106952,95387.5129768271,31170.503480511,367,69756.8116316883,34601.7094659764,184947.725792491,58389.7093351525
"1400:112:2",2017,"VL1218","OTB","MBS",580166.541458091,57.059596125431,56268.095593411,52712.7145462814,27570.1819858316,172203.916962934,40602.4346261205,331,202164.395693627,77418.4896606279,366254.119268065,153447.76767901
"1400:112:2",2017,"VL1824","OTB","MBS",3028827.49319556,13495.8064610705,276962.930289709,377829.004048569,135975.31728622,1014523.11884064,90762.5879189473,1101,1230365.40633734,584442.265425962,1667113.78260617,561828.075846574
"1400:112:2",2017,"VL2440","OTB","MBS",8673258.95799364,316524.470011778,840223.443824845,1494625.10111747,885203.196677927,2819663.97387478,24774.6729191644,675,2044648.61719219,974959.010980027,4794772.67540515,1950334.02861121
"1400:112:2",2018,"VL0612","OTB","MBS",174671.43175499,0,41177.9059738472,19163.5263041982,13145.9701307639,21635.3372333104,37775.5636200963,218,41435.9262553353,20553.6039879642,80630.4253582161,21219.5245048093
"1400:112:2",2018,"VL1218","OTB","MBS",113802.007285492,25.0855608645676,7000.17700984922,12853.9170084969,4800.33215758751,36874.6735333228,6812.74008880074,50,30538.4283525116,11694.635900397,77478.0307700261,33790.6171479025
"1400:112:2",2018,"VL1824","OTB","MBS",761404.188009243,5679.04205594192,63977.6867997467,74034.9177005132,39843.2010326886,238544.344776841,27160.6617575095,270.1,301836.23637758,143376.799174889,445850.625357348,180145.618822998
"1400:112:2",2018,"VL2440","OTB","MBS",2840202.44015973,7386.97865472781,310239.649840663,496325.987344451,324182.441600113,1046432.90671365,11484.2652963372,251,760306.374689245,362540.313712573,1354301.02631666,296383.854306665
"1400:112:2",2019,"VL0612","OTB","MBS",77467.2307004701,0,4562.66349695615,7897.3746320413,10317.5665253911,8457.056561609,25560.2716036064,86,16346.2828346735,8108.30249066478,46581.3235554167,12563.9953902014
"1400:112:2",2019,"VL1218","OTB","MBS",139257.451860908,174.759988662825,14102.0038301869,12219.9490271703,3801.0560289876,48275.375668421,5503.30415529707,64,39089.1882912149,14969.1339525081,94340.0690107183,40561.3891870003
"1400:112:2",2019,"VL1824","OTB","MBS",807655.959327486,9496.07391520815,76663.6758454291,79041.5343724867,42212.7900118724,258867.198498717,28483.5388916549,300,335249.429519711,159248.573685548,459985.459327358,172634.721936986
"1400:112:2",2019,"VL2440","OTB","MBS",3879936.8152749,49985.7270169274,341803.33505635,711715.312289896,398370.113600024,1392734.87966175,26857.5491312957,348,1054129.95375242,502645.534549703,1975388.24679586,555795.818002815
"1400:112:2",2020,"VL0612","OTB","MBS",152179.439042189,0,57666.1604332953,20032.5667160775,4088.89014823261,21578.729350057,44056.5716077537,143,27180.4470390502,13482.4099554077,56909.4117891761,-8725.88916863463
"1400:112:2",2020,"VL1218","OTB","MBS",217204.267444565,135.708716135849,16522.2269318431,21362.1805078045,7472.74571635513,83189.1957871235,10746.6010459097,76,46418.4110958177,17775.8465686034,154206.976436095,60271.1796030613
"1400:112:2",2020,"VL1824","OTB","MBS",609907.121717768,8216.2601383088,73213.8021362547,57062.1787031838,34544.1956360151,217862.524319069,23954.3423627525,218,243614.58545099,115720.630211498,337582.575169125,95765.7084873033
"1400:112:2",2020,"VL2440","OTB","MBS",3052680.32119469,31902.1944132724,352900.80766252,613181.032891305,298104.140929997,1123928.45852629,6456.2114542667,275,833004.992189412,397205.522991863,1423191.01113227,292806.341151715
"1400:112:2",2021,"VL0612","OTB","MBS",179001.409383507,0,15124.2262289832,8195.92775020016,1510.78943154524,41480.6298158527,25958.8457428343,312,59302.7935397459,29416.167175435,124754.298797343,57314.8232386563
"1400:112:2",2021,"VL1218","OTB","MBS",650603.384663758,104.123553339457,43640.166266238,57914.6721744194,29126.4677586603,226982.896893944,33655.4475418318,217,132536.7790499,50754.7198077228,469271.482210057,208633.137774281
"1400:112:2",2021,"VL1824","OTB","MBS",2103761.07485877,10261.3722013716,180953.145072693,235454.989689174,109379.617224733,751191.205608252,112475.3970467,776,867178.524357652,411922.977266618,1176311.71780693,312645.115151976
"1400:112:2",2021,"VL2440","OTB","MBS",9196945.76384246,82730.9787173165,839090.624010354,1392134.82271689,986110.103153168,3199721.84029442,55401.8491888691,638,1932571.58187944,921516.813341121,5140824.37933825,1885700.68985496
"1400:112:2",2022,"VL0612","OTB","MBS",512578.671610942,5196.91969604863,112591.631854103,27382.4691793313,26629.610881459,110128.12212766,99344.7412386018,303,57592.1360337917,28567.6238915282,322604.255500569,113131.392134308
"1400:112:2",2022,"VL1218","OTB","MBS",1152883.04912573,31.8063106934359,115824.641159049,71632.6968517728,40769.6961497935,384470.146935782,44586.9549651146,362,221098.221272184,84669.163918874,840018.657356934,410961.555456037
"1400:112:2",2022,"VL1824","OTB","MBS",2232319.68536124,18556.8725970132,192984.015882535,173621.488151617,79721.54746296,749336.263943749,65492.1426754509,705,787836.15937132,374234.148161039,1430315.3583001,615486.951680904
"1400:112:2",2022,"VL2440","OTB","MBS",8394363.70505891,77250.7946282248,884352.917397186,1591653.54270782,398254.965233041,2826599.37952242,38862.8029951789,570,1726592.16562896,823298.720383134,4774054.35396595,1908592.17144836
"1400:112:2",2023,"VL0612","OTB","MBS",257432.000410256,0,28320.9330192308,42653.7160705128,6094.49905769231,57828.1789807692,56090.128,307,58352.4282586602,28944.7542399312,151418.098022889,37499.79104212
"1400:112:2",2023,"VL1218","OTB","MBS",1298730.16882592,262.017989131763,115383.849161256,156794.898425491,53313.9298863479,458454.545553555,68608.0544842476,401.2,245040.349100553,93837.7584647852,879661.750877173,352599.150839371
"1400:112:2",2023,"VL1824","OTB","MBS",2363738.3272743,66061.0914682165,221711.373651799,246377.545703396,147128.439423864,877480.712719713,73967.2677392427,745,832536.083307282,395467.291319112,1419114.76864435,467666.788185393
"1400:112:2",2023,"VL2440","OTB","MBS",8707155.05067118,297301.189663172,988409.501427423,1822750.6038276,896049.488011506,3138983.94431196,73505.8924623426,582.5,1764456.0289103,841353.516882764,4455893.13018507,1243403.29341076
"1400:112:2",2024,"VL0612","OTB","MBS",0,0,0,0,0,0,0,144,27370.5200952673,13576.6925425085,-13576.6925425085,-13576.6925425085
"1400:112:2",2024,"VL1218","OTB","MBS",0,0,0,0,0,0,0,283.2,172969.658188626,66238.4177398484,-66238.4177398484,-66238.4177398484
"1400:112:2",2024,"VL1824","OTB","MBS",0,0,0,0,0,0,0,636,710728.790581787,337606.976213362,-337606.976213362,-337606.976213362
"1400:112:2",2024,"VL2440","OTB","MBS",0,0,0,0,0,0,0,544,1647835.33000378,785744.743663903,-785744.743663903,-785744.743663903
"1400:112:3",2017,"VL1824","OTB","MBS",2750.97864958725,12.2577715359405,251.555794995195,343.168941006875,123.501650577857,921.456057075972,82.4365012887805,1,1117.49809839904,530.828578951828,1514.18145559143,510.28889722668
"1400:112:3",2018,"VL1218","OTB","MBS",5690.10036427461,1.25427804322838,350.008850492461,642.695850424846,240.016607879375,1843.73367666614,340.637004440037,2.5,1526.92141762558,584.731795019848,3873.90153850131,1689.53085739513
"1400:112:3",2018,"VL1824","OTB","MBS",5637.94289529243,42.0514035982371,473.733334318747,548.203759352189,295.025553740753,1766.34094614469,201.115599833465,2,2234.99619679807,1061.65715790366,3301.37449357533,1333.91794759717
"1400:112:3",2018,"VL2440","OTB","MBS",45262.1902814299,117.720775374148,4944.05816479144,7909.57748756097,5166.2540494042,16676.2216209347,183.01618002131,4,12116.4362500278,5777.53487988164,21582.4864751658,4723.2486742098
"1400:112:3",2019,"VL1218","OTB","MBS",4351.79537065339,5.46124964571327,440.68761969334,381.873407099072,118.783000905863,1508.60548963816,171.978254853034,2,1221.53713410046,467.785436015878,2948.12715658495,1267.54341209376
"1400:112:3",2019,"VL1824","OTB","MBS",9422.65285882067,110.787529010762,894.409551530006,922.151234345678,492.482550138511,3020.11731581837,332.307953735973,3.5,3911.24334439663,1857.9000263314,5366.49702548584,2014.07175593151
"1400:112:3",2019,"VL2440","OTB","MBS",5574.62186102716,71.8185733001831,491.096745770618,1022.57947168088,572.370852873597,2001.05586158297,38.5884326599076,0.5,1514.55453125348,722.191859985205,2838.20150401704,798.557209774159
"1400:112:3",2020,"VL1824","OTB","MBS",2797.73909044848,37.6892666894899,335.843129065389,261.753113317357,158.459613009243,999.369377610407,109.882304416296,1,1117.49809839904,530.828578951828,1548.54392279415,439.292240767447
"1400:112:3",2020,"VL2440","OTB","MBS",49952.9507104585,522.035908580822,5774.74048902306,10033.8714473123,4878.06776067268,18391.5565940666,105.647096524364,4.5,13630.9907812813,6499.72673986684,23288.5801821645,4791.37649157352
"1400:112:3",2021,"VL1218","OTB","MBS",8994.51683866947,1.43949612911691,603.320270961816,800.663670614093,402.670061179635,3138.01239945545,465.282684910117,3,1832.3057011507,701.678154023818,6487.62417801922,2884.32909365365
"1400:112:3",2021,"VL1824","OTB","MBS",5422.06462592468,26.4468355705453,466.374085238898,606.84275693086,281.906229960652,1936.05980826869,289.885043934795,2,2234.99619679807,1061.65715790366,3031.73123146116,805.786379257671
"1400:112:3",2022,"VL1824","OTB","MBS",9499.23270366486,78.965415306439,821.208578223555,738.814843198369,339.240627501957,3188.66495295212,278.689968831706,3,3352.49429519711,1592.48573685548,6086.44833319193,2619.0934114081
"1400:112:3",2024,"VL2440","OTB","MBS",0,0,0,0,0,0,0,1,3029.10906250695,1444.38371997041,-1444.38371997041,-1444.38371997041
"1400:112:4",2013,"VL0612","OTB","MBS",945856.881422626,0,103926.541657208,124566.093681423,34889.7150208097,308878.277109345,78252.2648505486,1280,243293.511957932,120681.711488964,561792.819574222,174662.277614328
"1400:112:4",2013,"VL1218","OTB","MBS",2481972.20267233,4911.44858032189,250794.587549347,173822.408571212,200571.648982691,902017.993911327,119862.17862891,1515,925314.379081102,354347.467782028,1507347.53836738,485467.365827143
"1400:112:4",2013,"VL1824","OTB","MBS",4465306.32519564,13979.9171395832,325972.566957435,513468.232936809,96398.8154794815,745907.484118981,259451.505441047,2227,2488668.26513465,1182155.24532572,2361291.38163577,1355932.39207575
"1400:112:4",2013,"VL2440","OTB","MBS",20151084.2378238,52801.0902910929,1801536.70668991,4595574.71169514,1846767.57936029,5663323.97255011,140145.857496078,1522,4610303.99313558,2198352.02179496,9761654.30857457,3958184.47852838
"1400:112:4",2014,"VL0612","OTB","MBS",405922.858827252,0,89307.3615078183,5043.2700893522,4505.06502978407,69041.5233842145,69041.5233842145,693,131720.627958474,65337.832860822,241729.329339476,103646.282571047
"1400:112:4",2014,"VL1218","OTB","MBS",1831951.71836616,0,133335.276540215,191732.739431939,97450.8406810905,670671.184670612,77494.6216115261,955,583283.981532972,223367.545697582,1186065.31601533,437899.509733193
"1400:112:4",2014,"VL1824","OTB","MBS",1654155.76159151,4613.88648069139,150946.399588229,159219.955894103,96719.4109471612,491095.680541297,77800.5399544908,706,788953.657469719,374764.97673999,877118.904902718,308222.68440693
"1400:112:4",2014,"VL2440","OTB","MBS",8966625.69981243,70303.654970014,472861.138503254,954034.051309174,652944.662893965,1614535.64009698,21795.6337054996,507,1535758.29469103,732302.546024998,6224786.95605105,4588455.68224858
"1400:112:4",2015,"VL0612","OTB","MBS",534744.02442446,0,25404.0311151079,69113.7209352518,31125.5936690648,198018.955611511,0,539,102449.377301035,50818.314447306,358282.36425773,160263.408646219
"1400:112:4",2015,"VL1218","OTB","MBS",1368167.03346861,273.202434923764,131206.890277697,104297.239921155,47488.1415154502,513800.183494695,38561.5204939417,710,433645.682605665,166063.829785637,919384.134403592,367022.430414955
"1400:112:4",2015,"VL1824","OTB","MBS",1157846.00935895,9093.93082021407,110375.228535497,117070.346067226,52344.8281857272,377366.554918048,41343.002216751,539,602331.47503708,286116.604055035,601032.933335676,182323.376200877
"1400:112:4",2015,"VL2440","OTB","MBS",6645521.92435276,154548.349415523,595482.133582902,1265818.20684724,594891.980939933,1765998.11884544,58294.6607257593,503,1523641.858441,726525.011145116,3617352.94125308,1793060.16168188
"1400:112:4",2016,"VL0612","OTB","MBS",192289.364605621,0,12604.2269084316,23136.7089392566,4292.72873980054,62647.8993653672,21432.1753037171,392,74508.6380371166,36958.7741434953,115296.925874637,31216.8512055528
"1400:112:4",2016,"VL1218","OTB","MBS",2947024.93001506,32507.3553223985,239742.494999193,315596.336985749,173875.848253832,926657.882749664,155098.169024469,967,590613.204337575,226174.258313677,2024143.34678501,942387.295010872
"1400:112:4",2016,"VL1824","OTB","MBS",1420801.83466793,14029.0711577255,139140.777722068,156677.718367198,74287.8091692248,465243.616822833,41591.2209262778,467,521871.61195235,247896.946370504,816827.654196665,309992.816447554
"1400:112:4",2016,"VL2440","OTB","MBS",4783507.959935,35771.754913649,462275.711154596,992850.060811513,324065.689246518,1257175.04674513,27545.7317404828,427,1293429.56969047,616751.848427365,2423336.40520866,1138615.62672305
"1400:112:4",2017,"VL0612","OTB","MBS",281462.301746881,0,38227.14057041,26624.0791087344,9026.19368983957,90189.2833868093,29471.8384407011,347,65955.3505073456,32716.0577239614,174868.830653935,55207.7088264248
"1400:112:4",2017,"VL1218","OTB","MBS",1673894.40209208,164.628139878509,162344.505413014,152086.532905434,79545.3891131998,496842.116917228,117145.997184124,955,583283.981532972,223367.545697582,1056715.05710272,442726.943001373
"1400:112:4",2017,"VL1824","OTB","MBS",1180169.84067293,5258.58398891846,107917.436052939,147219.475691949,52982.2080979005,395304.648485592,35365.2590528868,429,479406.684213186,227725.460370334,649583.844448724,218913.936910246
"1400:112:4",2017,"VL2440","OTB","MBS",5088311.92202294,185694.355740243,492931.087043909,876846.725988913,519319.208717717,1654202.8646732,14534.4747792431,396,1199527.18875275,571975.953108282,2812933.30290436,1144195.96345191
"1400:112:4",2018,"VL0612","OTB","MBS",387802.628300069,0,91422.5068410186,42546.5446386786,29186.4657949071,48034.4184445974,83868.682532691,484,91995.359209093,45632.7721567645,179014.3388687,47111.2378914116
"1400:112:4",2018,"VL1218","OTB","MBS",3099966.67845681,683.330677950822,190684.821748293,350140.699311456,130761.047972684,1004466.10704771,185579.040018932,1362,831866.788322416,318561.881926813,2110501.55817551,920456.411108865
"1400:112:4",2018,"VL1824","OTB","MBS",4025491.2272388,30024.7021691413,338245.600703585,391417.484177463,210648.245370897,1261167.43554731,143596.538281094,1428,1595787.28451382,758023.21074321,2357181.38841278,952417.414584378
"1400:112:4",2018,"VL2440","OTB","MBS",8958519.01145202,23299.8844659283,978552.712266347,1565503.12422551,1022530.83272833,3300641.1643235,36223.4774307178,791.7,2398145.64478676,1143518.59110057,4271713.6355972,934848.993842975
"1400:112:4",2019,"VL0612","OTB","MBS",426970.550604916,0,25147.7034599676,43527.390413809,56866.5875934345,46612.148955845,140878.706280342,474,90094.6286469216,44689.946285757,256738.922851948,69248.067615761
"1400:112:4",2019,"VL1218","OTB","MBS",2830842.88861003,3552.54289453648,286667.296610518,248408.651317947,77268.3420892636,981347.87100962,111871.854781898,1301,794609.905732352,304294.426128329,1917756.71535851,824536.98956699
"1400:112:4",2019,"VL1824","OTB","MBS",3681565.08126779,43286.2702634905,349458.589062081,360297.660847919,192419.967804118,1180002.97982332,129837.464781127,1367.5,1528178.64956068,725908.081716624,2096767.05210054,786926.607496095
"1400:112:4",2019,"VL2440","OTB","MBS",9147954.47394557,117854.2787856,805889.759809585,1678052.91302833,939260.569565573,3283732.66885766,63323.6179949084,820.5,2485383.98578696,1185116.84223572,4657488.66809196,1310432.38123939
"1400:112:4",2020,"VL0612","OTB","MBS",393750.996123147,0,149206.149372862,51832.5152793615,10579.6458380844,55833.075940707,113992.527936146,370,70327.0308003397,34884.5572272787,147248.128405561,-22577.4754712924
"1400:112:4",2020,"VL1218","OTB","MBS",3002277.40724362,1875.81587237775,228376.307788173,295275.929255902,103291.044408303,1149871.7128207,148543.478930634,1050.5,641612.379686269,245704.30026734,2131505.64139628,833090.449644947
"1400:112:4",2020,"VL1824","OTB","MBS",3617476.64394988,48732.2218295104,434245.165881547,338446.775519343,204888.279620952,1292184.60525026,142077.81961027,1293,1444925.04122995,686361.352584713,2002267.29217284,568004.867312309
"1400:112:4",2020,"VL2440","OTB","MBS",8541954.57148841,89268.1403673205,987480.623622943,1715792.0174904,834149.587075029,3144956.17758539,18065.6535056663,769.5,2330899.4235991,1111453.27251723,3982347.21115013,819325.38005907
"1400:112:4",2021,"VL0612","OTB","MBS",169248.12746197,0,14300.1497998399,7749.35476381105,1428.4707766213,39220.4672938351,24544.4214555645,295,56071.5515840546,27813.3631947222,117956.788926975,54191.9001775756
"1400:112:4",2021,"VL1218","OTB","MBS",2491481.16431144,398.740427765385,167119.715056423,221783.836760104,111539.606946759,869229.43464916,128883.303720102,831,507548.679218743,194364.848664597,1797071.89731132,798959.158942062
"1400:112:4",2021,"VL1824","OTB","MBS",1222675.57314601,5963.76142115795,105167.356221372,136843.041687909,63569.854856127,436581.48676459,65369.0774072962,451,503991.642377965,239403.689107274,683655.392694491,181704.828522605
"1400:112:4",2021,"VL2440","OTB","MBS",6299475.38996733,56666.8302499488,574737.621775117,953546.892675986,675439.051846292,2191659.00346185,37947.6615917489,437,1323720.66031554,631195.685627069,3521222.96829281,1291616.30323921
"1400:112:4",2022,"VL0612","OTB","MBS",438144.805106383,4442.2514893617,96241.6919148936,23406.1370212766,22762.6046808511,94135.9195744681,84918.4421808511,259,49228.9215602378,24419.1900590951,275757.432919628,96703.0711643091
"1400:112:4",2022,"VL1218","OTB","MBS",2257994.70118824,62.2946803360387,226849.918734159,140297.188032892,79850.0402491813,753009.210434999,87326.3841720063,709,433034.914038615,165829.937067629,1645229.91178471,804894.317177708
"1400:112:4",2022,"VL1824","OTB","MBS",1035416.36469947,8607.23026840185,89511.7350263675,80530.8179086223,36977.2283977133,347564.479871782,30377.206602656,327,365421.878176485,173580.945317248,663422.868317921,285481.181843483
"1400:112:4",2022,"VL2440","OTB","MBS",6111685.85543763,56243.9995977426,643870.983719004,1158835.47407674,289957.562406512,2057962.70614351,28294.8477947355,415,1257080.26094039,599419.24378772,3475846.59104539,1389589.03710714
"1400:112:4",2023,"VL0612","OTB","MBS",177770.632205128,0,19557.1263846154,29454.6834102564,4208.57915384615,39933.4656153846,38733.248,212,40295.4879180325,19987.9084653597,104562.334791051,25895.621175666
"1400:112:4",2023,"VL1218","OTB","MBS",2046179.80985759,412.81548088282,181789.957763783,247034.036128496,83997.3456659036,722305.877977074,108093.597306812,632.1,386066.811232452,147843.587052818,1385927.69872747,555528.223443585
"1400:112:4",2023,"VL1824","OTB","MBS",583795.774789895,16315.7595035595,54758.2453046053,60850.2931670132,36337.7622201222,216720.068644869,18268.4258577459,184,205619.650105423,97672.4585271363,350492.775074577,115504.280571963
"1400:112:4",2023,"VL2440","OTB","MBS",6121167.37038601,209004.012303981,694856.121604343,1281401.49745476,629926.635778046,2206719.1848854,51674.9578769602,409.5,1240420.1610966,591475.133327883,3132511.99452495,874117.851762588
"1400:112:4",2024,"VL0612","OTB","MBS",0,0,0,0,0,0,0,377,71657.5421938596,35544.535336984,-35544.535336984,-35544.535336984
"1400:112:4",2024,"VL1218","OTB","MBS",0,0,0,0,0,0,0,569.7,347954.852648517,133248.681449123,-133248.681449123,-133248.681449123
"1400:112:4",2024,"VL1824","OTB","MBS",0,0,0,0,0,0,0,172,192209.672924634,91302.5155797144,-91302.5155797144,-91302.5155797144
"1400:112:4",2024,"VL2440","OTB","MBS",0,0,0,0,0,0,0,446.5,1352497.19640935,644917.330966788,-644917.330966788,-644917.330966788
"1400:113:1",2013,"VL1824","OTB","MBS",4010.15386187305,12.5549323211344,292.745906562582,461.129980185729,86.5728024063597,669.87650122944,233.005393301344,2,2234.99619679807,1061.65715790366,2120.60294713585,1217.72105260507
"1400:113:1",2013,"VL2440","OTB","MBS",52959.4855133345,138.767648596828,4734.65625936901,12077.725917727,4853.52846086805,14883.9000592644,368.32025623148,4,12116.4362500278,5777.53487988164,25654.8076440856,10402.5873285897
"1400:113:1",2014,"VL1218","OTB","MBS",161135.020254196,0,11727.9196119142,16864.4503793538,8571.59226933152,58990.9733113418,6816.28085378869,84,51304.5596322195,19646.9883126669,104324.06968093,38516.8155157992
"1400:113:1",2014,"VL1824","OTB","MBS",948913.715927142,2646.77623892353,86591.0649195931,91337.2268231047,55483.5147784706,281719.193511651,44630.6213619954,405,452586.72985161,214985.57447549,503163.111169407,176813.29629576
"1400:113:1",2014,"VL2440","OTB","MBS",5270324.37582663,41322.4638679767,277934.160303688,560753.742189613,383782.070103356,948977.555717749,12810.845846625,298,902674.500627072,430426.348551182,3658750.51854677,2696962.1169824
"1400:113:1",2015,"VL1218","OTB","MBS",344932.252099832,68.8777969737376,33078.9202249406,26294.6562618123,11972.3624384022,129535.539219085,9721.84812452896,179,109327.573501992,41866.7965234211,231788.394448229,92531.0071046153
"1400:113:1",2015,"VL1824","OTB","MBS",878588.159235268,6900.58943500474,83754.1159017038,88834.4555500844,39719.9160073514,286350.502711469,31371.5916635458,409,457056.722245206,217108.888791298,456071.372419836,138349.278044821
"1400:113:1",2015,"VL2440","OTB","MBS",3131190.25063937,72819.0036013498,280575.080833296,596419.31416063,280297.016864342,832090.564943082,27466.867976153,237,717898.847814148,342318.941632987,1704398.90074947,844841.46783023
"1400:113:1",2016,"VL1218","OTB","MBS",362663.874531326,4000.38809034687,29502.9544001076,38837.6050685668,21397.3380994891,114035.458166711,19086.5378634041,119,72681.4594789776,27833.2334429448,249093.131610564,115971.135580449
"1400:113:1",2016,"VL1824","OTB","MBS",1286936.13718316,12707.2743034644,126031.154125128,141915.792011402,67288.5295044584,421409.100462652,37672.5619953223,423,472701.695622792,224540.488896623,739867.446949013,280785.78449104
"1400:113:1",2016,"VL2440","OTB","MBS",3439196.58946147,25718.8027130919,332362.162352368,713828.966438254,232993.364399721,903870.58395961,19804.542492572,307,929936.482189635,443425.802030916,1742305.0969533,818629.970501118
"1400:113:1",2017,"VL1218","OTB","MBS",262915.351113939,25.8578230175669,25499.136975866,23887.9371055656,12494.0401748481,78038.0288351666,18399.8948456739,150,91615.2850575348,35083.9077011909,165976.186979486,69538.263298645
"1400:113:1",2017,"VL1824","OTB","MBS",1290208.98665642,5748.89485035608,117979.667852746,160946.233332224,57922.2741210148,432162.890768631,38662.719104438,469,524106.608149148,248958.603528407,710151.102672381,239325.492799313
"1400:113:1",2017,"VL2440","OTB","MBS",3764836.85139576,137395.066242149,364719.213393599,648778.006855433,384243.757965382,1223943.02865972,10754.0432078743,293,887528.955314537,423204.42995133,2081286.50947216,846589.43760457
"1400:113:1",2018,"VL1218","OTB","MBS",10242.1806556943,2.25770047781108,630.01593088643,1156.85253076472,432.029894182875,3318.72061799905,613.146607992067,4.5,2748.45855172605,1052.51723103573,6973.02276930235,3041.15554331123
"1400:113:1",2018,"VL1824","OTB","MBS",713481.673399257,5321.6051253569,59950.9534580374,69375.1857460195,37335.4838258922,223530.446734611,25451.179158925,253.1,282838.768704796,134352.713332708,417788.942161958,168807.316268422
"1400:113:1",2018,"VL2440","OTB","MBS",1120239.20946539,2913.58919051017,122365.439578588,195762.042817134,127864.787722754,412736.485118134,4529.65045552743,99,299881.797188188,142993.988277071,534166.540260354,116900.404686692
"1400:113:1",2019,"VL1218","OTB","MBS",16319.2326399502,20.4796861714248,1652.57857385003,1432.02527662152,445.436253396984,5657.27058614308,644.918455698876,7.5,4580.76425287674,1754.19538505954,11055.4768371935,4753.28779535159
"1400:113:1",2019,"VL1824","OTB","MBS",468440.456409942,5507.72287082073,44464.9319903489,45844.0899360423,24483.418206886,150142.975129256,16520.4525571598,174,194444.669121432,92364.172737618,266791.566409868,100128.138723452
"1400:113:1",2019,"VL2440","OTB","MBS",685678.488906341,8833.68451592252,60404.8997297861,125777.275016749,70401.6149034525,246129.870974706,4746.37721716863,61.5,186290.207344178,88829.5987781802,349098.784994096,98222.5368022214
"1400:113:1",2020,"VL1218","OTB","MBS",20005.6562119994,12.4994870125124,1521.78405951186,1967.56925729778,688.27921071692,7662.16276986664,989.818517386422,7,4275.37996935163,1637.24902605557,14203.2741454298,5551.29285817671
"1400:113:1",2020,"VL1824","OTB","MBS",331532.082218144,4466.17810270455,39797.4107942485,31017.7439281068,18777.4641415953,118425.271246833,13021.0530733311,118.5,132423.524660286,62903.1866057916,183502.454851107,52056.1305309425
"1400:113:1",2020,"VL2440","OTB","MBS",560583.113528479,5858.40297407367,64805.421043481,112602.335130949,54742.7604253268,206394.135111192,1185.59519432898,50.5,152970.007656601,72941.3778585057,261349.62204429,53769.8917387695
"1400:113:1",2021,"VL1218","OTB","MBS",283327.280418088,45.3441280671828,19004.5885352972,25220.9056243439,12684.1069271585,98847.3905828467,14656.4045746687,94.5,57717.6295862469,22102.8618517503,204360.161607605,90856.3664500901
"1400:113:1",2021,"VL1824","OTB","MBS",978682.664979404,4773.65382048342,84180.5223856211,109535.11762602,50884.0745078977,349458.795392499,52324.2504302305,361,403416.813522052,191629.11700161,547227.487278739,145444.44145601
"1400:113:1",2021,"VL2440","OTB","MBS",2003723.29337634,18024.4608804185,182811.280152726,303302.100874055,214842.169809233,697118.081192671,12070.3088358194,139,421046.159688467,200769.337075887,1120022.86634485,410834.476316363
"1400:113:1",2022,"VL1218","OTB","MBS",394910.215722626,10.8949793535526,39674.7389605582,24537.1668774028,13965.3102833547,131696.956408942,15272.87960131,124,75735.3023142288,29002.6970329845,287741.197547679,140771.361537427
"1400:113:1",2022,"VL1824","OTB","MBS",1386887.97473507,11528.9506347401,119896.452420639,107866.967106962,49529.1316152858,465545.08313101,40688.7354494291,438,489464.167098778,232502.917580901,888621.456646023,382387.638065583
"1400:113:1",2022,"VL2440","OTB","MBS",1546330.15619506,14230.4095367782,162907.11636264,293199.336814598,73362.7567534549,520689.359385708,7158.93739384874,105,318056.45156323,151660.290596893,879431.065204255,351582.768424698
"1400:113:1",2023,"VL1218","OTB","MBS",330185.636142183,66.6147429996008,29334.876905404,39863.1097691925,13554.3889541562,116556.240394972,17442.7257163341,102,62298.3938391237,23857.0572368098,223642.81801962,89643.8519083146
"1400:113:1",2023,"VL1824","OTB","MBS",1246911.62767624,34848.3341570592,116956.469590815,129968.289209979,77612.7203940654,462885.798790399,39018.9747939898,393,439176.752670821,208615.631528068,748606.851110374,246702.077525986
"1400:113:1",2023,"VL2440","OTB","MBS",1995545.40646284,68136.839176023,226528.186164053,417746.275727011,205360.698110791,719406.620713557,16846.414839009,133.5,404386.059844678,192825.22661605,1021221.85902095,284968.823468389
"1400:113:1",2024,"VL1218","OTB","MBS",0,0,0,0,0,0,0,155,94669.127892786,36253.3712912306,-36253.3712912306,-36253.3712912306
"1400:113:1",2024,"VL1824","OTB","MBS",0,0,0,0,0,0,0,200,223499.619679807,106165.715790366,-106165.715790366,-106165.715790366
"1400:113:1",2024,"VL2440","OTB","MBS",0,0,0,0,0,0,0,127.5,386211.405469637,184158.924296227,-184158.924296227,-184158.924296227
"1400:113:2",2015,"VL1824","OTB","MBS",2148.13730864369,16.8718568093025,204.777789490718,217.199157824167,97.1147090644289,700.123478512148,76.7031581015789,1,1117.49809839904,530.828578951828,1115.08893012185,338.262293508121
"1400:113:2",2015,"VL2440","OTB","MBS",66058.8660472441,1536.26589876265,5919.30550281215,12582.6859527559,5913.43917435321,17554.6532688414,579.469788526434,5,15145.5453125348,7221.91859985205,35957.7827162334,17823.6596588656
"1400:113:2",2016,"VL1824","OTB","MBS",3042.40221556303,30.0408375968426,297.945990839546,335.498326268089,159.074537835599,996.239008185938,89.0604302489889,1,1117.49809839904,530.828578951828,1749.09561926481,663.796180829881
"1400:113:2",2016,"VL2440","OTB","MBS",89620.7580315692,670.196813370473,8660.90325348189,18601.4062915506,6071.48832311978,23553.6308523677,516.079283194058,8,24232.8725000556,11555.0697597633,45402.0872170241,21332.3770814624
"1400:113:2",2018,"VL1824","OTB","MBS",2818.97144764622,21.0257017991185,236.866667159373,274.101879676095,147.512776870376,883.170473072346,100.557799916733,1,1117.49809839904,530.828578951828,1650.68724678766,666.958973798585
"1400:113:2",2018,"VL2440","OTB","MBS",5657.77378517874,14.7150969217685,618.007270598931,988.697185945122,645.781756175525,2084.52770261684,22.8770225026638,0.5,1514.55453125348,722.191859985205,2697.81080939573,590.406084276225
"1400:113:2",2019,"VL1824","OTB","MBS",5384.37306218324,63.307159434721,511.091172302861,526.943562483245,281.418600079149,1725.78132332478,189.890259277699,2,2234.99619679807,1061.65715790366,3066.56972884905,1150.89814624657
"1400:113:2",2020,"VL2440","OTB","MBS",11100.6557134352,116.007979684627,1283.27566422735,2229.74921051384,1084.01505792726,4087.01257645925,23.4771325609698,1,3029.10906250695,1444.38371997041,5175.240040481,1064.75033146078
"1400:113:2",2021,"VL1218","OTB","MBS",2998.17227955649,0.479832043038971,201.106756987272,266.887890204698,134.223353726545,1046.00413315182,155.094228303372,1,610.768567050232,233.892718007939,2162.54139267307,961.443031217885
"1400:113:2",2021,"VL1824","OTB","MBS",13555.1615648117,66.1170889263631,1165.93521309725,1517.10689232715,704.76557490163,4840.14952067173,724.712609836987,5,5587.49049199518,2654.14289475914,7579.32807865289,2014.46594814418
"1400:113:2",2021,"VL2440","OTB","MBS",28830.5509838322,259.344760869331,2630.3781316939,4364.05900538209,3091.25424185946,10030.4759883838,173.673508429057,2,6058.21812501391,2888.76743994082,16115.4369258252,5911.28742901243
"1400:113:2",2022,"VL1824","OTB","MBS",3166.41090122162,26.3218051021463,273.736192741185,246.271614399456,113.080209167319,1062.88831765071,92.8966562772353,1,1117.49809839904,530.828578951828,2028.81611106398,873.031137136035
"1400:113:2",2023,"VL1824","OTB","MBS",3172.80312385812,88.672605997606,297.599159264159,330.708115038115,197.487838152838,1177.82646002646,99.2849231399231,1,1117.49809839904,530.828578951828,1904.85203844879,627.740655282406
"1400:113:2",2023,"VL2440","OTB","MBS",14947.9056663883,510.388308434629,1696.84034579815,3129.18558597012,1538.28238285237,5388.81363830379,126.19037332591,1,3029.10906250695,1444.38371997041,7649.60194023187,2134.59792860217
"1400:113:2",2024,"VL1218","OTB","MBS",0,0,0,0,0,0,0,1,610.768567050232,233.892718007939,-233.892718007939,-233.892718007939
"1400:113:2",2024,"VL1824","OTB","MBS",0,0,0,0,0,0,0,1,1117.49809839904,530.828578951828,-530.828578951828,-530.828578951828
"1400:113:3",2013,"VL0612","OTB","MBS",96802.5402080969,0,10636.2319977299,12748.5611502081,3570.74427166099,31611.7611729096,8008.63023079834,131,24899.5703644446,12351.0189101987,57495.9838782992,17875.5924745913
"1400:113:3",2013,"VL1218","OTB","MBS",2560608.9457273,5067.0588323717,258740.554679623,179329.65319921,206926.394296994,930596.781837231,123659.792209232,1563,954631.270299513,365574.318246409,1555105.08413744,500848.510090973
"1400:113:3",2013,"VL1824","OTB","MBS",4607666.78729213,14425.6172369835,336365.046640407,529838.347233403,99472.1499649073,769688.099912626,267723.196903244,2298,2568010.63012098,1219844.0744313,2436572.7862591,1399161.48944323
"1400:113:3",2013,"VL2440","OTB","MBS",12855915.1083619,33685.8466968799,1149337.80696183,2931867.96652824,1178194.03387572,3613066.73938644,89409.7422001917,971,2941264.89969425,1402496.59209127,6227704.55560177,2525228.07401514
"1400:113:3",2014,"VL0612","OTB","MBS",74389.9034214445,0,16366.572743857,924.235644080417,825.603548026806,12652.6312695458,12652.6312695458,127,24139.2781395761,11973.8885617957,44299.6029236846,18994.340384593
"1400:113:3",2014,"VL1218","OTB","MBS",3276412.07850199,0,238467.698775589,342910.491046861,174289.042809741,1199483.12399728,138597.710693703,1708,1043192.7125218,399488.76235756,2121256.08351224,783175.24882125
"1400:113:3",2014,"VL1824","OTB","MBS",5611477.40653211,15651.9236844984,512063.211067717,540130.020348977,328106.217023302,1665969.05792692,263926.760893775,2395,2676407.94566569,1271334.44658963,2975495.43518698,1045599.61636629
"1400:113:3",2014,"VL2440","OTB","MBS",15634116.6048012,122580.731742589,824475.831236443,1663443.98689805,1138467.61735358,2815087.78273319,38002.6433839479,884,2677732.41125615,1276835.20845384,10853474.6926018,8000384.2664847
"1400:113:3",2015,"VL0612","OTB","MBS",183539.229162384,0,8719.37988180884,23721.778057554,10683.1815005139,67965.6897738952,0,185,35163.5154001698,17442.2786136393,122972.611108868,55006.9213349732
"1400:113:3",2015,"VL1218","OTB","MBS",2720918.10036292,543.326532552612,260935.393059308,207419.299674184,94441.205380022,1021811.0691472,76688.5449823178,1412,862405.216674928,330256.51782721,1828409.01095475,729909.396825233
"1400:113:3",2015,"VL1824","OTB","MBS",4968641.59489285,39024.6047999168,473651.027092031,502381.652047299,224626.322066024,1619385.6057986,177414.404688952,2313,2584773.10159697,1227806.50311558,2579200.69537184,782400.684884284
"1400:113:3",2015,"VL2440","OTB","MBS",9974888.77313386,231976.150713161,893815.130924634,1899985.57886614,892929.315327334,2650752.64359505,87499.9380674916,755,2286977.34219275,1090509.70857766,5429625.19015125,2691372.60848871
"1400:113:3",2016,"VL0612","OTB","MBS",161385.716722575,0,10578.5475838622,19418.3092883046,3602.82590661831,52579.4869673617,17987.7185584769,329,62534.0354954372,31018.9711561478,96767.0627876419,26199.8572618033
"1400:113:3",2016,"VL1218","OTB","MBS",4291014.58268997,47332.322951331,349076.97307018,459523.932239849,253171.865916644,1349259.87477924,225830.632871202,1408,859962.142406727,329320.946955178,2947253.18745945,1372162.67980901
"1400:113:3",2016,"VL1824","OTB","MBS",6714581.6897476,66300.1285762316,657566.801782878,740444.806073674,351077.505003167,2198699.49106636,196556.369559519,2207,2466318.30316667,1171538.67374668,3860254.03171743,1464998.17109155
"1400:113:3",2016,"VL2440","OTB","MBS",8950873.20840297,66935.906735376,865007.712441504,1857815.45336862,606389.896271588,2352418.88138022,51543.4184090065,799,2420258.14094306,1154062.59225636,4534533.46080028,2130571.16101105
"1400:113:3",2017,"VL0612","OTB","MBS",208460.55201426,0,28312.3202495544,19718.6983600713,6685.10598930481,66797.250231729,21827.8457615567,257,48848.7754478035,24230.6248848936,129513.802530436,40888.7065371504
"1400:113:3",2017,"VL1218","OTB","MBS",2658950.58426563,261.508783450993,257881.271949258,241586.670594287,126356.392968297,789224.598286319,186084.269872583,1517,926535.916215202,354815.253218044,1678572.5043192,703263.636160296
"1400:113:3",2017,"VL1824","OTB","MBS",5876090.39551836,26182.6000007688,537323.178109736,733008.857990685,263799.525634302,1968230.13791428,176084.366752835,2136,2386975.93818034,1133849.8446411,3234291.5891433,1089977.08447619
"1400:113:3",2017,"VL2440","OTB","MBS",10150925.2989851,370450.861198969,983372.623143151,1749264.9331597,1036015.59314898,3300051.16942381,28995.5431202072,790,2392996.15938049,1141063.13877662,5611659.87195566,2282613.15941164
"1400:113:3",2018,"VL0612","OTB","MBS",222746.137742601,0,52511.2745905024,24437.8913420509,16764.127047488,27590.0172057811,48172.5077357192,278,52840.3096283633,26210.5592140094,102822.285548551,27059.7606070504
"1400:113:3",2018,"VL1218","OTB","MBS",3514661.19300514,774.742461741306,216193.466772183,396980.372890419,148253.458354933,1138837.41740314,210404.664902522,1544.2,943148.821238969,361177.13514786,2392831.50230149,1043589.41999582
"1400:113:3",2018,"VL1824","OTB","MBS",5431312.28817997,40510.2196563617,456371.007615965,528112.091571931,284212.867196154,1701604.55046849,193744.713099569,1926.7,2153083.58618542,1022747.42306649,3180379.11838579,1285029.85481773
"1400:113:3",2018,"VL2440","OTB","MBS",6685225.5045672,17387.3585227617,730237.390939696,1168244.59491276,763055.723097,2463077.93341206,27031.4897891475,590.8,1789597.63412911,853341.901758518,3187733.25238199,697623.829180788
"1400:113:3",2019,"VL0612","OTB","MBS",264829.835185328,0,15597.942652385,26998.0016490714,35271.6809123834,28911.3328966633,87380.463389073,294,55881.4785278375,27719.0806076214,159243.129363867,42951.3330781302
"1400:113:3",2019,"VL1218","OTB","MBS",3060400.09441199,3840.62381334786,309913.568549342,268552.473542423,83534.1453870478,1060926.81058803,120943.707725396,1406.5,859045.989556152,328970.107878167,2073270.42286836,891399.904554936
"1400:113:3",2019,"VL1824","OTB","MBS",4709980.33614479,55377.9377155222,447077.002971927,460943.881282218,246170.920419236,1509627.21257835,166106.504303167,1749.5,1955062.92314911,928684.598876223,2682481.87031071,1006748.15342919
"1400:113:3",2019,"VL2440","OTB","MBS",6349494.29970993,81801.3549889086,559359.193432734,1164718.01824453,651930.401423027,2279202.62634301,43952.2247996347,569.5,1725077.61109771,822576.528523148,3232711.51307541,909556.661932765
"1400:113:3",2020,"VL0612","OTB","MBS",153243.630923603,0,58069.4202964652,20172.6545952109,4117.48378563284,21729.6295553022,44364.6595210946,144,27370.5200952673,13576.6925425085,57307.3797037857,-8786.9093726111
"1400:113:3",2020,"VL1218","OTB","MBS",2936544.53683277,1834.74612933664,223376.160164063,288811.058839067,101029.555573091,1124696.03514828,145291.218087793,1027.5,627564.702644114,240324.767753158,2084837.74063273,814850.487396653
"1400:113:3",2020,"VL1824","OTB","MBS",4232979.24384855,57023.8605011982,508130.654275933,396032.460449161,239749.394482985,1512045.86832455,166251.926581856,1513,1690774.62287774,803143.639954115,2342946.95518755,664649.160281147
"1400:113:3",2020,"VL2440","OTB","MBS",5078549.98889662,53073.6507057169,587098.616384011,1020110.26381008,495936.889001723,1869808.2537301,10740.7881466437,457.5,1385817.39609693,660805.551886462,2367672.31852006,487123.276643307
"1400:113:3",2021,"VL0612","OTB","MBS",149167.841152922,0,12603.521857486,6829.93979183347,1258.99119295436,34567.1915132106,21632.3714523619,260,49418.9946164549,24513.4726461958,103961.915664453,47762.3526988802
"1400:113:3",2021,"VL1218","OTB","MBS",3677258.30087603,588.514000787298,246657.437444889,327337.997336062,164624.943345608,1282924.0693107,190223.071014086,1226.5,749107.64748711,286869.418636737,2652357.01811353,1179209.87778874
"1400:113:3",2021,"VL1824","OTB","MBS",4406783.02472028,21494.6656099607,379045.537777915,493211.450695557,229119.28840052,1573532.60917038,235604.069458004,1625.5,1816493.15894763,862861.855086196,2464039.55837005,654902.879741672
"1400:113:3",2021,"VL2440","OTB","MBS",6155322.63504817,55370.1064456021,561585.731116648,931726.597649075,659982.780636995,2141506.62351993,37079.2940496036,427,1293429.56969047,616751.848427365,3440645.78366369,1262059.86609415
"1400:113:3",2022,"VL0612","OTB","MBS",429686.41118541,4356.49373860182,94383.7441945289,22954.2810942249,22323.1721580547,92318.6238297872,83279.0900151976,254,48278.5562791521,23947.7771235913,270433.930353612,94836.2165086275
"1400:113:3",2022,"VL1218","OTB","MBS",3710245.17191015,102.360088281361,372750.571685889,230530.64042076,131206.342581518,1237314.14690659,143491.167221985,1165,711545.380613521,272485.016479249,2703374.96083102,1322569.64670244
"1400:113:3",2022,"VL1824","OTB","MBS",5229327.60336751,43470.4611261947,452075.322312067,406717.571180702,186751.965439827,1755360.05660014,153418.827841854,1651.5,1845548.10950601,876663.398138944,3350589.80742216,1441810.92298016
"1400:113:3",2022,"VL2440","OTB","MBS",5331157.30040583,49061.0309744164,561641.677364529,1010839.61835128,252926.837569054,1795138.55331073,24681.2889197452,362,1096537.48062752,522866.906629288,3031943.2914661,1212123.44923562
"1400:113:3",2023,"VL0612","OTB","MBS",272525.733333333,0,29981.44375,45154.5854166667,6451.83125,61218.75625,59378.8,325,61773.7432705686,30641.8408077448,160296.032108922,39698.4758589218
"1400:113:3",2023,"VL1218","OTB","MBS",3941186.39218733,795.131858843274,350149.143454209,475817.021019529,161788.907369463,1391247.28118508,208201.16234938,1217.5,743610.730383658,284764.384174666,2669462.06802831,1070013.62449385
"1400:113:3",2023,"VL1824","OTB","MBS",5216088.33562276,145777.764260064,489253.017830278,543684.141122661,324670.005923266,1936346.7002835,163224.413642034,1644,1837166.87376801,872682.183796805,3131576.75120981,1032005.63728428
"1400:113:3",2023,"VL2440","OTB","MBS",8550202.0411741,291942.112424608,970592.677796542,1789894.15517491,879897.522991556,3082401.40110977,72180.8935424206,572,1732650.38375398,826187.487823074,4375572.30981263,1220990.01516044
"1400:113:3",2024,"VL0612","OTB","MBS",0,0,0,0,0,0,0,241,45807.6065483294,22722.1034912815,-22722.1034912815,-22722.1034912815
"1400:113:3",2024,"VL1218","OTB","MBS",0,0,0,0,0,0,0,931.2,568747.689637176,217800.899008993,-217800.899008993,-217800.899008993
"1400:113:3",2024,"VL1824","OTB","MBS",0,0,0,0,0,0,0,1229,1373405.16293242,652388.323531796,-652388.323531796,-652388.323531796
"1400:113:3",2024,"VL2440","OTB","MBS",0,0,0,0,0,0,0,551.5,1670553.64797258,796577.621563681,-796577.621563681,-796577.621563681
"1400:113:4",2013,"VL2440","OTB","MBS",463395.498241677,1214.21692522224,41428.2422694788,105680.101780112,42468.3740325954,130234.125518564,3222.80224202545,35,106018.817187743,50553.4301989643,224479.566885749,91022.6391251597
"1400:113:4",2014,"VL1218","OTB","MBS",46038.5772154846,0,3350.83417483264,4818.4143941011,2449.02636266615,16854.5638032405,1947.5088153682,24,14658.4456092056,5613.42523219054,29806.8770516942,11004.8044330855
"1400:113:4",2014,"VL1824","OTB","MBS",156980.787573132,437.861748167597,14324.9416039821,15110.1091287605,9178.75429668527,46605.3974451373,7383.33736112023,67,74872.3725927354,35565.5147897725,83239.3295020994,29250.5946958418
"1400:113:4",2014,"VL2440","OTB","MBS",1803936.53132321,14143.9305856833,95131.826681128,191935.844642082,131361.648156182,324817.821084599,4384.92039045553,102,308969.124375709,147327.139436982,1252324.00299252,923121.261517465
"1400:113:4",2015,"VL1218","OTB","MBS",15415.9665742942,3.07833729491565,1478.38749608673,1175.18016812569,535.077650878312,5789.29784219375,434.49600556554,8,4886.14853640186,1871.14174406351,10359.2578524348,4135.46400467554
"1400:113:4",2015,"VL1824","OTB","MBS",227702.554716231,1788.41682178607,21706.4456860161,23023.1107293617,10294.1591608295,74213.0887222877,8130.53475876737,106,118454.798430298,56267.8293688937,118199.426592916,35855.8031118608
"1400:113:4",2015,"VL2440","OTB","MBS",2510236.90979528,58378.1041529809,224933.609106862,478142.066204724,224710.688625422,667076.824215973,22019.8519640045,190,575530.721876321,274432.906794378,1366395.74321687,677299.067036893
"1400:113:4",2016,"VL1218","OTB","MBS",9142.78675289056,100.850119924711,743.771959666577,979.099287442861,539.428691583759,2874.84348319441,481.173223447163,3,1832.3057011507,701.678154023818,6279.65878009826,2923.64207345669
"1400:113:4",2016,"VL1824","OTB","MBS",404639.494669883,3995.43140038006,39626.8167816596,44621.2773936559,21156.9135321347,132499.78808873,11845.0372231155,133,148627.247087072,70600.2010005931,232629.717362219,88284.8920503741
"1400:113:4",2016,"VL2440","OTB","MBS",1904441.10817084,14241.6822841226,184044.19413649,395279.88369545,129019.126866295,500514.655612813,10966.6847678737,170,514948.540626182,245545.23239497,964794.353361762,453313.012981075
"1400:113:4",2017,"VL1218","OTB","MBS",7011.07602970503,0.689541947135117,679.976986023094,637.011656148416,333.174404662617,2081.01410227111,490.663862551305,4,2443.07426820093,935.570872031757,4426.03165278628,1854.35368796386
"1400:113:4",2017,"VL1824","OTB","MBS",187066.548171933,833.528464443952,17105.7940596732,23335.4879884675,8398.11223929425,62659.0118811661,5605.68208763707,68,75989.8706911344,36096.3433687243,102964.338980217,34699.6450114142
"1400:113:4",2017,"VL2440","OTB","MBS",2481194.5256127,90549.4446804063,240366.143707522,427573.491890048,253233.684857049,806632.760526251,7087.391615838,193.1,584920.959970093,278910.496326286,1371660.1535122,557940.001370111
"1400:113:4",2018,"VL1218","OTB","MBS",3414.06021856476,0.752566825937028,210.005310295477,385.617510254908,144.009964727625,1106.24020599968,204.382202664022,1.5,916.152850575348,350.839077011909,2324.34092310078,1013.71851443708
"1400:113:4",2018,"VL1824","OTB","MBS",36082.8345298716,269.128983028717,3031.89333963998,3508.50405985401,1888.16354394082,11304.582055326,1287.13983893418,12.8,14303.9756595077,6794.6058105834,21128.7967588821,8537.07486462189
"1400:113:4",2018,"VL2440","OTB","MBS",311177.558184831,809.33033069727,33990.3998829412,54378.3452269817,35517.9965896539,114649.023643926,1258.23623764651,27.5,83300.4992189412,39720.5522991863,148379.594516765,32472.3346351924
"1400:113:4",2019,"VL1218","OTB","MBS",2175.89768532669,2.73062482285663,220.34380984667,190.936703549536,59.3915004529313,754.302744819078,85.9891274265168,1,610.768567050232,233.892718007939,1474.06357829247,633.771706046879
"1400:113:4",2019,"VL1824","OTB","MBS",107687.461243665,1266.14318869442,10221.8234460572,10538.8712496649,5628.37200158298,34515.6264664956,3797.80518555398,40,44699.9239359614,21233.1431580731,61331.3945769811,23017.9629249315
"1400:113:4",2019,"VL2440","OTB","MBS",334477.31166163,4309.11439801099,29465.8047462371,61354.7683008531,34342.2511724158,120063.351694978,2315.30595959446,30,90873.2718752086,43331.5115991123,170292.090241022,47913.4325864495
"1400:113:4",2020,"VL1218","OTB","MBS",4286.92633114273,2.67846150268122,326.096584181114,421.621983706667,147.488402296483,1641.89202211428,212.103968011376,1.5,916.152850575348,350.839077011909,3043.55874544923,1189.56275532358
"1400:113:4",2020,"VL1824","OTB","MBS",127297.128615406,1714.86163437179,15280.8623724752,11909.7666559397,7209.91239192057,45471.3066812735,4999.64485094146,45.5,50846.1634771561,24152.7003423082,70458.7484871338,19987.7969549188
"1400:113:4",2020,"VL2440","OTB","MBS",294167.376406033,3074.21146164262,34006.8051020247,59088.3540786167,28726.3990350725,108305.83327617,622.1440128657,26.5,80271.3901564343,38276.1685792159,137143.861072746,28215.8837837107
"1400:113:4",2021,"VL1218","OTB","MBS",20987.2059568954,3.3588243012728,1407.7472989109,1868.21523143288,939.563476085816,7322.02893206272,1085.65959812361,7,4275.37996935163,1637.24902605557,15137.7897487115,6730.10121852519
"1400:113:4",2021,"VL1824","OTB","MBS",246703.940479573,1203.33101845981,21220.0208783699,27611.3454403541,12826.7334632097,88090.7212762254,13189.7694990332,91,101692.326954312,48305.4006846163,137943.771031483,36663.280256224
"1400:113:4",2021,"VL2440","OTB","MBS",1917231.64042484,17246.4265978105,174920.145757644,290209.923857909,205568.407083654,667026.65322752,11549.2883105323,133,402871.505313425,192103.034756065,1071676.55556738,393100.614029326
"1400:113:4",2022,"VL1218","OTB","MBS",12739.0392168589,0.351450946888794,1279.83028905026,791.521512174285,450.493880108216,4248.28891641749,492.673535526128,4,2443.07426820093,935.570872031757,9281.97411444126,4541.01166249765
"1400:113:4",2022,"VL1824","OTB","MBS",132989.257851308,1105.51581429015,11496.9200951298,10343.4078047772,4749.3687850274,44641.3093413297,3901.65956364388,42,46934.9201327595,22294.8003159768,85210.2766646871,36667.3077597134
"1400:113:4",2022,"VL2440","OTB","MBS",2164862.21867309,19922.5733514895,228069.962907695,410479.071540437,102707.859454837,728965.103139992,10022.5123513882,147,445279.032188522,212324.40683565,1231203.49128596,492215.875794576
"1400:113:4",2023,"VL1218","OTB","MBS",38845.3689579039,7.83702858818833,3451.16198887106,4689.777619905,1594.63399460662,13712.4988699967,2052.08537839225,12,7329.22280460279,2806.71261609527,26310.9197670142,10546.3355186252
"1400:113:4",2023,"VL1824","OTB","MBS",168158.565564481,4699.64811787312,15772.7554410004,17527.5300970201,10466.8554221004,62424.8023814024,5262.10092641593,53,59227.3992151489,28133.9146844469,100957.158037786,33270.2547299675
"1400:113:4",2023,"VL2440","OTB","MBS",807186.905984968,27560.96865547,91629.3786731001,168976.021642387,83067.248674028,290995.936468405,6814.28015959915,54,163571.889375375,77996.7208784021,413078.504772521,115268.288144517
"1400:113:4",2024,"VL1218","OTB","MBS",0,0,0,0,0,0,0,8,4886.14853640186,1871.14174406351,-1871.14174406351,-1871.14174406351
"1400:113:4",2024,"VL1824","OTB","MBS",0,0,0,0,0,0,0,113,126277.285119091,59983.6294215565,-59983.6294215565,-59983.6294215565
"1400:113:4",2024,"VL2440","OTB","MBS",0,0,0,0,0,0,0,103,311998.233438216,148771.523156952,-148771.523156952,-148771.523156952
"1400:114:1",2019,"VL1824","OTB","MBS",1346.09326554581,15.8267898586803,127.772793075715,131.735890620811,70.3546500197873,431.445330831195,47.4725648194248,0.5,558.749049199518,265.414289475914,766.642432212264,287.724536561644
"1400:114:1",2020,"VL1218","OTB","MBS",1428.97544371424,0.892820500893741,108.698861393705,140.540661235556,49.1628007654943,547.29734070476,70.7013226704587,0.5,305.384283525116,116.94635900397,1014.51958181641,396.520918441193
"1400:114:1",2021,"VL1218","OTB","MBS",2998.17227955649,0.479832043038971,201.106756987272,266.887890204698,134.223353726545,1046.00413315182,155.094228303372,1,610.768567050232,233.892718007939,2162.54139267307,961.443031217885
"1400:114:2",2020,"VL1824","OTB","MBS",1398.86954522424,18.844633344745,167.921564532694,130.876556658679,79.2298065046217,499.684688805204,54.9411522081479,0.5,558.749049199518,265.414289475914,774.271961397075,219.646120383724
"1400:114:2",2021,"VL1824","OTB","MBS",2711.03231296234,13.2234177852726,233.187042619449,303.42137846543,140.953114980326,968.029904134345,144.942521967397,1,1117.49809839904,530.828578951828,1515.86561573058,402.893189628835
"1400:114:2",2022,"VL1218","OTB","MBS",3184.75980421472,0.0878627367221985,319.957572262566,197.880378043571,112.623470027054,1062.07222910437,123.168383881532,1,610.768567050232,233.892718007939,2320.49352861032,1135.25291562441
"1400:114:2",2023,"VL1218","OTB","MBS",3237.11407982533,0.653085715682361,287.596832405921,390.81480165875,132.886166217218,1142.70823916639,171.007114866021,1,610.768567050232,233.892718007939,2192.57664725118,878.86129321877
"1400:114:3",2013,"VL1218","OTB","MBS",1638.26548031177,3.24188025103755,165.540981880757,114.734263083308,132.390527381314,595.391415122988,79.1169495900395,1,610.768567050232,233.892718007939,994.948870209492,320.440505496464
"1400:114:3",2018,"VL2440","OTB","MBS",5657.77378517874,14.7150969217685,618.007270598931,988.697185945122,645.781756175525,2084.52770261684,22.8770225026638,0.5,1514.55453125348,722.191859985205,2697.81080939573,590.406084276225
"1400:114:4",2018,"VL2440","OTB","MBS",5657.77378517874,14.7150969217685,618.007270598931,988.697185945122,645.781756175525,2084.52770261684,22.8770225026638,0.5,1514.55453125348,722.191859985205,2697.81080939573,590.406084276225
"1400:114:4",2024,"VL2440","OTB","MBS",0,0,0,0,0,0,0,0.5,1514.55453125348,722.191859985205,-722.191859985205,-722.191859985205
"1400:123:1",2013,"VL0612","OTB","MBS",111581.553980325,0,12260.0842111237,14694.9063639803,4115.89606886114,36437.9842527431,9231.32186908816,151,28701.0314887873,14236.6706522137,66273.9966841464,20604.6905623152
"1400:123:1",2013,"VL1218","OTB","MBS",937087.854738334,1854.35550359348,94689.4416357931,65627.9984836522,75727.3816621115,340563.889450349,45254.8951655026,572,349359.620352733,133786.634700541,569110.753759829,183291.969143977
"1400:123:1",2013,"VL1824","OTB","MBS",4286854.47834229,13421.2226512927,312945.3741154,492947.948818544,92546.3257723985,716097.979814271,249082.765439137,2138,2389210.93437714,1134911.50179901,2266924.55048823,1301743.80523482
"1400:123:1",2013,"VL2440","OTB","MBS",29366034.717144,76946.6611469409,2625366.89582012,6697099.02137964,2691281.53155133,8253122.58286212,204233.582080356,2218,6718563.90064042,3203643.09089437,14225590.8386455,5768234.67370298
"1400:123:1",2014,"VL0612","OTB","MBS",78490.1343186895,0,17268.6673045421,975.177766195086,871.109255398362,13350.0203946389,13350.0203946389,134,25469.789533096,12633.8666715009,46741.313321053,20041.2725317753
"1400:123:1",2014,"VL1218","OTB","MBS",844040.582283885,0,61431.9598719317,88337.5972251868,44898.8166488794,309000.336392743,35704.3282817503,440,268738.169502102,102912.795923493,546459.412614394,201754.747939901
"1400:123:1",2014,"VL1824","OTB","MBS",4001838.58470014,11162.2069532874,365179.108352259,385195.02077497,233989.736399081,1188089.83337753,188220.00317602,1708,1908686.75206555,906655.212849722,2121981.7132774,745671.876723849
"1400:123:1",2014,"VL2440","OTB","MBS",39668918.0368427,311027.806898898,2091967.52201735,4220706.85815873,2888668.40014036,7142807.57541917,96425.259174429,2243,6794291.6272031,3239752.68389363,27538850.3795316,20299617.544938
"1400:123:1",2015,"VL0612","OTB","MBS",58534.1325436793,0,2780.77520554985,7565.32381294964,3407.06869475848,21675.5443062693,0,59,11214.3103168109,5562.67263894444,39218.2921914769,17542.7478852077
"1400:123:1",2015,"VL1218","OTB","MBS",620492.65461534,123.903076120355,59505.0967174909,47301.001767059,21536.875447852,233019.238148298,17488.464224013,322,196667.478590175,75313.4551985564,416960.128560502,166452.426188191
"1400:123:1",2015,"VL1824","OTB","MBS",2719541.83274291,21359.770720577,259248.681495249,274974.133805396,122947.221675567,886356.32379638,97106.1981565989,1266,1414752.59257318,672028.980953014,1411702.58553426,428240.063581281
"1400:123:1",2015,"VL2440","OTB","MBS",25089157.3247433,583473.788350056,2248152.22996805,4778904.12485669,2245924.19841935,6667257.31150596,220082.62568234,1899,5752278.1097007,2742884.68422381,13656765.8756255,6769425.93843716
"1400:123:1",2016,"VL1218","OTB","MBS",1484179.04955257,16371.3361344447,120738.981452541,158940.450994891,87567.2576004302,466682.925438559,78110.4532729228,487,297444.292153463,113905.753669866,1019397.94196928,474604.563257802
"1400:123:1",2016,"VL1824","OTB","MBS",3717815.50741802,36709.9035433416,364090.000805925,409978.954699605,194389.085235102,1217404.06800322,108831.845764264,1222,1365582.67624362,648672.523479133,2137394.84674159,811158.932974114
"1400:123:1",2016,"VL2440","OTB","MBS",18753143.6181058,140238.683197772,1812294.00579109,3892344.26650696,1270458.93161281,4928597.25585794,107989.590008357,1674,5070728.57063664,2417898.34723047,9500386.75016229,4463799.904296
"1400:123:1",2017,"VL1218","OTB","MBS",611716.383591764,60.162534887539,59327.992030515,55579.2669989493,29069.4668068133,181568.480423154,42810.4220076014,349,213158.229900531,81628.5585847708,386171.261705603,161792.359274847
"1400:123:1",2017,"VL1824","OTB","MBS",3295672.42220552,14684.8103000567,301363.842404243,411116.391326236,147954.977392272,1103904.35637701,98758.928543959,1198,1338762.72188204,635932.63758429,1813989.38379854,611326.098877563
"1400:123:1",2017,"VL2440","OTB","MBS",21144762.875962,771663.211631676,2048402.51727135,3643785.28355393,2158059.82289363,6874131.90430864,60398.8174159659,1645.6,4984701.87326144,2376877.84958331,11689300.6142914,4754769.89256683
"1400:123:1",2018,"VL0612","OTB","MBS",801.24509979353,0,188.889476944253,87.906083964212,60.3026152787336,99.2446662078458,173.282401927047,1,190.073056217134,94.2825871007532,369.864336505578,97.3372683706852
"1400:123:1",2018,"VL1218","OTB","MBS",657775.602110145,144.994541797201,40461.0231169285,74295.6403091122,27745.9198708558,213135.613022606,39377.6377132683,289,176512.115877517,67594.9955042944,447823.017850751,195309.767114877
"1400:123:1",2018,"VL1824","OTB","MBS",3755715.65969906,28012.5425069656,315577.460656433,365185.934292461,196531.272624402,1176648.02127429,133973.156829063,1332.3,1488842.71649704,707222.91573752,2199210.6188952,888589.440791855
"1400:123:1",2018,"VL2440","OTB","MBS",24000276.3967282,62421.4411421422,2621586.84188066,4194053.46277921,2739406.20969658,8842566.51450063,97044.3294562997,2121,6424740.32157725,3063537.87005724,11444113.4534567,2504502.60949975
"1400:123:1",2019,"VL0612","OTB","MBS",900.781752331047,0,53.0542267087925,91.8299375818756,119.971703783617,98.3378669954535,297.212460507051,1,190.073056217134,94.2825871007532,541.643297156009,146.092969653504
"1400:123:1",2019,"VL1218","OTB","MBS",1099916.27993264,1380.33084795403,111383.795877492,96518.5036442906,30022.4034789568,381300.037506044,43467.5039141042,505.5,308743.510643892,118232.768953013,745139.138826845,320371.597406698
"1400:123:1",2019,"VL1824","OTB","MBS",2774298.22028992,32619.01389874,263339.726529049,271507.670569492,145000.933690782,889208.826843093,97840.9560928344,1030.5,1151581.79040021,547018.850609858,1580050.05278947,593000.269853548
"1400:123:1",2019,"VL2440","OTB","MBS",22928419.7144047,295389.791983653,2019880.91535455,4205869.36702348,2354161.31786911,8230342.75869077,158714.2235302,2056.5,6229362.78704555,2970375.12011915,11673522.7860221,3284465.80380111
"1400:123:1",2020,"VL1218","OTB","MBS",1227489.90615053,766.932810267724,93372.3219371923,120724.428001342,42230.8458575596,470128.415665389,60732.436173924,429.5,262325.099548075,100456.92238441,871472.320780298,340611.468940985
"1400:123:1",2020,"VL1824","OTB","MBS",2960007.95769449,39875.2441574803,355322.030551181,276934.793889764,167650.27056378,1057332.80151181,116255.478072441,1058,1182312.98810618,561616.636531034,1638359.47031621,464771.190731959
"1400:123:1",2020,"VL2440","OTB","MBS",24959824.3716591,260843.942320884,2885445.33101519,5013591.09984036,2437407.85774945,9189647.77816861,52788.3325633406,2248.5,6810951.72704689,3247696.79435347,11636527.2310215,2394091.12028957
"1400:123:1",2021,"VL1218","OTB","MBS",1337184.83668219,214.005091195381,89693.6136163233,119031.999031295,59863.6157620391,466517.843385711,69172.025823304,446,272402.780904404,104316.152231541,964493.461132191,428803.591923177
"1400:123:1",2021,"VL1824","OTB","MBS",2313866.07911336,11286.1870797302,199025.1408757,258970.146520245,120303.483635708,826213.523178664,123708.442499174,853.5,953784.626983577,453062.192135385,1293791.30302605,343869.337348211
"1400:123:1",2021,"VL2440","OTB","MBS",25716851.4775783,231335.526695443,2346297.29347096,3892740.63280082,2757398.78373864,8947184.58163831,154916.769518719,1784,5403930.56751241,2576780.55642721,14374969.7378361,5272868.38667908
"1400:123:1",2022,"VL1218","OTB","MBS",1334414.35796597,36.8144866866012,134062.222778015,82911.8784002563,47189.2339413356,445008.263994732,51607.552846362,419,255912.029594047,98001.0488453265,972286.788487722,475670.971646629
"1400:123:1",2022,"VL1824","OTB","MBS",2632870.66436578,21886.5809424347,227611.644264295,204774.847373148,94026.1939226258,883791.636126564,77243.5696945212,831.5,929199.668818798,441383.963398445,1686960.5963497,725925.390528613
"1400:123:1",2022,"VL2440","OTB","MBS",22065394.9812101,203061.167704332,2324606.97567755,4183814.9176125,1046851.60422573,7429989.21112006,102154.627592415,1498.3,4538514.10835417,2164120.12763167,12549062.523767,5016918.68505452
"1400:123:1",2023,"VL0612","OTB","MBS",1677.08143589744,0,184.501192307692,277.874371794872,39.7035769230769,376.730807692308,365.408,2,380.146112434269,188.565174201506,986.437120670289,244.298312977981
"1400:123:1",2023,"VL1218","OTB","MBS",1100618.78714061,222.049143332003,97782.9230180132,132877.032563975,45181.2965138542,388520.801316572,58142.4190544471,340,207661.312797079,79523.5241226993,745476.060065401,298812.839694382
"1400:123:1",2023,"VL1824","OTB","MBS",2725437.88339413,76169.7685519435,255637.677807913,284078.270817741,169642.052973288,1011752.92916273,85285.748977194,859,959930.866524772,455981.74931962,1636267.90102751,539229.222887587
"1400:123:1",2023,"VL2440","OTB","MBS",19559334.5644691,667843.101586713,2220315.59247688,4094539.3392419,2012842.49796233,7051262.64572052,165120.103496953,1308.5,3963589.20829035,1889976.09758128,10009504.1387934,2793121.38957594
"1400:123:1",2024,"VL0612","OTB","MBS",0,0,0,0,0,0,0,1,190.073056217134,94.2825871007532,-94.2825871007532,-94.2825871007532
"1400:123:1",2024,"VL1218","OTB","MBS",0,0,0,0,0,0,0,278,169793.661639965,65022.1756062071,-65022.1756062071,-65022.1756062071
"1400:123:1",2024,"VL1824","OTB","MBS",0,0,0,0,0,0,0,772,862708.531964056,409799.662950811,-409799.662950811,-409799.662950811
"1400:123:1",2024,"VL2440","OTB","MBS",0,0,0,0,0,0,0,1270,3846968.50938383,1834367.32436242,-1834367.32436242,-1834367.32436242
"1400:123:2",2013,"VL1824","OTB","MBS",64162.4617899687,200.878917138151,4683.93450500131,7378.07968297166,1385.16483850175,10718.024019671,3728.0862928215,32,35759.9391487691,16986.5145264585,33929.6471541737,19483.5368416811
"1400:123:2",2013,"VL2440","OTB","MBS",3680684.24317675,9644.35157747952,329058.610026146,839401.951282029,337320.228030329,1034431.05411888,25598.2578080879,278,842092.319376933,401538.674151774,1783009.13126395,722979.819336983
"1400:123:2",2014,"VL1218","OTB","MBS",36447.2069622587,0,2652.74372174251,3814.5780619967,1938.8125371107,13343.1963442321,1541.77781216649,19,11604.6027739544,4443.96164215085,23597.1109992579,8712.13684285934
"1400:123:2",2014,"VL1824","OTB","MBS",281159.619533968,784.229996718083,25656.6118280276,27062.8820216606,16439.5599343617,83472.3536330817,13223.8878109616,120,134099.771807884,63699.4294742193,149085.366272417,52389.1248283733
"1400:123:2",2014,"VL2440","OTB","MBS",4704383.50325465,36885.1523116839,248088.881344902,500538.575243078,342570.572642593,847073.925573561,11435.1845476585,266,805743.01062685,384206.069512129,3265864.55682363,2407355.44670241
"1400:123:2",2015,"VL1218","OTB","MBS",131035.7158815,26.165867006783,12566.2937167372,9989.03142906835,4548.16003246565,49209.0316586469,3693.21604730709,68,41532.2625594158,15904.7048245399,88053.6917456961,35151.4440397421
"1400:123:2",2015,"VL1824","OTB","MBS",244887.65318538,1923.39167626049,23344.6680019419,24760.7039919551,11071.0768333449,79814.0765503849,8744.16002358,114,127394.78321749,60514.4580005084,127120.138033891,38561.9014599258
"1400:123:2",2015,"VL2440","OTB","MBS",5615003.61401575,130582.601394826,503140.967739033,1069528.30598425,502642.329820022,1492145.52785152,49254.9320247469,425,1287371.35156546,613863.080987424,3056411.53087984,1515011.07100358
"1400:123:2",2016,"VL1218","OTB","MBS",97523.0586974993,1075.73461253025,7933.56756977682,10443.7257327239,5753.9060435601,30664.9971540737,5132.51438343641,32,19544.5941456074,7484.56697625406,66983.0269877148,31185.5154502047
"1400:123:2",2016,"VL1824","OTB","MBS",343791.450358622,3394.61464844321,33667.8969648687,37911.3108682941,17975.4227754227,112575.007925011,10063.8286181357,113,126277.285119091,59983.6294215565,197647.804976923,75008.9684337765
"1400:123:2",2016,"VL2440","OTB","MBS",5926172.62483751,44316.7642841226,572702.22763649,1230017.99102878,401477.165366295,1557483.84011281,34125.7426012071,529,1602398.69406618,764078.987864347,3002213.01722572,1410603.4345117
"1400:123:2",2017,"VL1218","OTB","MBS",50830.3012153615,4.9991791167296,4929.83314866743,4618.33450707601,2415.51443380397,15087.3522414655,3557.31300349696,29,17712.2884444567,6782.88882223024,32088.7294827005,13444.064237738
"1400:123:2",2017,"VL1824","OTB","MBS",319113.52335212,1421.90149816909,29180.4722194426,39807.5971567975,14326.1914670314,106888.902620813,9562.63414949853,116,129629.779414288,61576.115158412,175645.048848606,59193.5120782949
"1400:123:2",2017,"VL2440","OTB","MBS",6955311.22068438,253829.178692408,673796.963173909,1198578.61812575,709867.393128536,2261161.64304951,19867.4525202129,541.3,1639656.73553501,781844.907619983,3845052.51732861,1564023.42175889
"1400:123:2",2018,"VL1218","OTB","MBS",50072.8832056165,11.0376467804097,3080.07788433366,5655.72348373865,2112.1461493385,16224.856354662,2997.60563907233,22,13436.9084751051,5145.63979617466,34090.3335388115,14867.8715450771
"1400:123:2",2018,"VL1824","OTB","MBS",257935.887459629,1923.85171461935,21673.3000450827,25080.3219903627,13497.4190836394,80810.0982861197,9201.03869238103,91.5,102251.076003512,48570.8149740922,151037.883081071,61026.7461025705
"1400:123:2",2018,"VL2440","OTB","MBS",3341481.19752656,8690.7362419965,364995.094015728,583924.558019189,381398.705197265,1231122.06116551,13511.1694900732,295.3,894495.906158303,426526.512507262,1593327.06402912,348693.833373538
"1400:123:2",2019,"VL1218","OTB","MBS",83772.0608850777,105.12905567998,8483.2366790968,7351.06308665715,2286.57276743785,29040.6556755345,3310.5814059209,38.5,23514.5898314339,9004.86964330566,56751.4477642602,24400.2106828049
"1400:123:2",2019,"VL1824","OTB","MBS",168261.658193226,1978.34873233503,15971.5991344644,16466.9863276014,8794.33125247342,53930.6663538994,5934.0706024281,62.5,69843.6311499397,33176.7861844892,95830.3040265329,35965.5670702055
"1400:123:2",2019,"VL2440","OTB","MBS",3394944.71336554,43737.5111398115,299077.918174307,622750.898253659,348573.849400021,1218643.01970403,23500.3554898837,304.5,922363.709533367,439814.84273099,1728464.71594638,486321.340752463
"1400:123:2",2020,"VL1218","OTB","MBS",72877.7476294263,45.5338455455808,5543.64193107894,7167.57372301334,2507.30283904021,27912.1643759427,3605.76745619339,25.5,15574.5984597809,5964.26430920245,51740.498672637,20222.5668405009
"1400:123:2",2020,"VL1824","OTB","MBS",117505.041798836,1582.94920095858,14105.4114207463,10993.630759329,6655.30374638822,41973.5138596371,4615.05678548442,42,46934.9201327595,22294.8003159768,65038.8447573543,18450.2741122327
"1400:123:2",2020,"VL2440","OTB","MBS",2580902.45337369,26971.8552766758,298361.591932858,518416.691444467,252033.500968089,950230.424026775,5458.43332042548,232.5,704267.857032867,335819.21489312,1203243.30941183,247554.452064632
"1400:123:2",2021,"VL1218","OTB","MBS",26983.5505160084,4.31848838735074,1809.96081288545,2401.99101184228,1208.01018353891,9414.03719836636,1395.84805473035,9,5496.91710345209,2105.03446207145,19462.8725340577,8652.98728096096
"1400:123:2",2021,"VL1824","OTB","MBS",485274.784020259,2366.9917835638,41740.4806288814,54312.426745312,25230.6075814784,173277.352840048,25944.7114321641,179,200032.159613427,95018.3156323772,271339.945215773,72117.8809435615
"1400:123:2",2021,"VL2440","OTB","MBS",6940955.1493576,62437.2511792914,633263.535205306,1050647.20554574,744219.458727665,2414837.09420339,41811.8971542954,481.5,1458516.0135971,695470.761165752,3879791.43989243,1423142.44853474
"1400:123:2",2022,"VL1218","OTB","MBS",261150.303945607,7.20474441122028,26236.5209255304,16226.1909995728,9235.12454221843,87089.9227865584,10099.8074782856,82,50083.022498119,19179.202876651,190280.469346046,93090.7390812017
"1400:123:2",2022,"VL1824","OTB","MBS",752022.589040135,6251.42871175975,65012.3457760314,58489.5084198709,26856.5496772383,252435.975442043,22062.9558658434,237.5,265405.798369771,126071.787501059,481843.826377695,207344.895069808
"1400:123:2",2022,"VL2440","OTB","MBS",6185320.62478025,56921.638147113,651628.465450558,1172797.34725839,293451.02701382,2082757.43754283,28635.749575395,420,1272225.80625292,606641.162387572,3517724.26081702,1406331.07369879
"1400:123:2",2023,"VL1218","OTB","MBS",275154.696785153,55.5122858330007,24445.7307545033,33219.2581409938,11295.3241284635,97130.200329143,14535.6047636118,85,51915.3281992697,19880.8810306748,186369.01501635,74703.2099235955
"1400:123:2",2023,"VL1824","OTB","MBS",650424.640390915,18177.8842295092,61007.8276491526,67795.1635828136,40485.0068213318,241454.424305424,20353.4092436842,205,229087.110171802,108819.858685125,390494.667882002,128686.834332893
"1400:123:2",2023,"VL2440","OTB","MBS",5911896.69105657,201858.575985896,671100.356763168,1237592.89925118,608390.682418113,2131275.79394915,49908.2926503975,395.5,1198012.6342215,571253.761248297,3025417.56736171,844233.480762157
"1400:123:2",2024,"VL1218","OTB","MBS",0,0,0,0,0,0,0,3,1832.3057011507,701.678154023818,-701.678154023818,-701.678154023818
"1400:123:2",2024,"VL1824","OTB","MBS",0,0,0,0,0,0,0,188,210089.642499019,99795.7728429436,-99795.7728429436,-99795.7728429436
"1400:123:2",2024,"VL2440","OTB","MBS",0,0,0,0,0,0,0,408,1235876.49750284,589308.557747927,-589308.557747927,-589308.557747927
"1400:124:1",2016,"VL1824","OTB","MBS",3042.40221556303,30.0408375968426,297.945990839546,335.498326268089,159.074537835599,996.239008185938,89.0604302489889,1,1117.49809839904,530.828578951828,1749.09561926481,663.796180829881
"1400:124:1",2016,"VL2440","OTB","MBS",22405.1895078923,167.549203342618,2165.22581337047,4650.35157288765,1517.87208077994,5888.40771309192,129.019820798514,2,6058.21812501391,2888.76743994082,11350.521804256,5333.09427036559
"1400:124:1",2018,"VL2440","OTB","MBS",33946.6427110724,88.2905815306112,3708.04362359358,5932.18311567073,3874.69053705315,12507.166215701,137.262135015983,3,9087.32718752086,4333.15115991123,16186.8648563744,3542.43650565736
"1400:124:1",2019,"VL2440","OTB","MBS",5574.62186102716,71.8185733001831,491.096745770618,1022.57947168088,572.370852873597,2001.05586158297,38.5884326599076,0.5,1514.55453125348,722.191859985205,2838.20150401704,798.557209774159
"1400:124:1",2020,"VL2440","OTB","MBS",5550.32785671761,58.0039898423135,641.637832113673,1114.87460525692,542.007528963631,2043.50628822962,11.7385662804849,0.5,1514.55453125348,722.191859985205,2587.6200202405,532.375165730391
"1400:124:1",2022,"VL1824","OTB","MBS",6332.82180244324,52.6436102042927,547.47238548237,492.543228798913,226.160418334638,2125.77663530142,185.793312554471,2,2234.99619679807,1061.65715790366,4057.63222212796,1746.06227427207
"1400:124:1",2024,"VL2440","OTB","MBS",0,0,0,0,0,0,0,1,3029.10906250695,1444.38371997041,-1444.38371997041,-1444.38371997041
"1400:205:2",2019,"VL2440","OTB","MBS",11149.2437220543,143.637146600366,982.193491541237,2045.15894336177,1144.74170574719,4002.11172316595,77.1768653198152,1,3029.10906250695,1444.38371997041,5676.40300803408,1597.11441954832
"1400:205:2",2022,"VL1824","OTB","MBS",3166.41090122162,26.3218051021463,273.736192741185,246.271614399456,113.080209167319,1062.88831765071,92.8966562772353,1,1117.49809839904,530.828578951828,2028.81611106398,873.031137136035
"1400:205:2",2022,"VL2440","OTB","MBS",29453.9077370488,271.055419748157,3102.99269262171,5584.74927265901,1397.38584292295,9917.89255972778,136.360712263786,2,6058.21812501391,2888.76743994082,16751.0679086525,6696.81463666091
"1400:205:3",2018,"VL1824","OTB","MBS",2818.97144764622,21.0257017991185,236.866667159373,274.101879676095,147.512776870376,883.170473072346,100.557799916733,1,1117.49809839904,530.828578951828,1650.68724678766,666.958973798585
"1400:205:3",2018,"VL2440","OTB","MBS",5657.77378517874,14.7150969217685,618.007270598931,988.697185945122,645.781756175525,2084.52770261684,22.8770225026638,0.5,1514.55453125348,722.191859985205,2697.81080939573,590.406084276225
"1400:205:3",2019,"VL1218","OTB","MBS",1087.94884266335,1.36531241142832,110.171904923335,95.4683517747681,29.6957502264656,377.151372409539,42.9945637132584,0.5,305.384283525116,116.94635900397,737.031789146237,316.88585302344
"1400:205:3",2020,"VL1824","OTB","MBS",2797.73909044848,37.6892666894899,335.843129065389,261.753113317357,158.459613009243,999.369377610407,109.882304416296,1,1117.49809839904,530.828578951828,1548.54392279415,439.292240767447
"1400:205:3",2021,"VL1824","OTB","MBS",5422.06462592468,26.4468355705453,466.374085238898,606.84275693086,281.906229960652,1936.05980826869,289.885043934795,2,2234.99619679807,1061.65715790366,3031.73123146116,805.786379257671
"1400:205:3",2022,"VL1218","OTB","MBS",3184.75980421472,0.0878627367221985,319.957572262566,197.880378043571,112.623470027054,1062.07222910437,123.168383881532,1,610.768567050232,233.892718007939,2320.49352861032,1135.25291562441
"1400:205:4",2018,"VL1218","OTB","MBS",1138.02007285492,0.250855608645676,70.0017700984922,128.539170084969,48.003321575875,368.746735333228,68.1274008880074,0.5,305.384283525116,116.94635900397,774.780307700261,337.906171479025
"1400:205:4",2018,"VL1824","OTB","MBS",2818.97144764622,21.0257017991185,236.866667159373,274.101879676095,147.512776870376,883.170473072346,100.557799916733,1,1117.49809839904,530.828578951828,1650.68724678766,666.958973798585
"1400:205:4",2019,"VL1824","OTB","MBS",4038.27979663743,47.4803695760408,383.318379227146,395.207671862433,211.063950059362,1294.33599249359,142.417694458274,1.5,1676.24714759855,796.242868427742,2299.92729663679,863.173609684931
"1400:205:4",2021,"VL1218","OTB","MBS",11992.689118226,1.91932817215589,804.427027949088,1067.55156081879,536.89341490618,4184.01653260727,620.376913213489,4,2443.07426820093,935.570872031757,8650.1655706923,3845.77212487154
"1400:205:4",2021,"VL1824","OTB","MBS",1355.51615648117,6.61170889263631,116.593521309725,151.710689232715,70.476557490163,484.014952067173,72.4712609836987,0.5,558.749049199518,265.414289475914,757.932807865289,201.446594814418
"1400:205:4",2022,"VL1218","OTB","MBS",3184.75980421472,0.0878627367221985,319.957572262566,197.880378043571,112.623470027054,1062.07222910437,123.168383881532,1,610.768567050232,233.892718007939,2320.49352861032,1135.25291562441
"1400:205:4",2022,"VL1824","OTB","MBS",15832.0545061081,131.609025510732,1368.68096370593,1231.35807199728,565.401045836595,5314.44158825354,464.483281386177,5,5587.49049199518,2654.14289475914,10144.0805553199,4365.15568568018
"1400:205:4",2023,"VL1824","OTB","MBS",6345.60624771625,177.345211995212,595.198318528319,661.41623007623,394.975676305676,2355.65292005292,198.569846279846,2,2234.99619679807,1061.65715790366,3809.70407689758,1255.48131056481
"1400:205:4",2024,"VL1218","OTB","MBS",0,0,0,0,0,0,0,1,610.768567050232,233.892718007939,-233.892718007939,-233.892718007939
"1400:215:1",2020,"VL2440","OTB","MBS",5550.32785671761,58.0039898423135,641.637832113673,1114.87460525692,542.007528963631,2043.50628822962,11.7385662804849,0.5,1514.55453125348,722.191859985205,2587.6200202405,532.375165730391
"1400:215:1",2021,"VL2440","OTB","MBS",14415.2754919161,129.672380434665,1315.18906584695,2182.02950269104,1545.62712092973,5015.23799419188,86.8367542145284,1,3029.10906250695,1444.38371997041,8057.71846291262,2955.64371450621
"1400:215:3",2018,"VL2440","OTB","MBS",5657.77378517874,14.7150969217685,618.007270598931,988.697185945122,645.781756175525,2084.52770261684,22.8770225026638,0.5,1514.55453125348,722.191859985205,2697.81080939573,590.406084276225
"1400:216:1",2024,"VL1824","OTB","MBS",0,0,0,0,0,0,0,0.3,335.249429519711,159.248573685548,-159.248573685548,-159.248573685548
"7300:370:1",2018,"VL1824","OTB","MBS",12685.371514408,94.6156580960335,1065.90000221718,1233.45845854243,663.807495916693,3974.26712882556,452.510099625297,4.5,5028.74144279566,2388.72860528322,7428.09261054449,3001.31538209363
"7300:370:1",2018,"VL2440","OTB","MBS",11315.5475703575,29.4301938435371,1236.01454119786,1977.39437189024,1291.56351235105,4169.05540523368,45.7540450053275,1,3029.10906250695,1444.38371997041,5395.62161879145,1180.81216855245
"7300:370:1",2019,"VL1824","OTB","MBS",9422.65285882067,110.787529010762,894.409551530006,922.151234345678,492.482550138511,3020.11731581837,332.307953735973,3.5,3911.24334439663,1857.9000263314,5366.49702548584,2014.07175593151
"7300:370:1",2019,"VL2440","OTB","MBS",78044.7060543802,1005.46002620256,6875.35444078866,14316.1126035324,8013.19194023036,28014.7820621616,540.238057238706,7,21203.7634375487,10110.6860397929,39734.8210562385,11179.8009368382
"7300:370:1",2020,"VL1824","OTB","MBS",5595.47818089695,75.3785333789798,671.686258130777,523.506226634714,316.919226018487,1998.73875522081,219.764608832592,2,2234.99619679807,1061.65715790366,3097.0878455883,878.584481534894
"7300:370:1",2020,"VL2440","OTB","MBS",66603.9342806114,696.047878107762,7699.65398536408,13378.495263083,6504.09034756358,24522.0754587555,140.862795365819,6,18174.6543750417,8666.30231982246,31051.440242886,6388.50198876469
"7300:370:1",2021,"VL1218","OTB","MBS",2998.17227955649,0.479832043038971,201.106756987272,266.887890204698,134.223353726545,1046.00413315182,155.094228303372,1,610.768567050232,233.892718007939,2162.54139267307,961.443031217885
"7300:370:1",2021,"VL1824","OTB","MBS",21688.2585036987,105.787342282181,1865.49634095559,2427.37102772344,1127.62491984261,7744.23923307476,1159.54017573918,8,8939.98478719229,4246.62863161462,12126.9249258446,3223.14551703068
"7300:370:1",2021,"VL2440","OTB","MBS",129737.479427245,1167.05142391199,11836.7015926226,19638.2655242194,13910.6440883676,45137.1419477269,781.530787930756,9,27261.9815625626,12999.4534797337,72519.4661662135,26600.7934305559
"7300:370:1",2022,"VL1218","OTB","MBS",3184.75980421472,0.0878627367221985,319.957572262566,197.880378043571,112.623470027054,1062.07222910437,123.168383881532,1,610.768567050232,233.892718007939,2320.49352861032,1135.25291562441
"7300:370:1",2022,"VL1824","OTB","MBS",18998.4654073297,157.930830612878,1642.41715644711,1477.62968639674,678.481255003914,6377.32990590425,557.379937663412,6,6704.98859039421,3184.97147371097,12172.8966663839,5238.18682281621
"7300:370:1",2022,"VL2440","OTB","MBS",103088.677079671,948.69396911855,10860.474424176,19546.6224543065,4890.85045023033,34712.6239590472,477.262492923249,7,21203.7634375487,10110.6860397929,58628.7376802837,23438.8512283132
"7300:370:1",2023,"VL1218","OTB","MBS",6474.22815965065,1.30617143136472,575.193664811843,781.629603317501,265.772332434436,2285.41647833278,342.014229732042,2,1221.53713410046,467.785436015878,4385.15329450236,1757.72258643754
"7300:370:1",2023,"VL1824","OTB","MBS",19036.8187431487,532.035635985636,1785.59495558496,1984.24869022869,1184.92702891703,7066.95876015876,595.709538839539,6,6704.98859039421,3184.97147371097,11429.1122306927,3766.44393169444
"7300:370:1",2023,"VL2440","OTB","MBS",59791.6226655532,2041.55323373852,6787.3613831926,12516.7423438805,6153.12953140948,21555.2545532152,504.76149330364,4,12116.4362500278,5777.53487988164,30598.4077609275,8538.39171440867
"7300:370:1",2024,"VL1218","OTB","MBS",0,0,0,0,0,0,0,2,1221.53713410046,467.785436015878,-467.785436015878,-467.785436015878
"7300:370:1",2024,"VL1824","OTB","MBS",0,0,0,0,0,0,0,8,8939.98478719229,4246.62863161462,-4246.62863161462,-4246.62863161462
"7300:370:1",2024,"VL2440","OTB","MBS",0,0,0,0,0,0,0,12,36349.3087500834,17332.6046396449,-17332.6046396449,-17332.6046396449
"7300:370:2",2014,"VL1218","OTB","MBS",44120.3031648394,0,3211.21608421461,4617.64712768022,2346.98359755506,16152.2903114388,1866.36261472785,23,14047.6770421553,5379.5325141826,28564.9238412069,10546.2709150403
"7300:370:2",2014,"VL1824","OTB","MBS",67946.9080540422,189.52224920687,6200.34785844,6540.19648856799,3972.89365080407,20172.4854613281,3195.77288764905,29,32407.444853572,15394.028789603,36028.963515834,12660.7051668569
"7300:370:2",2014,"VL2440","OTB","MBS",35371.3045357492,277.3319722683,1865.32993492408,3763.44793415848,2575.71859129769,6368.97688401174,85.9788311854026,2,6058.21812501391,2888.76743994082,24555.3726076965,18100.4168924993
"7300:370:2",2015,"VL1824","OTB","MBS",60147.8446420233,472.411990660471,5733.77810574011,6081.57641907668,2719.21185380401,19603.4573983402,2147.68842684421,28,31289.946755173,14863.2002106512,31222.4900434117,9471.34421822739
"7300:370:2",2015,"VL2440","OTB","MBS",79270.6392566929,1843.51907851519,7103.16660337458,15099.2231433071,7096.12700922385,21065.5839226097,695.363746231721,6,18174.6543750417,8666.30231982246,43149.3392594801,21388.3915906387
"7300:370:2",2016,"VL1824","OTB","MBS",82144.8598202017,811.102615114749,8044.54175266774,9058.45480923842,4295.01252156118,26898.4532210203,2404.6316167227,27,30172.448656774,14332.3716316993,47225.5817201498,17922.4968824068
"7300:370:2",2016,"VL2440","OTB","MBS",33607.7842618384,251.323805013928,3247.83872005571,6975.52735933148,2276.80812116992,8832.61156963788,193.529731197772,3,9087.32718752086,4333.15115991123,17025.782706384,7999.64140554838
"7300:370:2",2017,"VL1824","OTB","MBS",46766.6370429832,208.382116110988,4276.44851491831,5833.87199711688,2099.52805982356,15664.7529702915,1401.42052190927,17,18997.4676727836,9024.08584218107,25741.0847450543,8674.91125285355
"7300:370:2",2017,"VL2440","OTB","MBS",12849.2725303609,468.925140758189,1244.7754723331,2214.25940906291,1311.41214322656,4177.27996129597,36.7032191395028,1,3029.10906250695,1444.38371997041,7103.36692652615,2889.38374609068
"7300:370:2",2018,"VL1824","OTB","MBS",83159.6577055634,620.258203073997,6987.56668120151,8086.00545044479,4351.6269176761,26053.5289556342,2966.45509754361,29.5,32966.1939027716,15659.4430790789,48695.2737802361,19675.2897270582
"7300:370:2",2018,"VL2440","OTB","MBS",5657.77378517874,14.7150969217685,618.007270598931,988.697185945122,645.781756175525,2084.52770261684,22.8770225026638,0.5,1514.55453125348,722.191859985205,2697.81080939573,590.406084276225
"7300:370:2",2019,"VL1218","OTB","MBS",1087.94884266335,1.36531241142832,110.171904923335,95.4683517747681,29.6957502264656,377.151372409539,42.9945637132584,0.5,305.384283525116,116.94635900397,737.031789146237,316.88585302344
"7300:370:2",2019,"VL1824","OTB","MBS",144031.979413402,1693.46651487879,13671.6888591015,14095.7402964268,7527.94755211724,46164.6503989379,5079.56443567845,53.5,59786.1482643484,28399.3289739228,82030.7402467122,30786.5254120959
"7300:370:2",2019,"VL2440","OTB","MBS",27873.1093051358,359.092866500916,2455.48372885309,5112.89735840442,2861.85426436799,10005.2793079149,192.942163299538,2.5,7572.77265626738,3610.95929992602,14191.0075200852,3992.78604887079
"7300:370:2",2020,"VL1824","OTB","MBS",81134.4336230058,1092.98873399521,9739.45074289627,7590.84028620336,4595.32877726806,28981.7119507018,3186.58682807258,29,32407.444853572,15394.028789603,44907.7737610304,12739.474982256
"7300:370:2",2020,"VL2440","OTB","MBS",61053.6064238937,638.043888265449,7058.01615325041,12263.6206578261,5962.08281859995,22478.5691705259,129.124229085334,5.5,16660.0998437882,7944.11045983725,28463.8202226455,5856.1268230343
"7300:370:2",2021,"VL1824","OTB","MBS",165372.971090703,806.62848490163,14224.4095997864,18508.7040863912,8598.14001379989,59049.8241521951,8841.49384001124,61,68167.3840023412,32380.5433160615,92467.8025595653,24576.4845673589
"7300:370:2",2021,"VL2440","OTB","MBS",28830.5509838322,259.344760869331,2630.3781316939,4364.05900538209,3091.25424185946,10030.4759883838,173.673508429057,2,6058.21812501391,2888.76743994082,16115.4369258252,5911.28742901243
"7300:370:2",2022,"VL1824","OTB","MBS",121906.819697032,1013.38949643263,10538.8434205356,9481.45715437907,4353.58805294179,40921.2002295523,3576.52126667356,38.5,43023.6767883629,20436.9002896454,78109.4202759632,33611.6987797373
"7300:370:2",2022,"VL2440","OTB","MBS",14726.9538685244,135.527709874079,1551.49634631085,2792.37463632951,698.692921461476,4958.94627986389,68.1803561318928,1,3029.10906250695,1444.38371997041,8375.53395432624,3348.40731833045
"7300:370:2",2023,"VL1824","OTB","MBS",237960.234289359,6650.44544982045,22319.9369448119,24803.1086278586,14811.5878614629,88336.9845019845,7446.36923549424,75,83812.3573799277,39812.1434213871,142863.902883659,47080.5491461805
"7300:370:2",2023,"VL2440","OTB","MBS",523176.69832359,17863.590795212,59389.4121029353,109521.495508954,53839.883399833,188608.477340633,4416.66306640685,35,106018.817187743,50553.4301989643,267736.067908116,74710.9275010759
"7300:370:2",2024,"VL1824","OTB","MBS",0,0,0,0,0,0,0,61.5,68726.1330515407,32645.9576055374,-32645.9576055374,-32645.9576055374
"7300:370:2",2024,"VL2440","OTB","MBS",0,0,0,0,0,0,0,4,12116.4362500278,5777.53487988164,-5777.53487988164,-5777.53487988164
"7300:370:3",2014,"VL1824","OTB","MBS",3413746.38050826,9521.85921015206,311514.028611968,328588.49254633,199603.656869708,1013493.493695,160560.037838092,1457,1628194.7293674,773417.239532813,1810144.82215759,636091.2906245
"7300:370:3",2014,"VL2440","OTB","MBS",18905962.274358,148233.939177406,997018.85021692,2011562.92080771,1376721.58704862,3404218.14450428,45955.6852685977,1069,3238117.58781993,1544046.19664837,13124846.6588138,9674672.82904088
"7300:370:3",2015,"VL1824","OTB","MBS",3052503.11558268,23974.9085260189,290989.238866311,308640.003268142,138000.001580553,994875.462965763,108995.187662344,1421,1587964.79782503,754307.410690547,1584541.36970315,480670.71907504
"7300:370:3",2015,"VL2440","OTB","MBS",14044114.9216441,326610.13007694,1258444.34989786,2675079.03355591,1257197.16846749,3732119.28495568,123195.27704072,1063,3219942.93344489,1535379.89432855,7644624.60547123,3789310.04347483
"7300:370:3",2016,"VL1824","OTB","MBS",4438864.83250646,43829.5820537933,434703.200634897,489492.058025143,232089.750702139,1453512.71294328,129939.167733275,1459,1630429.72556419,774478.896690717,2551930.50850735,968478.627830797
"7300:370:3",2016,"VL2440","OTB","MBS",14059256.4162024,105137.125097493,1358679.19788997,2918095.611987,952464.730689415,3694975.83996518,80959.9375510678,1255,3801531.87344623,1812701.56856286,7122452.43217066,3346516.65465441
"7300:370:3",2017,"VL1218","OTB","MBS",1752.76900742626,0.172385486783779,169.994246505774,159.252914037104,83.2936011656542,520.253525567778,122.665965637826,1,610.768567050232,233.892718007939,1106.50791319657,463.588421990966
"7300:370:3",2017,"VL1824","OTB","MBS",3903913.80162926,17395.0035866531,356982.828677681,486991.044182856,175261.192335036,1307638.29059651,116985.638978908,1419.1,1585841.55143807,753298.836390539,2148774.9036298,724150.974054381
"7300:370:3",2017,"VL2440","OTB","MBS",9636954.39777071,351693.855568642,933581.604249827,1660694.55679718,983559.107419919,3132959.97097197,27527.4143546271,750,2271831.79688022,1083287.78997781,5327525.19489461,2167037.80956801
"7300:370:3",2018,"VL1824","OTB","MBS",2711568.6354909,20224.6225605721,227842.047140601,263658.598060435,141892.540071615,849521.67804829,96726.547739905,961.9,1074921.42085003,510604.010093763,1587796.06268505,641547.836896859
"7300:370:3",2018,"VL2440","OTB","MBS",7926541.07303542,20615.8507873977,865828.186109102,1385164.75750912,904740.24040191,2920423.31136619,32050.7085262319,700.5,2121890.89828612,1011790.79583927,3779632.94396341,827158.92407099
"7300:370:3",2019,"VL1824","OTB","MBS",2282974.17836569,26842.2356003217,216702.657056413,223424.070492896,119321.486433559,731731.281089707,80513.4699337444,848,947638.387442382,450142.63495115,1300225.565032,487980.814008547
"7300:370:3",2019,"VL2440","OTB","MBS",9432260.18885795,121517.02602391,830935.693843886,1730204.46608406,968451.483062127,3385786.51779839,65291.6280605636,846,2562626.26688088,1221948.62709497,4802236.94479683,1351158.79893788
"7300:370:3",2020,"VL1824","OTB","MBS",1951423.01558781,26288.2635159192,234250.582523109,182572.796538857,110525.580073947,697060.140883259,76642.9073303663,697.5,779454.923633327,370252.9338189,1080109.38614892,306406.337935294
"7300:370:3",2020,"VL2440","OTB","MBS",8136780.63794802,85033.8491088316,940641.061878645,1634406.17130664,794583.037460684,2995780.21854463,17208.7381671909,733,2220336.9428176,1058733.26673831,3793450.94967257,780461.992960753
"7300:370:3",2021,"VL1824","OTB","MBS",3285771.16331035,16026.7823557504,282622.695654772,367746.710700101,170835.175356155,1173252.24381083,175670.336624486,1212,1354407.69525963,643364.237689615,1837229.12626546,488306.545830149
"7300:370:3",2021,"VL2440","OTB","MBS",15359476.0366366,138165.921353136,1401333.94965993,2324952.43511731,1646865.69735063,5343736.08281145,92524.56161558,1065.5,3227515.70610116,1538990.85362847,8585499.02223339,3149238.37780637
"7300:370:3",2022,"VL1824","OTB","MBS",3623957.27644814,30125.3059394065,313291.072592286,281857.862680178,129420.299391997,1216475.67955124,106320.223109296,1144.5,1278976.5736177,607533.308610367,2321980.03911272,999184.136452192
"7300:370:3",2022,"VL2440","OTB","MBS",16236466.6400482,149419.300136172,1710524.72180772,3078593.03655328,770308.945911277,5467238.27354994,75168.8426354118,1102.5,3339592.74141392,1592433.05126738,9234026.18464468,3691619.06845933
"7300:370:3",2023,"VL1218","OTB","MBS",3237.11407982533,0.653085715682361,287.596832405921,390.81480165875,132.886166217218,1142.70823916639,171.007114866021,1,610.768567050232,233.892718007939,2192.57664725118,878.86129321877
"7300:370:3",2023,"VL1824","OTB","MBS",3696315.63929471,103303.585987211,346703.020542746,385274.954019404,230073.331448056,1372167.82593083,115666.93545801,1165,1301885.28463488,618415.294478879,2219152.62479284,731317.863404004
"7300:370:3",2023,"VL2440","OTB","MBS",18191601.1959946,621142.571364944,2065054.70083635,3808218.85812564,1872089.65993134,6558186.19781572,153573.684337633,1217,3686425.72907096,1757814.98720399,9309565.56126219,2597805.67910883
"7300:370:3",2024,"VL1824","OTB","MBS",0,0,0,0,0,0,0,1225.5,1369493.91958802,650530.423505465,-650530.423505465,-650530.423505465
"7300:370:3",2024,"VL2440","OTB","MBS",0,0,0,0,0,0,0,1147.5,3475902.64922673,1657430.31866605,-1657430.31866605,-1657430.31866605
"7300:370:4",2013,"VL1218","OTB","MBS",322738.299621419,638.650409454398,32611.5734305092,22602.6498274117,26080.9338941188,117292.108779229,15586.0390692378,197,120321.407708896,46076.865447564,196004.92743127,63126.7795828034
"7300:370:4",2013,"VL1824","OTB","MBS",3446727.24427988,10790.964330015,251615.106690539,396341.217969634,74409.3236682661,575758.852806703,200268.135542505,1719,1920979.23114794,912494.327218192,1822658.23306327,1046631.24471406
"7300:370:4",2013,"VL2440","OTB","MBS",8367598.71110685,21925.2884782988,748075.688980303,1908280.69500087,766857.496817152,2351656.20936378,58194.6004845738,632,1914396.92750439,912850.511021299,4053459.60776552,1643608.79791717
"7300:370:4",2014,"VL1218","OTB","MBS",138115.731646454,0,10052.5025244979,14455.2431823033,7347.07908799845,50563.6914097215,5842.52644610459,72,43975.3368276167,16840.2756965716,89420.6311550826,33014.4132992565
"7300:370:4",2014,"VL1824","OTB","MBS",2621813.45215425,7312.94471939613,239247.905296357,252361.374851986,153298.896387923,778379.697628487,123312.753837217,1119,1250480.37210852,593997.179847095,1390221.04049029,488528.589024581
"7300:370:4",2014,"VL2440","OTB","MBS",5588666.11664838,43818.4516183914,294722.129718004,594624.77359704,406963.537425035,1006298.34767385,13584.6553272936,316,957198.463752197,456425.255510649,3879748.87201604,2859865.86901489
"7300:370:4",2015,"VL0612","OTB","MBS",992.103941418294,0,47.1317831449126,128.22582733813,57.7469270298047,367.38210688592,0,1,190.073056217134,94.2825871007532,664.716816804694,297.334709918774
"7300:370:4",2015,"VL1824","OTB","MBS",2375839.86335992,18660.2736310886,226484.235176734,240222.268553529,107408.868225258,774336.567234436,84833.6928603463,1106,1235952.89682933,587096.408320721,1233288.35671476,374118.096619982
"7300:370:4",2015,"VL2440","OTB","MBS",3923896.6432063,91254.1943865017,351606.746867042,747411.545593701,351258.28695658,1042746.40416918,34420.5054384702,297,899645.391564565,428981.964831212,2135892.29334427,1058725.38373662
"7300:370:4",2016,"VL0612","OTB","MBS",490.534093381686,0,32.1536400725295,59.022216681777,10.9508386219402,159.81606980961,54.6739165911151,1,190.073056217134,94.2825871007532,294.124810904687,79.6348245039612
"7300:370:4",2016,"VL1824","OTB","MBS",2957214.95352726,29199.694144131,289603.503096039,326104.373132583,154620.450776202,968344.315956731,86566.7382020173,972,1086208.15164386,515965.378741177,1700120.94192539,645209.887766644
"7300:370:4",2016,"VL2440","OTB","MBS",3640843.2950325,27226.7455431755,351849.194672702,755682.130594243,246654.213126741,956866.253377437,20965.7208797586,325,984460.44531476,469424.708990383,1844459.7931916,866627.818934408
"7300:370:4",2017,"VL1824","OTB","MBS",3096776.66584036,13798.5734180082,283176.358426091,386305.276891439,139025.808055493,1037283.08345042,92798.7695007802,1125.7,1257967.60936779,597553.731326072,1704514.06455927,574432.211608073
"7300:370:4",2017,"VL2440","OTB","MBS",4034671.57453334,147242.494198071,390859.498312594,695277.454445755,411783.412973139,1311665.90784693,11524.8108098039,314,951140.245627183,453536.488070709,2230457.21492921,907266.496272475
"7300:370:4",2018,"VL1824","OTB","MBS",4092864.64483754,30527.2164421402,343906.714048694,397968.519101722,214173.800738099,1282275.20985374,145999.869699104,1451.9,1622495.48906556,770710.013780159,2396632.81361101,968357.734058165
"7300:370:4",2018,"VL2440","OTB","MBS",3524793.06816636,9167.5053822618,385018.529583134,615958.346843811,402322.034097352,1298660.75873029,14252.3850191595,311.5,943567.472970916,449925.528770783,1680736.13425354,367822.990504088
"7300:370:4",2019,"VL0612","OTB","MBS",450.390876165524,0,26.5271133543962,45.9149687909378,59.9858518918086,49.1689334977267,148.606230253525,0.5,95.0365281085671,47.1412935503766,270.821648578004,73.0464848267522
"7300:370:4",2019,"VL1824","OTB","MBS",4166158.65686428,48983.9146126154,395456.794569339,407722.581471411,217747.641811242,1335323.29892255,146927.58811612,1547.5,1729328.30727251,821457.225927953,2372758.32769695,890507.440658286
"7300:370:4",2019,"VL2440","OTB","MBS",3997003.87435647,51493.9170562313,352116.366717533,733189.481195194,410389.901510369,1434757.05275499,27667.9062171537,358.5,1085935.59890874,517811.563609392,2034990.47838022,572565.519408072
"7300:370:4",2020,"VL1218","OTB","MBS",4286.92633114273,2.67846150268122,326.096584181114,421.621983706667,147.488402296483,1641.89202211428,212.103968011376,1.5,916.152850575348,350.839077011909,3043.55874544923,1189.56275532358
"7300:370:4",2020,"VL1824","OTB","MBS",4070710.37660253,54837.8830332078,488651.75279014,380850.779876755,230558.736928449,1454082.44442314,159878.75292571,1455,1625959.7331706,772355.582374909,2253131.40766549,639170.210316635
"7300:370:4",2020,"VL2440","OTB","MBS",3496706.5497321,36542.5136006575,404231.834231614,702371.001311859,341464.743247088,1287408.96158466,7395.29675670549,315,954169.35468969,454980.871790679,1630200.61275151,335396.354410146
"7300:370:4",2021,"VL1824","OTB","MBS",2659522.69901605,12972.1728473524,228756.48880968,297656.372274587,138275.0057957,949637.335955793,142188.614050017,981,1096265.63452945,520742.835951743,1487064.1690317,395238.219025887
"7300:370:4",2021,"VL2440","OTB","MBS",3430835.56707603,30862.0265434504,313014.997671574,519323.021640468,367859.254781276,1193626.64261767,20667.1475030578,238,720927.956876655,343763.325352958,1917736.9941732,703443.204052478
"7300:370:4",2022,"VL0612","OTB","MBS",11841.7514893617,120.06085106383,2601.12680851064,632.59829787234,615.205531914894,2544.21404255319,2295.09303191489,7,1330.51139351994,659.978109705272,7452.90359242239,2613.5965179543
"7300:370:4",2022,"VL1824","OTB","MBS",3464053.52593645,28796.0547817481,299467.394858856,269421.146153005,123709.748829047,1162799.81950987,101628.941967295,1094,1222542.91964855,580726.4653733,2219524.82550399,955096.064026822
"7300:370:4",2022,"VL2440","OTB","MBS",3122114.22012717,28731.8744933046,328917.225417901,591983.422901855,148122.899349833,1051296.61133114,14454.2354999613,212,642171.121251474,306209.348633727,1775613.19831716,709862.351486056
"7300:370:4",2023,"VL0612","OTB","MBS",8385.40717948718,0,922.505961538461,1389.37185897436,198.517884615385,1883.65403846154,1827.04,10,1900.73056217134,942.825871007532,4932.18560335144,1221.4915648899
"7300:370:4",2023,"VL1824","OTB","MBS",2888837.24427282,80736.4077608202,270964.034510017,301109.738742204,179812.676638159,1072410.99185409,90398.9225189,910.5,1017482.01859232,483319.421135639,1734367.78100762,571557.866634631
"7300:370:4",2023,"VL2440","OTB","MBS",1905857.97246451,65074.5093254152,216347.144089264,398971.16221119,196131.003813677,687073.738883734,16089.2725990535,127.5,386211.405469637,184158.924296227,975324.247379564,272161.235896776
"7300:370:4",2024,"VL0612","OTB","MBS",0,0,0,0,0,0,0,2.8,532.204557407976,263.991243882109,-263.991243882109,-263.991243882109
"7300:370:4",2024,"VL1824","OTB","MBS",0,0,0,0,0,0,0,689.5,770514.938846135,366006.305187285,-366006.305187285,-366006.305187285
"7300:370:4",2024,"VL2440","OTB","MBS",0,0,0,0,0,0,0,254,769393.701876766,366873.464872484,-366873.464872484,-366873.464872484
"7300:380:1",2013,"VL1218","OTB","MBS",309632.175778925,612.715367446098,31287.2455754631,21684.7757227452,25021.8096750683,112528.977458245,14953.1034725175,189,115435.259172494,44205.7237035005,188045.336469594,60563.2555388317
"7300:380:1",2013,"VL1824","OTB","MBS",8020.30772374609,25.1098646422689,585.491813125164,922.259960371458,173.145604812719,1339.75300245888,466.010786602688,4,4469.99239359614,2123.31431580731,4241.20589427171,2435.44210521014
"7300:380:1",2013,"VL2440","OTB","MBS",39719.6141350009,104.075736447621,3550.99219452676,9058.29443829528,3640.14634565104,11162.9250444483,276.24019217361,3,9087.32718752086,4333.15115991123,19241.1057330642,7801.94049644227
"7300:380:1",2014,"VL1218","OTB","MBS",2263563.37976133,0,164749.346929271,236905.374376637,120410.462831086,828682.720325992,95752.516755603,1180,720706.909119274,275993.407249368,1465504.78837496,541069.55129337
"7300:380:1",2014,"VL1824","OTB","MBS",8390271.64625949,23402.7301520621,765636.057968056,807601.504329723,490583.867707909,2490954.15300055,394622.852092112,3581,4001760.69036695,1900897.14122649,4448955.80517937,1563378.80008671
"7300:380:1",2014,"VL2440","OTB","MBS",23009033.6005049,180404.447960529,1213397.12266811,2448122.88117009,1675504.94363915,4143019.46304964,55929.2296861044,1301,3940870.89032155,1879143.2196815,15973269.8813065,11774321.1885708
"7300:380:1",2015,"VL1218","OTB","MBS",1429830.89976578,285.515784103426,137120.440262044,108997.960593658,49628.4521189634,536957.37486347,40299.5045162038,742,453190.276751272,173548.396761891,960821.165813331,383564.286433657
"7300:380:1",2015,"VL1824","OTB","MBS",7131815.86469704,56014.5646068844,679862.261109185,721101.203976235,322420.834093904,2324409.94866033,254654.484897242,3320,3710093.6866848,1762350.88212007,3702095.24800454,1123030.81444696
"7300:380:1",2015,"VL2440","OTB","MBS",17624505.4614047,409875.741789876,1579270.70815028,3357060.61219528,1577705.57171744,4683581.49212688,154602.539578853,1334,4040831.48938428,1926807.88244053,9593536.42869108,4755352.39698534
"7300:380:1",2016,"VL1218","OTB","MBS",2331410.62198709,25716.7805808013,189661.849714977,249670.31829793,137554.316353859,733085.088214574,122699.171979027,765,467237.953793428,178927.929276073,1601312.98892506,745528.728731455
"7300:380:1",2016,"VL1824","OTB","MBS",9008552.96028212,88950.9201242508,882218.078875895,993410.544079813,471019.706531209,2949863.70323856,263707.933967256,2961,3308911.86935954,1571783.42227636,5179072.12864309,1965500.49143728
"7300:380:1",2016,"VL2440","OTB","MBS",11449051.838533,85617.642908078,1106430.39063231,2376329.65374559,775632.633278552,3008976.34138997,65929.1284280409,1022,3095749.46188211,1476160.16180976,5800116.64197483,2725211.17215681
"7300:380:1",2017,"VL1218","OTB","MBS",1363654.28777763,134.11590871778,132255.523781492,123898.767120867,64802.421706879,404757.242891731,95434.1212662289,778,475177.945165081,181968.534610177,860863.156466932,360671.792308972
"7300:380:1",2017,"VL1824","OTB","MBS",8372603.52001878,37306.5276696348,765610.062067875,1044434.67195442,375877.273533707,2804451.50971072,250895.491672403,3043.5,3401105.46247747,1615576.78003989,4608411.26009252,1553064.2587094
"7300:380:1",2017,"VL2440","OTB","MBS",18001830.8150357,656964.122202223,1743930.43673868,3102177.43209714,1837288.41266041,5852369.22577565,51421.2100144435,1401,4243781.79657224,2023581.59167854,9951817.06406314,4048026.62827305
"7300:380:1",2018,"VL1218","OTB","MBS",1114121.65132497,245.587640864117,68531.7329264239,125839.847513185,46995.2518227817,361003.05389123,66696.7254693592,489.5,298971.213571089,114490.485464886,758509.921238555,330810.141877966
"7300:380:1",2018,"VL1824","OTB","MBS",7737512.82949934,57711.3462982206,650151.628019048,752354.839334945,404893.069953809,2424126.31448898,276011.049211448,2744.8,3067308.78048567,1457018.28350698,4530806.35498278,1830668.99128236
"7300:380:1",2018,"VL2440","OTB","MBS",15850819.0365568,41225.8155360267,1731409.16930996,2769934.03614385,1809222.16810135,5840012.81165134,64092.2662434628,1400.8,4243175.97475974,2023292.71493455,7558186.76360307,1654081.68570827
"7300:380:1",2019,"VL1218","OTB","MBS",1128202.94984189,1415.82897065116,114248.265405499,99000.6807904345,30794.4929848449,391105.973188692,44585.3625706489,518.5,316683.502015545,121273.374287117,764301.965344647,328610.629585307
"7300:380:1",2019,"VL1824","OTB","MBS",7581197.27155401,89136.4804840872,719616.370602428,741936.535976408,396237.388911442,2429900.10324129,267365.485063,2816,3146874.64509169,1494813.27832835,4317730.17821947,1620464.58991518
"7300:380:1",2019,"VL2440","OTB","MBS",13730293.6437099,176889.146038351,1209571.28483303,2518613.23875002,1409749.41062767,4928600.58707886,95043.3096413524,1231.5,3730347.81047731,1778758.55114356,6990490.30439397,1966846.40767375
"7300:380:1",2020,"VL1218","OTB","MBS",1480418.55968795,924.962038925916,112612.020403878,145600.125040036,50932.6615930521,567000.044970131,73246.5702865952,518,316378.11773202,121156.427928113,1051042.2867618,410795.671505076
"7300:380:1",2020,"VL1824","OTB","MBS",7297902.41743485,98312.4521595344,876046.802167066,682782.996088326,413341.900534611,2606855.02149675,286627.991069908,2608.5,2914993.78967388,1384666.34819584,4039376.82260854,1145893.81004188
"7300:380:1",2020,"VL2440","OTB","MBS",16573278.9801588,173199.913669148,1915930.56669143,3329015.57129716,1618434.4814854,6101909.77665365,35051.358913528,1493,4522459.83032288,2156464.89391582,7726633.38043813,1589672.24487095
"7300:380:1",2021,"VL1218","OTB","MBS",2791298.39226709,446.723632069282,187230.39075515,248472.625780573,124961.942319413,973829.847964342,144392.72655044,931,568625.535923766,217754.120465391,2013326.03657863,895103.46206385
"7300:380:1",2021,"VL1824","OTB","MBS",8709191.30539151,42480.2296351883,749113.37441498,974741.178320194,452811.881874297,3109796.06703158,465627.851820264,3212.5,3589962.6411069,1705286.80988275,4869718.29053448,1294294.37168263
"7300:380:1",2021,"VL2440","OTB","MBS",19172316.4042484,172464.265978105,1749201.45757644,2902099.23857909,2055684.07083654,6670266.5322752,115492.883105323,1330,4028715.05313425,1921030.34756065,10716765.5556738,3931006.14029326
"7300:380:1",2022,"VL1218","OTB","MBS",2894946.66203118,79.8672276804784,290841.433186672,179873.263641606,102374.734254592,965423.656255874,111960.060948313,909,555188.627448661,212608.480669217,2109328.61750678,1031944.90030259
"7300:380:1",2022,"VL1824","OTB","MBS",11495654.7768851,95561.3134233422,993799.247746872,894089.096077226,410537.699381952,3858816.0372309,337261.310614503,3630.5,4057076.8462377,1927173.15588461,7365616.89121777,3169539.54337238
"7300:380:1",2022,"VL2440","OTB","MBS",17186355.164568,158160.83742305,1810596.23614477,3258701.20059653,815374.639345542,5787090.30860116,79566.4756059188,1167,3534970.27594562,1685595.80120547,9774248.12469872,3907591.34049164
"7300:380:1",2023,"VL0612","OTB","MBS",838.540717948718,0,92.2505961538461,138.937185897436,19.8517884615385,188.365403846154,182.704,1,190.073056217134,94.2825871007532,493.218560335144,122.14915648899
"7300:380:1",2023,"VL1218","OTB","MBS",1820876.66990175,367.360715071328,161773.218228331,219833.325933047,74748.4684971852,642773.384531093,96191.5021121367,562.5,343557.318965756,131564.653879466,1233324.36407879,494359.477435559
"7300:380:1",2023,"VL1824","OTB","MBS",10294159.7353577,287698.270159233,965560.472232565,1072982.47924116,640749.290886883,3821457.94955585,322129.933127481,3244.5,3625722.58025567,1722273.32440921,6180292.4387471,2036704.55606377
"7300:380:1",2023,"VL2440","OTB","MBS",18139283.5261622,619356.212285423,2059115.75962606,3797266.70857474,1866705.67159135,6539325.35008166,153132.018030992,1213.5,3675823.84735219,1752759.64418409,9282791.95447138,2590334.58635873
"7300:380:1",2024,"VL1218","OTB","MBS",0,0,0,0,0,0,0,312,190559.792919672,72974.528018477,-72974.528018477,-72974.528018477
"7300:380:1",2024,"VL1824","OTB","MBS",0,0,0,0,0,0,0,2789.5,3117260.94548411,1480746.32098612,-1480746.32098612,-1480746.32098612
"7300:380:1",2024,"VL2440","OTB","MBS",0,0,0,0,0,0,0,990,2998817.97188188,1429939.88277071,-1429939.88277071,-1429939.88277071
"7300:380:2",2013,"VL1824","OTB","MBS",6771144.79577264,21199.0032242355,494301.46323092,778617.971543603,146178.176863138,1131086.47232591,393429.606589319,3377,3773791.07829354,1792608.11112032,3580638.07623889,2056121.99732366
"7300:380:2",2013,"VL2440","OTB","MBS",23024136.3269222,60329.2352274708,2058391.80876068,5250791.34273183,2110071.49836238,6470775.55076521,160127.231396636,1739,5267620.65969959,2511783.28902854,11153427.6232662,4522524.84110436
"7300:380:2",2014,"VL1218","OTB","MBS",1918.27405064519,0,139.618090618027,200.767266420879,102.04276511109,702.273491801688,81.1462006403415,1,610.768567050232,233.892718007939,1241.95321048726,458.533518045229
"7300:380:2",2014,"VL1824","OTB","MBS",3008407.92901346,8391.26096488349,274525.746559895,289572.837631769,175903.29129767,893154.183873974,141495.599577289,1284,1434867.55834436,681583.895374147,1595213.41911486,560563.635663595
"7300:380:2",2014,"VL2440","OTB","MBS",2069221.31534133,16223.9203776955,109121.801193059,220161.704148271,150679.537590915,372585.147714687,5029.76162434605,117,354405.760313314,168992.895236538,1436489.29755024,1058874.38821121
"7300:380:2",2015,"VL1218","OTB","MBS",28904.9373268016,5.77188242796684,2771.97655516262,2203.46281523567,1003.27059539683,10854.9334541133,814.680010435388,15,9161.52850575348,3508.39077011909,19423.6084733153,7753.99500876664
"7300:380:2",2015,"VL1824","OTB","MBS",2257692.31138452,17732.321506577,215221.456754745,228276.3148732,102067.559226715,735829.775916268,80615.0191647595,1051,1174490.50141739,557900.836478371,1171958.46555806,355513.670477035
"7300:380:2",2015,"VL2440","OTB","MBS",1202271.36205984,27960.0393574803,107731.360151181,229004.884340157,107624.592973228,319494.689492913,10546.3501511811,91,275648.924688133,131438.918517307,654431.645435449,324390.605791354
"7300:380:2",2016,"VL0612","OTB","MBS",2452.67046690843,0,160.768200362647,295.111083408885,54.7541931097008,799.080349048051,273.369582955576,5,950.365281085671,471.412935503766,1470.62405452343,398.174122519806
"7300:380:2",2016,"VL1218","OTB","MBS",143236.992461952,1579.9852121538,11652.4273681097,15339.2221699382,8451.04950147889,45039.2145700457,7538.38050067222,47,28706.1226513609,10992.9577463731,98381.3208882061,45803.7258174881
"7300:380:2",2016,"VL1824","OTB","MBS",3218861.54406568,31783.2061774594,315226.85830824,354957.229191639,168300.861030064,1054020.87066072,94225.9352034303,1058,1182312.98810618,561616.636531034,1850543.16518217,702296.359318014
"7300:380:2",2016,"VL2440","OTB","MBS",604940.116713092,4523.8284902507,58461.0969610028,125559.492467967,40982.5461810585,158987.008253482,3483.53516155989,54,163571.889375375,77996.7208784021,306464.088714913,143993.545299871
"7300:380:2",2017,"VL0612","OTB","MBS",811.13055258467,0,110.164670231729,76.7264527629234,26.0120855614973,259.911479500891,84.9332519904932,1,190.073056217134,94.2825871007532,503.944756927767,159.100025436383
"7300:380:2",2017,"VL1218","OTB","MBS",56088.6082376402,5.51633557708094,5439.81588818475,5096.09324918733,2665.39523730094,16648.1128181689,3925.31090041044,32,19544.5941456074,7484.56697625406,35408.2532222902,14834.8295037109
"7300:380:2",2017,"VL1824","OTB","MBS",2918788.34721207,13005.4955996328,266900.698489902,364102.246408295,131035.251263106,977664.876557606,87465.1278673961,1061,1185665.48240138,563209.122267889,1606546.52438251,541416.519957507
"7300:380:2",2017,"VL2440","OTB","MBS",4548642.47574778,165999.499828399,440650.517205918,783847.830808271,464239.898702202,1478757.10629877,12992.939575384,354,1072304.60812746,511311.836869525,2514591.89199026,1022841.8461161
"7300:380:2",2018,"VL1218","OTB","MBS",416515.346664901,91.8131527643174,25620.6478560481,47045.3362510987,17569.2156967703,134961.305131962,24934.6287250107,183,111770.647770193,42802.3673954529,283569.592618296,123673.658761323
"7300:380:2",2018,"VL1824","OTB","MBS",5749292.26747446,42881.9188193023,483089.567671542,559030.783599395,300852.308427132,1801226.17983105,205087.632930176,2039.5,2279137.37168483,1082624.88677225,3366576.63982344,1360262.82706221
"7300:380:2",2018,"VL2440","OTB","MBS",8588500.60590133,22337.5171272446,938135.036769177,1500842.32826469,980296.705874446,3164313.05257236,34727.3201590436,759,2299093.77844278,1096287.24345754,4095276.80866271,896236.435931309
"7300:380:2",2019,"VL1218","OTB","MBS",329648.499326994,413.68966066278,33382.0871917705,28926.9105877547,8997.81231861909,114276.86584009,13027.3528051173,151.5,92531.4379081102,35434.7467782028,223320.63211131,96016.4134661022
"7300:380:2",2019,"VL1824","OTB","MBS",4933431.8182254,58005.1848320631,468287.286622496,482812.039125273,257849.792322521,1581247.13749633,173986.950063192,1832.5,2047815.26531623,972743.370929224,2809744.51405795,1054510.42649842
"7300:380:2",2019,"VL2440","OTB","MBS",8400955.14456793,108230.589963376,740082.795876322,1541027.26382309,862562.875280511,3015591.18340554,58152.7680184807,753.5,2282433.67859899,1088343.1329977,4277169.66655368,1203425.71512966
"7300:380:2",2020,"VL1218","OTB","MBS",427263.657670558,266.953329767229,32500.9595567177,42021.6577094311,14699.6774288828,163641.904870723,21139.6954784671,149.5,91309.9007740097,34966.9613421869,303341.354963107,118559.754613917
"7300:380:2",2020,"VL1824","OTB","MBS",5291923.48958329,71289.2479431702,635247.278627182,495106.013839781,299726.358006984,1890307.17775009,207842.378803423,1891.5,2113747.65312178,1004062.25708738,2929070.82996513,830921.273411625
"7300:380:2",2020,"VL2440","OTB","MBS",7776009.32726138,81263.5897690812,898934.602791256,1561939.32196494,759352.548078048,2862952.3098097,16445.7313589594,700.5,2121890.89828612,1011790.79583927,3625255.64835694,745857.607188278
"7300:380:2",2021,"VL1218","OTB","MBS",68957.9624297993,11.0361369898963,4625.45541070726,6138.42147470804,3087.13713571054,24058.0950624918,3567.16725097756,23,14047.6770421553,5379.5325141826,49738.4520314807,22113.1897180113
"7300:380:2",2021,"VL1824","OTB","MBS",2274556.1105754,11094.4475218437,195643.928757718,254570.536532496,118259.663468494,812177.089568716,121606.775930646,839,937580.904556791,445365.177740583,1271811.25159796,338027.386098594
"7300:380:2",2021,"VL2440","OTB","MBS",2774940.53219385,24961.9332336731,253173.895175538,420040.679268026,297533.220778973,965433.313881937,16716.0751862967,192.5,583103.494532589,278043.866094304,1551110.80411068,568961.415042446
"7300:380:2",2022,"VL0612","OTB","MBS",1691.67878419453,17.1515501519757,371.589544072948,90.3711854103343,87.8865045592705,363.45914893617,327.870433130699,1,190.073056217134,94.2825871007532,1064.7005132032,373.370931136329
"7300:380:2",2022,"VL1218","OTB","MBS",19108.5588252883,0.527176420333191,1919.7454335754,1187.28226826143,675.740820162324,6372.43337462623,739.010303289193,6,3664.61140230139,1403.35630804764,13922.9611716619,6811.51749374647
"7300:380:2",2022,"VL1824","OTB","MBS",2257650.97257102,18767.4470378303,195173.905424465,175591.661066812,80626.1891362985,757839.370484955,66235.3159256688,713,796776.144158513,378480.776792653,1446545.88718862,622471.200777993
"7300:380:2",2022,"VL2440","OTB","MBS",1259154.55575884,11587.6191942337,132652.937609578,238748.031406173,59738.2447849562,423989.906928362,5829.42044927683,85.5,258988.824844345,123494.80805747,716108.153094893,286288.825717254
"7300:380:2",2023,"VL0612","OTB","MBS",10062.4886153846,0,1107.00715384615,1667.24623076923,238.221461538462,2260.38484615385,2192.448,12,2280.87667460561,1131.39104520904,5918.62272402173,1465.78987786789
"7300:380:2",2023,"VL1218","OTB","MBS",9711.34223947598,1.95925714704708,862.790497217764,1172.44440497625,398.658498651654,3428.12471749916,513.021344598063,3,1832.3057011507,701.678154023818,6577.72994175354,2636.58387965631
"7300:380:2",2023,"VL1824","OTB","MBS",1529291.10569962,42740.1960908461,143442.794765325,159401.311448371,95189.137989668,567712.353732754,47855.332953443,482,538634.083428335,255859.375054781,918138.682532316,302570.99584612
"7300:380:2",2023,"VL2440","OTB","MBS",403593.452992484,13780.484327735,45814.6893365501,84488.0108211933,41533.624337014,145497.968234202,3407.14007979957,27,81785.9446876877,38998.3604392011,206539.252386261,57634.1440722585
"7300:380:2",2024,"VL0612","OTB","MBS",0,0,0,0,0,0,0,1,190.073056217134,94.2825871007532,-94.2825871007532,-94.2825871007532
"7300:380:2",2024,"VL1218","OTB","MBS",0,0,0,0,0,0,0,33,20155.3627126577,7718.45969426199,-7718.45969426199,-7718.45969426199
"7300:380:2",2024,"VL1824","OTB","MBS",0,0,0,0,0,0,0,546,610153.961725874,289832.404107698,-289832.404107698,-289832.404107698
"7300:380:2",2024,"VL2440","OTB","MBS",0,0,0,0,0,0,0,117,354405.760313314,168992.895236538,-168992.895236538,-168992.895236538
"7300:380:3",2013,"VL0612","OTB","MBS",1477.90137722285,0,162.385221339387,194.634521377223,54.5151797200151,482.622307983352,122.269163828982,2,380.146112434269,188.565174201506,877.801280584722,272.909808772387
"7300:380:3",2013,"VL1218","OTB","MBS",1693966.50664237,3352.10417957283,171169.375264703,118635.22802814,136891.805312279,615634.72323717,81806.9258761008,1034,631534.69832994,241845.070420209,1028777.13179661,331335.482683344
"7300:380:3",2013,"VL1824","OTB","MBS",7719546.18410561,24168.2447181838,563535.870132971,887675.211857528,166652.644632242,1289512.26486667,448535.382105087,3850,4302367.67883629,2043690.02896454,4082160.67323652,2344113.02626476
"7300:380:3",2013,"VL2440","OTB","MBS",21422111.8901438,56131.5138574168,1915168.45691476,4885440.13372059,1963252.26242113,6020537.57397246,148985.543645634,1618,4901098.46313625,2337012.85891212,10377369.6920326,4207846.57441453
"7300:380:3",2014,"VL0612","OTB","MBS",1171.49454206999,0,257.741303052867,14.5548920327625,13.0016306775875,199.254035740879,199.254035740879,2,380.146112434269,188.565174201506,697.63154210527,299.123470623512
"7300:380:3",2014,"VL1218","OTB","MBS",571645.667092267,0,41606.1910041719,59828.645393422,30408.7440031047,209277.500556903,24181.5677908218,298,182009.032980969,69700.0299663659,370102.056725203,136642.988377478
"7300:380:3",2014,"VL1824","OTB","MBS",972343.684221639,2712.12873865004,88729.115905262,93592.4669915764,56853.4781063341,288675.222981074,45732.6120129089,415,463761.7108356,220293.860265008,515586.891692108,181179.056698124
"7300:380:3",2014,"VL2440","OTB","MBS",813540.004322232,6378.6353621709,42902.5885032538,86559.302485645,59241.5275998469,146486.46833227,1977.51311726426,46,139339.01687532,66441.6511186389,564773.569977018,416309.588527484
"7300:380:3",2015,"VL1218","OTB","MBS",302538.344020523,60.4123694127196,29013.3546107021,23062.9107994666,10500.8988984869,113614.970153052,8526.98410922372,157,95890.6650268865,36721.1567272465,203300.435354034,81158.4810917575
"7300:380:3",2015,"VL1824","OTB","MBS",496219.718296692,3897.39892294889,47303.6693723559,50173.0054573826,22433.4977938831,161728.523536306,17718.4295214647,231,258142.060730177,122621.401737872,257585.542858147,78138.589800376
"7300:380:3",2015,"VL2440","OTB","MBS",462412.062330709,10753.8612913386,41435.138519685,88078.8016692913,41394.0742204724,122882.57288189,4056.28851968504,35,106018.817187743,50553.4301989643,251704.479013634,124765.617612059
"7300:380:3",2016,"VL1218","OTB","MBS",493710.48465609,5445.90647593439,40163.6858219952,52871.3615219145,29129.149345523,155241.548092498,25983.3540661468,162,98944.5078621376,37890.6203172862,339101.574125306,157876.671966661
"7300:380:3",2016,"VL1824","OTB","MBS",924890.27353116,9132.41462944014,90575.5812152219,101991.491185499,48358.6595020221,302856.658488525,27074.3707956926,304,339719.421913307,161371.888001356,531725.068256502,201794.038972284
"7300:380:3",2016,"VL2440","OTB","MBS",840194.606545961,6283.09512534819,81195.9680013928,174388.183983287,56920.2030292479,220815.289240947,4838.24327994429,75,227183.179688022,108328.778997781,425644.567659601,199991.035138709
"7300:380:3",2017,"VL1218","OTB","MBS",417159.023767449,41.0277458545395,40458.6306683741,37902.1935408307,19823.8770774257,123820.339085131,29194.4998218027,238,145362.918957955,55666.4668858895,263348.883340784,110334.04443385
"7300:380:3",2017,"VL1824","OTB","MBS",1636832.29650441,7293.37406388458,149675.698022141,204185.519899091,73483.4820938247,548266.353960203,49049.7182668244,595,664911.368547426,315843.004476338,900937.966076902,303621.893849874
"7300:380:3",2017,"VL2440","OTB","MBS",3546399.21837962,129423.33884926,343558.030363937,611135.596901364,361949.75153053,1152929.26931769,10130.0884825028,276,836034.101251919,398649.906711833,1960529.27172122,797469.913921029
"7300:380:3",2018,"VL1218","OTB","MBS",1289376.74254463,284.219404595551,79312.0055215917,145634.87970627,54387.7633454664,417790.051132548,77188.3452061124,566.5,346000.393233957,132500.224751498,877826.088624395,382847.692285736
"7300:380:3",2018,"VL1824","OTB","MBS",3678757.73917831,27438.5408478497,309111.000642982,357702.952977303,192504.173815841,1152537.46735941,131227.928891336,1305,1458335.01841074,692731.295532135,2154146.8570579,870381.460807152
"7300:380:3",2018,"VL2440","OTB","MBS",5624958.6972247,14629.7493596223,614422.828429457,982962.74226664,642036.221989707,2072437.44194166,22744.3357721483,497.1,1505770.11497221,718003.147197291,2682163.50670123,586981.728987423
"7300:380:3",2019,"VL1218","OTB","MBS",1070541.66118073,1343.46741284546,108409.154444562,93940.8581463718,29220.6182228422,371116.950450986,42306.6506938462,492,300498.134988714,115075.217259906,725239.280519897,311815.679375064
"7300:380:3",2019,"VL1824","OTB","MBS",4707288.1496137,55346.2841358048,446821.457385776,460680.409500977,246030.211119196,1508764.32191669,166011.559173528,1748.5,1953945.42505071,928153.770297271,2680948.58544628,1006172.70435607
"7300:380:3",2019,"VL2440","OTB","MBS",5758584.38244106,74188.5862190891,507302.938381049,1056324.59424635,591259.091018426,2067090.70501521,39861.8509376845,516.5,1564534.83078484,746024.191364717,2931862.1536496,824909.597696705
"7300:380:3",2020,"VL1218","OTB","MBS",1407540.81205853,879.428193380335,107068.378472799,138432.551317022,48425.3587540119,539087.880594188,69640.8028304018,492.5,300803.519272239,115192.16361891,999301.788089165,390573.104664575
"7300:380:3",2020,"VL1824","OTB","MBS",4613471.76014954,62149.6007709688,553805.319828826,431630.883860322,261299.901852242,1647960.10367956,181195.919982472,1649,1842754.36426001,875336.326691564,2553548.92868755,724392.905025519
"7300:380:3",2020,"VL2440","OTB","MBS",5805642.93812662,60672.1733750599,671153.172390902,1166158.83709874,566939.875295958,2137507.57748819,12278.5403293872,523,1584224.03969114,755412.685544524,2706650.54117156,556864.423353988
"7300:380:3",2021,"VL1218","OTB","MBS",209872.059568954,33.588243012728,14077.472989109,18682.1523143288,9395.63476085815,73220.2893206272,10856.5959812361,70,42753.7996935163,16372.4902605557,151377.897487115,67301.012185252
"7300:380:3",2021,"VL1824","OTB","MBS",1057302.60205531,5157.13293625632,90942.9466215852,118334.337601518,54971.7148423272,377531.662612395,56527.583567285,390,435824.258375624,207023.145791213,591187.590134925,157128.343955246
"7300:380:3",2021,"VL2440","OTB","MBS",1657756.68157035,14912.3237499865,151246.742572399,250933.39280947,177747.118906919,576752.369332066,9986.22673467076,115,348347.5421883,166104.127796597,926637.623234951,339899.027168214
"7300:380:3",2022,"VL1218","OTB","MBS",200639.867665528,5.5353524134985,20157.3270525417,12466.463816745,7095.2786117044,66910.5504335754,7759.60818453652,63,38478.4197241646,14735.2412345002,146191.09230245,71520.9336843379
"7300:380:3",2022,"VL1824","OTB","MBS",690277.576466313,5738.1535122679,59674.4900175783,53687.2119390815,24651.4855984756,231709.653247854,20251.4710684373,218,243614.58545099,115720.630211498,442281.912211947,190320.787895655
"7300:380:3",2022,"VL2440","OTB","MBS",419718.185252945,3862.53973141124,44217.6458698593,79582.6771353909,19912.7482616521,141329.968976121,1943.14014975894,28.5,86329.6082814482,41164.9360191567,238702.717698298,95429.608572418
"7300:380:3",2023,"VL1218","OTB","MBS",182896.945510131,36.8993429360534,16249.2210309346,22081.0362937194,7508.06839127282,64563.0155129009,9661.90198993018,56.5,34508.4240383381,13214.9385674486,123880.580569692,49655.6630668605
"7300:380:3",2023,"VL1824","OTB","MBS",442606.035778208,12369.828536666,41515.0827173502,46133.782047817,27549.5534223209,164306.791173691,13850.2467780193,139.5,155890.984726665,74050.58676378,265726.859363606,87569.8214118957
"7300:380:3",2023,"VL2440","OTB","MBS",343801.830326931,11738.9310939965,39027.3279533575,71971.2684773128,35380.4948056045,123942.713680987,2902.37858649593,23,69669.5084376599,33220.8255593194,175940.844625333,49095.7523578498
"7300:380:3",2024,"VL0612","OTB","MBS",0,0,0,0,0,0,0,0.1,19.0073056217134,9.42825871007532,-9.42825871007532,-9.42825871007532
"7300:380:3",2024,"VL1218","OTB","MBS",0,0,0,0,0,0,0,11,6718.45423755256,2572.81989808733,-2572.81989808733,-2572.81989808733
"7300:380:3",2024,"VL1824","OTB","MBS",0,0,0,0,0,0,0,122.5,136893.517053882,65026.5009215989,-65026.5009215989,-65026.5009215989
"7300:380:3",2024,"VL2440","OTB","MBS",0,0,0,0,0,0,0,24,72698.6175001669,34665.2092792898,-34665.2092792898,-34665.2092792898
"7300:390:1",2013,"VL1218","OTB","MBS",1122211.85401356,2220.68797196072,113395.572588319,78592.970212066,90687.5112562,407843.119359247,54195.110469177,685,418376.468429409,160216.511835438,681539.976093502,219501.746265078
"7300:390:1",2013,"VL1824","OTB","MBS",4740001.86473394,14839.9300035809,346025.661556972,545055.636579532,102329.052444317,791794.024453198,275412.374882189,2364,2641765.50461532,1254878.76064212,2506552.68351458,1439346.28417919
"7300:390:1",2013,"VL2440","OTB","MBS",1959500.96399338,5134.40299808262,175182.281596653,446875.8589559,179580.553052118,550704.302192784,13627.8494805648,148,448308.141251029,213768.790555621,949227.882831167,384895.731157818
"7300:390:1",2014,"VL1218","OTB","MBS",1484744.11519938,0,108064.402138353,155393.86420976,78981.1001959833,543559.682654507,62807.1592956243,774,472734.87089688,181032.963738145,961271.784917138,354904.942967007
"7300:390:1",2014,"VL1824","OTB","MBS",5613820.40336156,15658.4589344711,512277.016166284,540355.544365824,328243.213356088,1666664.66087387,264036.959958867,2396,2677525.44376409,1271865.27516858,2976737.81323925,1046036.19240652
"7300:390:1",2014,"VL2440","OTB","MBS",2157649.5766807,16917.2503083663,113785.126030369,229570.323983667,157118.834069159,388507.589924716,5244.70870230956,122,369551.305625848,176214.81383639,1497877.72906948,1104125.43044246
"7300:390:1",2015,"VL1218","OTB","MBS",1352751.06689431,270.124097628848,129728.502781611,103122.059753029,46953.0638645719,508010.885652502,38127.0244883761,702,428759.534069263,164192.688041573,909024.876551157,362886.966410279
"7300:390:1",2015,"VL1824","OTB","MBS",4783901.78634949,37573.6251143168,456040.13719583,483702.52447442,216274.457086483,1559174.98664655,170817.933092216,2227,2488668.26513465,1182155.24532572,2483303.04738136,753310.127642586
"7300:390:1",2015,"VL2440","OTB","MBS",1426871.50662047,33183.3434132733,127856.998860742,271786.016579528,127730.286166029,379180.510606974,12516.547432171,108,327143.778750751,155993.441756804,776688.106670642,384991.048631497
"7300:390:1",2016,"VL1218","OTB","MBS",2182078.43835655,24069.5619553643,177513.574373756,233678.363269696,128743.647724657,686129.311322398,114840.00932939,716,437310.294007966,167467.186093684,1498745.22885012,697775.90819833
"7300:390:1",2016,"VL1824","OTB","MBS",5287695.05064854,52210.9757433124,517830.132079131,583096.091053939,276471.546758271,1731463.39622716,154787.027772743,1738,1942211.69501752,922580.070218277,3039928.18628223,1153677.76228233
"7300:390:1",2016,"VL2440","OTB","MBS",806586.822284123,6031.77132033426,77948.1292813371,167412.656623955,54643.394908078,211982.677671309,4644.71354874652,72,218095.852500501,103995.62783787,408618.784953217,191991.393733161
"7300:390:1",2017,"VL1218","OTB","MBS",1218174.46016125,119.807913314727,118146.001321513,110680.775255787,57889.0528101297,361576.200269605,85252.8461182893,695,424484.154099911,162555.439015518,769022.999671616,322193.953283721
"7300:390:1",2017,"VL1824","OTB","MBS",4882987.10301736,21757.5444762943,446511.536116471,609124.870287203,219215.429775696,1635584.50130985,146324.789787585,1775,1983559.12465829,942220.727639494,2687672.08367479,905762.792577357
"7300:390:1",2017,"VL2440","OTB","MBS",1901692.33449342,69400.920832212,184226.769905299,327710.392541311,194088.997197531,618237.434271803,5432.07643264642,148,448308.141251029,213768.790555621,1051298.30512587,427628.794421421
"7300:390:1",2018,"VL1218","OTB","MBS",1452568.82099202,320.192098875341,89350.2593537154,164067.396696455,61271.4396594469,470668.332979333,86957.8144934527,638.2,389792.499491458,149270.332632667,988929.584748613,431303.437275828
"7300:390:1",2018,"VL1824","OTB","MBS",6364391.83735086,47469.7269518699,534773.874445717,618839.813744719,333039.596340248,1993933.97705544,227029.344872007,2257.7,2522975.4567555,1198451.68269954,3726756.59707251,1505793.27514506
"7300:390:1",2018,"VL2440","OTB","MBS",1365786.59174215,3552.22439691493,149186.955122582,238671.500687152,155891.715940772,503204.987411705,5522.51323214303,120.7,365613.463844589,174337.115000428,651251.529388129,142524.028744281
"7300:390:1",2019,"VL1218","OTB","MBS",1184776.28966038,1486.82521604544,119977.204461512,103965.035082722,32338.6719966211,410717.844553988,46821.0798837384,544.5,332563.484758851,127354.584955323,802627.618380252,345088.693942525
"7300:390:1",2019,"VL1824","OTB","MBS",6656431.19812403,78263.4758511738,631836.461759412,651433.979119911,347903.744347848,2133497.16096026,234751.833032055,2472.5,2763014.04829162,1312473.66145839,3791046.82728964,1422797.83329733
"7300:390:1",2019,"VL2440","OTB","MBS",1226416.80942598,15800.0861260403,108041.284069536,224967.483769795,125921.587632191,440232.289548254,8489.45518517967,110,333201.996875765,158882.209196745,624404.330883748,175682.586150315
"7300:390:1",2020,"VL1218","OTB","MBS",1820514.71529194,1137.45331813863,138482.34941558,179048.802414098,62633.4081752397,697256.812057864,90073.4850821644,637,389059.577210998,148989.661371057,1292497.94723411,505167.65009408
"7300:390:1",2020,"VL1824","OTB","MBS",6771927.46843054,91226.8700219103,812908.293902773,633573.410784663,383551.493288874,2418973.57850599,265970.117839644,2420.5,2704904.14717487,1284870.5753529,3748250.56512324,1063306.86877761
"7300:390:1",2020,"VL2440","OTB","MBS",1431984.58703314,14965.0293793169,165542.560685328,287637.648156285,139837.942472617,527224.622363243,3028.55010036511,129,390755.069063397,186325.499876183,667605.965222049,137352.792758441
"7300:390:1",2021,"VL1218","OTB","MBS",1007385.88593098,161.223566461094,67571.8703477234,89674.3311087784,45099.0468521191,351457.388739011,52111.6607099331,336,205218.238528878,78587.9532506676,726613.907938153,323044.858489209
"7300:390:1",2021,"VL1824","OTB","MBS",4706352.09530262,22955.8532752333,404812.705987364,526739.513015987,244694.607605846,1680499.91357722,251620.218135402,1736,1939976.69882073,921518.413060373,2631542.70890828,699422.577195657
"7300:390:1",2021,"VL2440","OTB","MBS",432458.264757483,3890.17141303996,39455.6719754085,65460.8850807313,46368.8136278919,150457.139825756,2605.10262643585,30,90873.2718752086,43331.5115991123,241731.553887378,88669.3114351863
"7300:390:1",2022,"VL0612","OTB","MBS",3383.35756838906,34.3031003039514,743.179088145897,180.742370820669,175.773009118541,726.91829787234,655.740866261398,2,380.146112434269,188.565174201506,2129.4010264064,746.741862272658
"7300:390:1",2022,"VL1218","OTB","MBS",1108296.41186672,30.5762323793251,111345.235147373,68862.3715591628,39192.9675694148,369601.135728321,42862.5975907732,348,212547.461333481,81394.6658667629,807531.74795639,395068.014637295
"7300:390:1",2022,"VL1824","OTB","MBS",5607713.70606349,46615.9168359012,484786.797344639,436147.029101437,200265.050435322,1882375.2105594,164519.978266984,1771,1979089.13226469,940097.413323687,3593033.33269431,1546138.14386792
"7300:390:1",2022,"VL2440","OTB","MBS",441808.616055732,4065.83129622236,46544.8903893256,83771.2390898852,20960.7876438443,148768.388395917,2045.41068395678,30,90873.2718752086,43331.5115991123,251266.018629787,100452.219549914
"7300:390:1",2023,"VL0612","OTB","MBS",9223.9478974359,0,1014.75655769231,1528.30904487179,218.369673076923,2072.01944230769,2009.744,11,2090.80361838848,1037.10845810829,5425.40416368659,1343.6407213789
"7300:390:1",2023,"VL1218","OTB","MBS",1113567.24345991,224.661486194732,98933.3103476369,134440.29177061,45712.841178723,393091.634273238,58826.4475139112,344,210104.38706528,80459.0949947311,754246.366654406,302328.284867257
"7300:390:1",2023,"VL1824","OTB","MBS",3870819.81110691,108180.579317079,363070.974302274,403463.9003465,240935.162546463,1436948.28123228,121127.606230706,1220,1363347.68004682,647610.86632123,2323919.48690752,765843.599444536
"7300:390:1",2023,"VL2440","OTB","MBS",164426.962330271,5614.27139278092,18665.2438037797,34421.0414456713,16921.1062113761,59276.9500213417,1388.09410658501,11,33320.1996875765,15888.2209196745,84145.6213425506,23480.5772146238
"7300:390:1",2024,"VL1218","OTB","MBS",0,0,0,0,0,0,0,184,112381.416337243,43036.2601134608,-43036.2601134608,-43036.2601134608
"7300:390:1",2024,"VL1824","OTB","MBS",0,0,0,0,0,0,0,1129,1261655.35309251,599305.465636614,-599305.465636614,-599305.465636614
"7300:390:1",2024,"VL2440","OTB","MBS",0,0,0,0,0,0,0,27,81785.9446876877,38998.3604392011,-38998.3604392011,-38998.3604392011
"7300:390:3",2013,"VL1218","OTB","MBS",525883.219180079,1040.64356058305,53138.6551837231,36829.6984497419,42497.3592894018,191120.644254479,25396.5408184027,321,196056.710023125,75079.5624805485,319378.587337247,102861.402264365
"7300:390:3",2013,"VL1824","OTB","MBS",2273757.23968202,7118.64662608322,165986.929020984,261460.698765308,49086.7789644059,379819.976197092,132114.058001862,1134,1267242.84358451,601959.608531373,1202381.87102603,690447.836827075
"7300:390:3",2013,"VL2440","OTB","MBS",5468066.87925179,14327.7597176225,488853.25877985,1247025.20100532,501126.813584626,1536762.68111905,38029.0664559003,413,1251022.04281537,596530.476347779,2648858.88925184,1074067.14167689
"7300:390:3",2014,"VL1218","OTB","MBS",585073.585446784,0,42583.5176384981,61234.0162583681,31123.0433588823,214193.414999515,24749.5911953042,305,186284.412950321,71337.2789924215,378795.729198614,139852.723003795
"7300:390:3",2014,"VL1824","OTB","MBS",2319566.86115523,6469.89747292419,211667.047581227,223268.7766787,135626.369458484,688646.917472924,109097.074440433,990,1106323.11741505,525520.293162309,1229954.27174744,432210.27983408
"7300:390:3",2014,"VL2440","OTB","MBS",9196539.1792948,72106.312789758,484985.78308026,978496.462881205,669686.8337374,1655933.98984305,22354.4961082047,520,1575136.71250362,751079.534384613,6384396.87800108,4706108.39204982
"7300:390:3",2015,"VL1218","OTB","MBS",660959.566872862,131.983711519508,63385.8638947185,50385.8497083889,22941.4542814076,248216.144984057,18629.0162386225,343,209493.61849823,80225.2022767232,444153.180423143,177308.019200464
"7300:390:3",2015,"VL1824","OTB","MBS",1033254.04545761,8115.36312527452,98498.1167450355,104472.794913424,46712.1750599903,336759.393164343,36894.2190468595,481,537516.585329936,255328.546475829,536357.775388609,162704.163177406
"7300:390:3",2015,"VL2440","OTB","MBS",6394498.23337323,148710.539000225,572988.772672216,1218004.00022677,572420.91207739,1699290.43642385,56092.6755293588,484,1466088.78625337,699081.720465678,3480713.3669314,1725330.25497819
"7300:390:3",2016,"VL1218","OTB","MBS",1267799.76306749,13984.5499628933,103136.378407099,135768.43452541,74800.7785662813,398644.963002958,66722.6869846733,416,254079.723892897,97299.3706913027,870779.350840292,405411.700852661
"7300:390:3",2016,"VL1824","OTB","MBS",1925840.6024514,19015.8501988013,188599.812201433,212370.440527701,100694.182449934,630619.292181699,56375.25234761,633,707376.29628659,336014.490476507,1107177.52699462,420182.982465315
"7300:390:3",2016,"VL2440","OTB","MBS",4402619.73830084,32923.4184568245,425466.872327298,913794.084072423,298261.863873259,1157072.11562256,25352.3947869081,393,1190439.86156523,567642.801948371,2230377.53453631,1047953.02412684
"7300:390:3",2017,"VL1218","OTB","MBS",709871.448007634,69.8161221474306,68847.6698348383,64497.4301850271,33733.90847209,210702.67785495,49679.7160833197,405,247361.269655344,94726.5507932154,448135.704844611,187753.310906341
"7300:390:3",2017,"VL1824","OTB","MBS",1535046.08646968,6839.83651705478,140368.133607319,191488.269081836,68913.921022444,514172.479848392,45999.5677191395,558,623563.938906662,296202.34705512,844913.252220019,284741.204652488
"7300:390:3",2017,"VL2440","OTB","MBS",4561491.74827814,166468.424969157,441895.292678252,786062.090217334,465551.310845428,1482934.38626007,13029.6427945235,355,1075333.71718997,512756.220589495,2521695.25891678,1025731.22986219
"7300:390:3",2018,"VL1218","OTB","MBS",1145986.21336491,252.611597906196,70491.7824891816,129438.944275564,48339.3448269062,371327.962480561,68604.2926942234,503.5,307521.973509792,117764.983516997,780203.769854163,340271.514679378
"7300:390:3",2018,"VL1824","OTB","MBS",1434856.46685192,10702.0822157513,120565.133584121,139517.856755132,75084.0034270215,449533.770793824,51183.9201576169,509,568806.532085109,270191.74668648,840199.808614921,339482.117663479
"7300:390:3",2018,"VL2440","OTB","MBS",4754793.08906421,12366.5674530543,519373.310211341,830901.11506828,542714.987889911,1751837.08127919,19225.8497112386,420.2,1272831.62806542,606930.039131566,2267240.20421617,496177.27322574
"7300:390:3",2019,"VL1218","OTB","MBS",1144087.00294478,1435.76253185802,115856.775217379,100394.518726346,31228.0509381513,396612.383225871,45213.0832008625,525.8,321142.112555012,122980.791128574,775062.629466183,333237.163039449
"7300:390:3",2019,"VL1824","OTB","MBS",1379745.59718446,16222.4596051473,130967.112902608,135029.287886331,72113.516270282,442231.464101975,48659.3789399104,512.5,572717.775429506,272049.646712812,785808.49301757,294917.649975685
"7300:390:3",2019,"VL2440","OTB","MBS",3394944.71336554,43737.5111398115,299077.918174307,622750.898253659,348573.849400021,1218643.01970403,23500.3554898837,304.5,922363.709533367,439814.84273099,1728464.71594638,486321.340752463
"7300:390:3",2020,"VL1218","OTB","MBS",1367529.49963453,854.42921935531,104024.810353775,134497.412802427,47048.800332578,523763.555054455,67661.165795629,478.5,292252.759333536,111917.665566799,970895.239798306,379470.518948222
"7300:390:3",2020,"VL1824","OTB","MBS",1549947.45610846,20879.8537459774,186057.093502225,145011.224777816,87786.6256071208,553650.635196166,60874.7966466279,554,619093.946513066,294079.032739313,857893.333227959,243367.901385165
"7300:390:3",2020,"VL2440","OTB","MBS",3341297.369744,34918.4018850727,386265.974932431,671154.512364665,326288.532436106,1230190.78551423,7066.61690085192,301,911761.827814593,434759.499711093,1557747.25218478,320489.849769696
"7300:390:3",2021,"VL1218","OTB","MBS",914442.545264729,146.348773126886,61337.560881118,81400.8065124328,40938.1228865962,319031.260611304,47303.7396325285,305,186284.412950321,71337.2789924215,659575.124765288,293240.124521455
"7300:390:3",2021,"VL1824","OTB","MBS",863463.791678505,4211.65856460933,74270.0730742945,96639.7090412395,44893.5671212338,308317.524466789,46164.1932466161,318.5,355923.144340093,169068.902396157,482803.198610189,128321.480896784
"7300:390:3",2021,"VL2440","OTB","MBS",3877709.10732543,34881.870336925,353785.85871283,586965.936223891,415773.695530098,1349099.02043762,23359.0868837081,269,814830.337814371,388539.22067204,2167526.26652349,795068.15920217
"7300:390:3",2022,"VL1218","OTB","MBS",1086003.09323722,29.9611932222697,109105.532141535,67477.2089128577,38404.6032792254,362166.630124591,42000.4189036024,341,208272.081364129,79757.4168407073,791288.293256117,387121.244227924
"7300:390:3",2022,"VL1824","OTB","MBS",938840.832212211,7804.41521278639,81162.7811477614,73019.5336694388,33528.2820181101,315146.386183435,27543.8585862003,296.5,331338.186175314,157390.673659217,601543.97693047,258853.732160834
"7300:390:3",2022,"VL2440","OTB","MBS",3917369.72902749,36050.3708265049,412698.028118687,742771.653263649,185852.317108753,1319079.71044379,18135.9747310835,266,805743.01062685,384206.069512129,2227892.03185078,890676.346675901
"7300:390:3",2023,"VL1218","OTB","MBS",993794.022506375,200.497314714485,88292.2275486178,119980.144109236,40796.053028686,350811.429424081,52499.1842638684,307,187505.950084421,71805.0644284374,673121.030706112,269810.417018162
"7300:390:3",2023,"VL1824","OTB","MBS",775750.363783311,21680.4521664147,72762.9944400869,80858.1341268191,48285.7764283689,287978.569476469,24275.1637077112,244.5,273228.285058564,129787.587553722,465736.323400729,153482.590216548
"7300:390:3",2023,"VL2440","OTB","MBS",3961195.0015929,135252.901735177,449662.69163651,829234.180282082,407644.831455878,1428035.61415051,33440.4489313662,265,802713.901564343,382761.685792159,2027144.51416145,565668.451079575
"7300:390:3",2024,"VL1218","OTB","MBS",0,0,0,0,0,0,0,461,281564.309410157,107824.54300166,-107824.54300166,-107824.54300166
"7300:390:3",2024,"VL1824","OTB","MBS",0,0,0,0,0,0,0,214,239144.593057394,113597.315895691,-113597.315895691,-113597.315895691
"7300:390:3",2024,"VL2440","OTB","MBS",0,0,0,0,0,0,0,217,657316.666564009,313431.267233579,-313431.267233579,-313431.267233579
