"","year","vlength","gear","id","species","yearly_kg","yearly_value","price"
"1",2017,"VL1218","OTB","1400:219:2","CTC",14,0,0
"2",2017,"VL1218","OTB","1400:219:2","DPS",2,36.89,18.445
"3",2017,"VL1218","OTB","1400:219:2","HKE",1,4.487,4.487
"4",2017,"VL1218","OTB","1400:219:2","HOM",1,0.914,0.914
"5",2017,"VL1218","OTB","1400:219:2","ILL",2.5,15.126,6.0504
"6",2017,"VL1218","OTB","1400:219:2","NEP",59.3333333333333,1088.21,18.3406179775281
"7",2017,"VL1218","OTB","1400:219:2","OCC",1,5.342,5.342
"8",2017,"VL1218","OTB","1400:219:2","WHB",1,1.562,1.562
"9",2017,"VL1218","OTB","1400:219:4","ARY",25.6666666666667,80.5605,3.13872077922078
"10",2017,"VL1218","OTB","1400:219:4","BOG",19.5,12.96475,0.664858974358974
"11",2017,"VL1218","OTB","1400:219:4","CTC",11.8,36.5606,3.09835593220339
"12",2017,"VL1218","OTB","1400:219:4","DAB",34.5714285714286,240.421428571429,6.95433884297521
"13",2017,"VL1218","OTB","1400:219:4","DPS",56.5,894.311833333333,15.8285280235988
"14",2017,"VL1218","OTB","1400:219:4","HKE",89.1666666666667,676.1445,7.58292897196262
"15",2017,"VL1218","OTB","1400:219:4","HOM",25.3333333333333,26.0773333333333,1.02936842105263
"16",2017,"VL1218","OTB","1400:219:4","ILL",35.1666666666667,232.555333333333,6.61294786729858
"17",2017,"VL1218","OTB","1400:219:4","MUR",20.875,137.857375,6.60394610778443
"18",2017,"VL1218","OTB","1400:219:4","NEP",478,8817.8095,18.447300209205
"19",2017,"VL1218","OTB","1400:219:4","OCC",4,32.82,8.205
"20",2017,"VL1218","OTB","1400:219:4","ROL",58.5,877.631666666667,15.0022507122507
"21",2017,"VL1218","OTB","1400:219:4","WHB",71,192.929166666667,2.71731220657277
"22",2017,"VL1218","OTB","1400:229:2","ARY",123.833333333333,387.861666666667,3.1321265141319
"23",2017,"VL1218","OTB","1400:229:2","BOG",64,41.9335,0.6552109375
"24",2017,"VL1218","OTB","1400:229:2","CTC",57.8,180.2072,3.11777162629758
"25",2017,"VL1218","OTB","1400:229:2","DAB",165.857142857143,1163.42042857143,7.01459345391904
"26",2017,"VL1218","OTB","1400:229:2","DPS",261.333333333333,4139.136,15.8385306122449
"27",2017,"VL1218","OTB","1400:229:2","HKE",427.166666666667,3240.49066666667,7.58601014436208
"28",2017,"VL1218","OTB","1400:229:2","HOM",116.666666666667,120.4605,1.03251857142857
"29",2017,"VL1218","OTB","1400:229:2","ILL",146.5,970.010166666667,6.62122980659841
"30",2017,"VL1218","OTB","1400:229:2","MUR",106.25,695.549625,6.54634941176471
"31",2017,"VL1218","OTB","1400:229:2","NEP",1009.25,18613.377,18.4427812732227
"32",2017,"VL1218","OTB","1400:229:2","ROL",280,4201.999,15.0071392857143
"33",2017,"VL1218","OTB","1400:229:2","WHB",339,921.709166666667,2.71890609636185
"34",2017,"VL1218","OTB","1400:229:4","ARY",116.333333333333,364.398333333333,3.13236389684814
"35",2017,"VL1218","OTB","1400:229:4","BOG",60,39.3693333333333,0.656155555555556
"36",2017,"VL1218","OTB","1400:229:4","CTC",53.1428571428571,120.199142857143,2.26181182795699
"37",2017,"VL1218","OTB","1400:229:4","DAB",155.714285714286,1091.59185714286,7.01022293577982
"38",2017,"VL1218","OTB","1400:229:4","DPS",331,2589.99144444444,7.82474756629742
"39",2017,"VL1218","OTB","1400:229:4","HKE",337.888888888889,2028.44777777778,6.00329825715225
"40",2017,"VL1218","OTB","1400:229:4","HOM",109.833333333333,113.316333333333,1.03171168437026
"41",2017,"VL1218","OTB","1400:229:4","ILL",137.666666666667,911.451833333333,6.62071549636804
"42",2017,"VL1218","OTB","1400:229:4","MUR",98.75,645.661375,6.53834303797468
"43",2017,"VL1218","OTB","1400:229:4","MUT",24.35,141.548213427292,5.81306831323581
"44",2017,"VL1218","OTB","1400:229:4","NEP",642.666666666667,11608.9858333333,18.0637746369295
"45",2017,"VL1218","OTB","1400:229:4","ROL",263.333333333333,3948.286,14.9934911392405
"46",2017,"VL1218","OTB","1400:229:4","WHB",318.5,865.817166666667,2.71842124542125
"47",2017,"VL1218","OTB","1400:239:1","ARY",77.3333333333333,242.532333333333,3.13619396551724
"48",2017,"VL1218","OTB","1400:239:1","BOG",39.8333333333333,26.1896666666667,0.657481171548117
"49",2017,"VL1218","OTB","1400:239:1","CTC",35.6,111.499,3.13199438202247
"50",2017,"VL1218","OTB","1400:239:1","DAB",103.714285714286,725.821428571429,6.9982782369146
"51",2017,"VL1218","OTB","1400:239:1","DPS",163,2583.89066666667,15.8520899795501
"52",2017,"VL1218","OTB","1400:239:1","HKE",231.814285714286,1735.057,7.48468540087508
"53",2017,"VL1218","OTB","1400:239:1","HOM",73,75.4895,1.03410273972603
"54",2017,"VL1218","OTB","1400:239:1","ILL",91.6666666666667,606.693166666667,6.61847090909091
"55",2017,"VL1218","OTB","1400:239:1","MUR",65.125,425.91475,6.53995777351248
"56",2017,"VL1218","OTB","1400:239:1","MUT",101.5,572.304747591709,5.63847041962275
"57",2017,"VL1218","OTB","1400:239:1","NEP",626.25,11553.753,18.4491065868263
"58",2017,"VL1218","OTB","1400:239:1","ROL",175.166666666667,2628.092,15.0033796384396
"59",2017,"VL1218","OTB","1400:239:1","WHB",212.166666666667,576.195,2.71576590730558
"60",2017,"VL1218","OTB","1400:239:2","ARY",27.3333333333333,85.5166666666667,3.12865853658537
"61",2017,"VL1218","OTB","1400:239:2","BOG",21,13.76225,0.655345238095238
"62",2017,"VL1218","OTB","1400:239:2","CTC",12.1666666666667,32.3416666666667,2.65821917808219
"63",2017,"VL1218","OTB","1400:239:2","DAB",36.5714285714286,255.212428571429,6.97846484375
"64",2017,"VL1218","OTB","1400:239:2","DPS",61.25,681.925125,11.1334714285714
"65",2017,"VL1218","OTB","1400:239:2","HKE",74.125,534.648875,7.21280101180438
"66",2017,"VL1218","OTB","1400:239:2","HOM",25.6666666666667,26.6876666666667,1.03977922077922
"67",2017,"VL1218","OTB","1400:239:2","ILL",32.5,213.979333333333,6.58397948717949
"68",2017,"VL1218","OTB","1400:239:2","MUR",22.625,146.338375,6.46799447513812
"69",2017,"VL1218","OTB","1400:239:2","NEP",218.75,4037.53375,18.4572971428571
"70",2017,"VL1218","OTB","1400:239:2","ROL",62,926.902166666667,14.9500349462366
"71",2017,"VL1218","OTB","1400:239:2","WHB",74.8333333333333,203.100333333333,2.71403563474388
"72",2017,"VL1218","OTB","1400:239:4","BOG",20,11.6359867446041,0.581799337230205
"73",2017,"VL1218","OTB","1400:239:4","CTC",252,0,0
"74",2017,"VL1218","OTB","1400:239:4","DPS",1350.5,8191.92173466972,6.0658435651016
"75",2017,"VL1218","OTB","1400:239:4","HKE",155.333333333333,0,0
"76",2017,"VL1218","OTB","1400:239:4","MUR",19,0,0
"77",2017,"VL1218","OTB","1400:239:4","MUT",235.75,1321.87136731398,5.60708957503278
"78",2017,"VL1218","OTB","1400:239:4","NEP",106,3469.02157430278,32.7266186254979
"79",2017,"VL1218","OTB","1400:239:4","OCC",92.25,0,0
"80",2017,"VL1218","OTB","1400:248:2","CTC",1,0,0
"81",2017,"VL1218","OTB","1400:248:2","DPS",18,849.893915808815,47.2163286560453
"82",2017,"VL1218","OTB","1400:248:2","NEP",2,2068.92881934915,1034.46440967457
"83",2017,"VL1218","OTB","1401:110:1","CTC",120,0,0
"84",2017,"VL1218","OTB","1401:110:3","ARA",39,53.8791593959119,1.38151690758749
"85",2017,"VL1218","OTB","1401:110:3","BOG",18.5,10.6908198023518,0.577882151478474
"86",2017,"VL1218","OTB","1401:110:3","CTC",12,0,0
"87",2017,"VL1218","OTB","1401:110:3","DPS",82.5,1205.28663199383,14.6095349332585
"88",2017,"VL1218","OTB","1401:110:3","HKE",72.5,0,0
"89",2017,"VL1218","OTB","1401:110:3","MUR",6,0,0
"90",2017,"VL1218","OTB","1401:110:3","MUT",30,173.094220141861,5.76980733806202
"91",2017,"VL1218","OTB","1401:110:3","NEP",16,2257.40284405444,141.087677753403
"92",2017,"VL1218","OTB","1401:110:3","OCC",10,0,0
"93",2017,"VL1218","OTB","1401:110:4","ARA",18,25.7385974697044,1.42992208165024
"94",2017,"VL1218","OTB","1401:110:4","DPS",130.666666666667,1470.68325984258,11.2552290294075
"95",2017,"VL1218","OTB","1401:110:4","HKE",21.3333333333333,0,0
"96",2017,"VL1218","OTB","1401:110:4","MUR",2,0,0
"97",2017,"VL1218","OTB","1401:110:4","MUT",16,94.927123857974,5.93294524112337
"98",2017,"VL1218","OTB","1401:110:4","NEP",3,2082.39124968524,694.130416561747
"99",2017,"VL1218","OTB","1401:110:4","OCC",20,0,0
"100",2017,"VL1218","OTB","1401:111:2","HKE",13,0,0
"101",2017,"VL1218","OTB","1401:111:3","BOG",30,17.937099692953,0.597903323098432
"102",2017,"VL1218","OTB","1401:111:3","CTC",8,0,0
"103",2017,"VL1218","OTB","1401:111:3","DPS",371.666666666667,2798.58472651836,7.52982437628259
"104",2017,"VL1218","OTB","1401:111:3","HKE",91,0,0
"105",2017,"VL1218","OTB","1401:111:3","MUT",5,33.5101196349203,6.70202392698406
"106",2017,"VL1218","OTB","1401:111:3","NEP",21,2324.71499573491,110.700714082615
"107",2017,"VL1218","OTB","1401:111:3","OCC",16,0,0
"108",2017,"VL1218","OTB","1401:111:4","ARA",225,303.124136456607,1.34721838425159
"109",2017,"VL1218","OTB","1401:111:4","BOG",12.5,6.91015203334246,0.552812162667397
"110",2017,"VL1218","OTB","1401:111:4","CTC",403.275,0,0
"111",2017,"VL1218","OTB","1401:111:4","DPS",2676.375,15497.4460381085,5.79046136588053
"112",2017,"VL1218","OTB","1401:111:4","HKE",1035,0,0
"113",2017,"VL1218","OTB","1401:111:4","MUR",158.75,0,0
"114",2017,"VL1218","OTB","1401:111:4","MUT",479.4,2682.25801085462,5.59503131175348
"115",2017,"VL1218","OTB","1401:111:4","NEP",137.25,3889.72252230567,28.3404191060522
"116",2017,"VL1218","OTB","1401:111:4","OCC",652.75,0,0
"117",2017,"VL1218","OTB","1401:112:1","ARA",190.35,256.692209278365,1.34852749817896
"118",2017,"VL1218","OTB","1401:112:1","BOG",36,21.7177674619623,0.603271318387841
"119",2017,"VL1218","OTB","1401:112:1","CTC",65.25,0,0
"120",2017,"VL1218","OTB","1401:112:1","DPS",1205,7390.22188653143,6.13296422118791
"121",2017,"VL1218","OTB","1401:112:1","HKE",434.875,0,0
"122",2017,"VL1218","OTB","1401:112:1","MUR",44,0,0
"123",2017,"VL1218","OTB","1401:112:1","MUT",217,1217.18329193377,5.60913959416485
"124",2017,"VL1218","OTB","1401:112:1","NEP",38.175,2555.9322367573,66.9530382909574
"125",2017,"VL1218","OTB","1401:112:1","OCC",39.25,0,0
"126",2017,"VL1218","OTB","1401:112:2","ARA",381.625,513.005827489572,1.34426682604539
"127",2017,"VL1218","OTB","1401:112:2","BOG",77,47.5523305501926,0.617562734418085
"128",2017,"VL1218","OTB","1401:112:2","CTC",86.775,0,0
"129",2017,"VL1218","OTB","1401:112:2","DPS",3250.5,18660.8544594995,5.74091815397616
"130",2017,"VL1218","OTB","1401:112:2","HKE",1651.775,0,0
"131",2017,"VL1218","OTB","1401:112:2","MUR",102.5,0,0
"132",2017,"VL1218","OTB","1401:112:2","MUT",1122.25,6271.52357129008,5.58834802520836
"133",2017,"VL1218","OTB","1401:112:2","NEP",470.625,8377.76023560053,17.8013497702003
"134",2017,"VL1218","OTB","1401:112:2","OCC",204.25,0,0
"135",2017,"VL1218","OTB","1401:120:1","ARA",42.5,58.5692530502798,1.37810007177129
"136",2017,"VL1218","OTB","1401:120:1","CTC",16.3333333333333,0,0
"137",2017,"VL1218","OTB","1401:120:1","DPS",117.25,1396.75790156637,11.912647348114
"138",2017,"VL1218","OTB","1401:120:1","HKE",34.25,0,0
"139",2017,"VL1218","OTB","1401:120:1","MUT",17.25,101.906328883321,5.90761326859832
"140",2017,"VL1218","OTB","1401:120:1","NEP",5,2109.31611035743,421.863222071485
"141",2017,"VL1218","OTB","1401:120:1","OCC",43.5,0,0
"142",2017,"VL1218","OTB","1401:120:2","ARA",342.5,460.577280567531,1.34475118413878
"143",2017,"VL1218","OTB","1401:120:2","BOG",85.75,53.0658043799978,0.618843199766739
"144",2017,"VL1218","OTB","1401:120:2","CTC",73.5,0,0
"145",2017,"VL1218","OTB","1401:120:2","DPS",683.75,4518.15284294326,6.60790178126985
"146",2017,"VL1218","OTB","1401:120:2","HKE",317.25,0,0
"147",2017,"VL1218","OTB","1401:120:2","MUT",58,329.428412709634,5.67980021913161
"148",2017,"VL1218","OTB","1401:120:2","NEP",29.625,2440.82845738371,82.3908340045133
"149",2017,"VL1218","OTB","1401:120:2","OCC",71.25,0,0
"150",2017,"VL1218","OTB","1401:120:4","ARA",297.75,400.611083129541,1.34546123637125
"151",2017,"VL1218","OTB","1401:120:4","BOG",134,83.468674355781,0.622900554893888
"152",2017,"VL1218","OTB","1401:120:4","CTC",226.25,0,0
"153",2017,"VL1218","OTB","1401:120:4","DPS",1682.25,10019.8524880709,5.95622082809982
"154",2017,"VL1218","OTB","1401:120:4","HKE",809.1,0,0
"155",2017,"VL1218","OTB","1401:120:4","MUR",75.25,0,0
"156",2017,"VL1218","OTB","1401:120:4","MUT",716.25,4004.67777905737,5.591173164478
"157",2017,"VL1218","OTB","1401:120:4","NEP",80.25,3122.36399314839,38.9079625314441
"158",2017,"VL1218","OTB","1401:120:4","OCC",139,0,0
"159",2017,"VL1218","OTB","1401:121:1","ARA",317.5,427.07661160776,1.34512318616617
"160",2017,"VL1218","OTB","1401:121:1","BOG",45,27.3887691154762,0.60863931367725
"161",2017,"VL1218","OTB","1401:121:1","CTC",120.75,0,0
"162",2017,"VL1218","OTB","1401:121:1","DPS",657.5,4373.51627240285,6.65173577551764
"163",2017,"VL1218","OTB","1401:121:1","HKE",198.75,0,0
"164",2017,"VL1218","OTB","1401:121:1","MUR",13.3333333333333,0,0
"165",2017,"VL1218","OTB","1401:121:1","MUT",465,2601.85756896262,5.59539262142499
"166",2017,"VL1218","OTB","1401:121:1","NEP",71.75,3007.93333529161,41.9224158228795
"167",2017,"VL1218","OTB","1401:121:1","OCC",93.75,0,0
"168",2017,"VL1218","OTB","1401:130:1","ARA",614.75,825.399565539436,1.34265891100356
"169",2017,"VL1218","OTB","1401:130:1","CTC",714.15,0,0
"170",2017,"VL1218","OTB","1401:130:1","DPS",573.75,3912.05673782153,6.81839954304406
"171",2017,"VL1218","OTB","1401:130:1","HKE",190.5,0,0
"172",2017,"VL1218","OTB","1401:130:1","MUR",20,0,0
"173",2017,"VL1218","OTB","1401:130:1","MUT",156.5,879.389768706978,5.61910395339922
"174",2017,"VL1218","OTB","1401:130:1","NEP",15,2243.94041371835,149.596027581223
"175",2017,"VL1218","OTB","1401:130:1","OCC",6.3,0,0
"176",2017,"VL1218","OTB","1401:130:3","ARA",133.666666666667,180.735025856911,1.35213236301928
"177",2017,"VL1218","OTB","1401:130:3","DPS",260.75,2187.43782052062,8.38902328099951
"178",2017,"VL1218","OTB","1401:130:3","HKE",56.25,0,0
"179",2017,"VL1218","OTB","1401:130:3","MUR",3,0,0
"180",2017,"VL1218","OTB","1401:130:3","NEP",4.66666666666667,2104.82863357873,451.034707195442
"181",2017,"VL1824","OTB","1400:219:2","DPS",10.5,6.913,0.658380952380952
"182",2017,"VL1824","OTB","1400:219:2","HKE",25.5,6.3335,0.248372549019608
"183",2017,"VL1824","OTB","1400:219:2","HOM",16,14.962,0.935125
"184",2017,"VL1824","OTB","1400:219:2","MUR",2.5,21.4615,8.5846
"185",2017,"VL1824","OTB","1400:219:2","NEP",6,118.536,19.756
"186",2017,"VL1824","OTB","1400:219:4","DPS",13.5,234.413,17.3639259259259
"187",2017,"VL1824","OTB","1400:219:4","HKE",46.5,395.2255,8.49947311827957
"188",2017,"VL1824","OTB","1400:219:4","HOM",44.6666666666667,41.354,0.925835820895522
"189",2017,"VL1824","OTB","1400:219:4","MUR",22.6666666666667,178.504,7.87517647058823
"190",2017,"VL1824","OTB","1400:219:4","NEP",118,2230.937,18.9062457627119
"191",2017,"VL1824","OTB","1400:229:2","DPS",69,659.609,9.55955072463768
"192",2017,"VL1824","OTB","1400:229:2","HKE",216.5,1833.758,8.47001385681293
"193",2017,"VL1824","OTB","1400:229:2","HOM",56,50.8396666666667,0.90785119047619
"194",2017,"VL1824","OTB","1400:229:2","MUR",58.6666666666667,452.668,7.71593181818182
"195",2017,"VL1824","OTB","1400:229:2","NEP",508,9623.354,18.9436102362205
"196",2017,"VL1824","OTB","1400:229:4","DPS",196.4,365.4128,1.86055397148676
"197",2017,"VL1824","OTB","1400:229:4","HKE",127.8,677.5214,5.30141940532081
"198",2017,"VL1824","OTB","1400:229:4","HOM",52.6666666666667,47.9443333333333,0.910335443037975
"199",2017,"VL1824","OTB","1400:229:4","MUR",54.3333333333333,421.244333333333,7.75296319018405
"200",2017,"VL1824","OTB","1400:229:4","MUT",57,0,0
"201",2017,"VL1824","OTB","1400:229:4","NEP",232.4,3554.093,15.2929991394148
"202",2017,"VL1824","OTB","1400:239:1","DPS",34,600.186,17.6525294117647
"203",2017,"VL1824","OTB","1400:239:1","HKE",131,1113.159,8.49739694656489
"204",2017,"VL1824","OTB","1400:239:1","HOM",35.3333333333333,31.9983333333333,0.90561320754717
"205",2017,"VL1824","OTB","1400:239:1","MUR",36,278.392333333333,7.73312037037037
"206",2017,"VL1824","OTB","1400:239:1","NEP",308.5,5837.5135,18.9222479740681
"207",2017,"VL1824","OTB","1400:239:2","DPS",300.166666666667,67.9163333333333,0.226262076624098
"208",2017,"VL1824","OTB","1400:239:2","HKE",205,126.078833333333,0.615018699186992
"209",2017,"VL1824","OTB","1400:239:2","HOM",12.6666666666667,11.371,0.89771052631579
"210",2017,"VL1824","OTB","1400:239:2","MUR",24.4,57.7056,2.36498360655738
"211",2017,"VL1824","OTB","1400:239:2","MUT",11,0,0
"212",2017,"VL1824","OTB","1400:239:2","NEP",73.2,792.6634,10.8287349726776
"213",2017,"VL1824","OTB","1400:239:4","DPS",5757,0,0
"214",2017,"VL1824","OTB","1400:239:4","HKE",1713,0,0
"215",2017,"VL1824","OTB","1400:239:4","MUR",364.75,1890.68341261533,5.18350490093304
"216",2017,"VL1824","OTB","1400:239:4","MUT",467,0,0
"217",2017,"VL1824","OTB","1400:239:4","NEP",343.666666666667,0,0
"218",2017,"VL1824","OTB","1401:111:3","HKE",57.5,0,0
"219",2017,"VL1824","OTB","1401:111:3","MUT",85.5,0,0
"220",2017,"VL1824","OTB","1401:111:3","NEP",50,0,0
"221",2017,"VL1824","OTB","1401:111:4","DPS",6562.75,0,0
"222",2017,"VL1824","OTB","1401:111:4","HKE",1996.75,0,0
"223",2017,"VL1824","OTB","1401:111:4","MUR",137.75,714.325921786715,5.18566912367851
"224",2017,"VL1824","OTB","1401:111:4","MUT",1063.5,0,0
"225",2017,"VL1824","OTB","1401:111:4","NEP",402.75,0,0
"226",2017,"VL1824","OTB","1401:112:1","DPS",1347.25,0,0
"227",2017,"VL1824","OTB","1401:112:1","HKE",979.25,0,0
"228",2017,"VL1824","OTB","1401:112:1","MUR",43.5,225.904364471311,5.19320378094969
"229",2017,"VL1824","OTB","1401:112:1","MUT",1094,0,0
"230",2017,"VL1824","OTB","1401:112:1","NEP",98.5,0,0
"231",2017,"VL1824","OTB","1401:112:2","DPS",12064.5,0,0
"232",2017,"VL1824","OTB","1401:112:2","HKE",6672.75,0,0
"233",2017,"VL1824","OTB","1401:112:2","MUR",205,1062.82830618418,5.18452832284965
"234",2017,"VL1824","OTB","1401:112:2","MUT",8187,0,0
"235",2017,"VL1824","OTB","1401:112:2","NEP",851,0,0
"236",2017,"VL1824","OTB","1401:113:1","DPS",141.5,0,0
"237",2017,"VL1824","OTB","1401:113:1","HKE",55,0,0
"238",2017,"VL1824","OTB","1401:113:1","MUT",5,0,0
"239",2017,"VL1824","OTB","1401:120:1","DPS",500.75,0,0
"240",2017,"VL1824","OTB","1401:120:1","HKE",360,0,0
"241",2017,"VL1824","OTB","1401:120:1","MUR",13,67.847520989934,5.21904007614877
"242",2017,"VL1824","OTB","1401:120:1","MUT",267,0,0
"243",2017,"VL1824","OTB","1401:120:1","NEP",85,0,0
"244",2017,"VL1824","OTB","1401:120:2","DPS",1028,0,0
"245",2017,"VL1824","OTB","1401:120:2","HKE",1040.75,0,0
"246",2017,"VL1824","OTB","1401:120:2","MUR",4,21.2077966839538,5.30194917098845
"247",2017,"VL1824","OTB","1401:120:2","MUT",1032,0,0
"248",2017,"VL1824","OTB","1401:120:2","NEP",119.75,0,0
"249",2017,"VL1824","OTB","1401:120:4","DPS",3642.25,0,0
"250",2017,"VL1824","OTB","1401:120:4","HKE",3539,0,0
"251",2017,"VL1824","OTB","1401:120:4","MUR",16,83.3940957585941,5.21213098491213
"252",2017,"VL1824","OTB","1401:120:4","MUT",2799,0,0
"253",2017,"VL1824","OTB","1401:120:4","NEP",467.75,0,0
"254",2017,"VL1824","OTB","1401:121:1","DPS",7225.55,0,0
"255",2017,"VL1824","OTB","1401:121:1","HKE",3143.225,0,0
"256",2017,"VL1824","OTB","1401:121:1","MUR",5,26.3899882735072,5.27799765470143
"257",2017,"VL1824","OTB","1401:121:1","MUT",5648,0,0
"258",2017,"VL1824","OTB","1401:121:1","NEP",891.5,0,0
"259",2017,"VL1824","OTB","1401:130:1","DPS",207.666666666667,0,0
"260",2017,"VL1824","OTB","1401:130:1","HKE",136,0,0
"261",2017,"VL1824","OTB","1401:130:1","MUR",54.5,282.908471956398,5.19098113681465
"262",2017,"VL1824","OTB","1401:130:1","MUT",92,0,0
"263",2017,"VL1824","OTB","1401:130:1","NEP",61.3333333333333,0,0
"264",2017,"VL1824","OTB","1401:130:3","DPS",493.5,0,0
"265",2017,"VL1824","OTB","1401:130:3","HKE",92.5,0,0
"266",2017,"VL1824","OTB","1401:130:3","MUR",41,212.948885497428,5.19387525603483
"267",2017,"VL1824","OTB","1401:130:3","MUT",22.5,0,0
"268",2017,"VL1824","OTB","1401:130:3","NEP",14,0,0
"269",2017,"VL2440","OTB","1400:219:2","ARY",10.5,32.4805,3.09338095238095
"270",2017,"VL2440","OTB","1400:219:2","BOG",7.5,4.5805,0.610733333333333
"271",2017,"VL2440","OTB","1400:219:2","CTC",20.8,7.5126,0.361182692307692
"272",2017,"VL2440","OTB","1400:219:2","DPS",97.7777777777778,189.744888888889,1.94057272727273
"273",2017,"VL2440","OTB","1400:219:2","HKE",136.444444444444,180.458444444444,1.32257817589577
"274",2017,"VL2440","OTB","1400:219:2","HOM",10.75,10.62725,0.988581395348837
"275",2017,"VL2440","OTB","1400:219:2","ILL",14,90.41,6.45785714285714
"276",2017,"VL2440","OTB","1400:219:2","MAC",17,35.8443833461923,2.10849313801131
"277",2017,"VL2440","OTB","1400:219:2","MUR",11,79.41375,7.21943181818182
"278",2017,"VL2440","OTB","1400:219:2","MUT",162.333333333333,0,0
"279",2017,"VL2440","OTB","1400:219:2","NEP",86.4,1546.3004,17.8969953703704
"280",2017,"VL2440","OTB","1400:219:4","ARY",32.75,102.46825,3.12880152671756
"281",2017,"VL2440","OTB","1400:219:4","BOG",31,18.857,0.608290322580645
"282",2017,"VL2440","OTB","1400:219:4","CTC",19.25,57.694,2.99709090909091
"283",2017,"VL2440","OTB","1400:219:4","DPS",81.75,1320.01975,16.1470305810398
"284",2017,"VL2440","OTB","1400:219:4","HKE",159.5,1253.085,7.85633228840125
"285",2017,"VL2440","OTB","1400:219:4","HOM",67,65.29025,0.974481343283582
"286",2017,"VL2440","OTB","1400:219:4","ILL",43.5,282.29775,6.48960344827586
"287",2017,"VL2440","OTB","1400:219:4","MUR",69,487.897,7.07097101449275
"288",2017,"VL2440","OTB","1400:219:4","NEP",638,11875.1155,18.6130336990596
"289",2017,"VL2440","OTB","1400:229:2","ANE",350,344.077286099482,0.983077960284234
"290",2017,"VL2440","OTB","1400:229:2","ARA",160,0,0
"291",2017,"VL2440","OTB","1400:229:2","ARS",229.333333333333,9793.08514526984,42.7024061566999
"292",2017,"VL2440","OTB","1400:229:2","BOG",155,81.0580790512606,0.52295534871781
"293",2017,"VL2440","OTB","1400:229:2","CTC",15,0,0
"294",2017,"VL2440","OTB","1400:229:2","DPS",398,0,0
"295",2017,"VL2440","OTB","1400:229:2","HKE",87.5,0,0
"296",2017,"VL2440","OTB","1400:229:2","NEP",21.5,0,0
"297",2017,"VL2440","OTB","1400:229:2","PIL",50,56.0194798299254,1.12038959659851
"298",2017,"VL2440","OTB","1400:229:4","ANE",200,200.392933183434,1.00196466591717
"299",2017,"VL2440","OTB","1400:229:4","ARA",200,0,0
"300",2017,"VL2440","OTB","1400:229:4","ARS",759,9586.86719532158,12.6309185709112
"301",2017,"VL2440","OTB","1400:229:4","CTC",25,0,0
"302",2017,"VL2440","OTB","1400:229:4","DPS",454,0,0
"303",2017,"VL2440","OTB","1400:229:4","HKE",56,0,0
"304",2017,"VL2440","OTB","1400:229:4","MUR",60,0,0
"305",2017,"VL2440","OTB","1400:229:4","MUT",85,0,0
"306",2017,"VL2440","OTB","1400:229:4","NEP",39,0,0
"307",2017,"VL2440","OTB","1400:229:4","PIL",15,17.0217549782364,1.13478366521576
"308",2017,"VL2440","OTB","1400:239:2","ARA",72,0,0
"309",2017,"VL2440","OTB","1400:239:2","ARS",360,9742.21199462181,27.0616999850606
"310",2017,"VL2440","OTB","1400:239:2","CTC",87,0,0
"311",2017,"VL2440","OTB","1400:239:2","DPS",961,0,0
"312",2017,"VL2440","OTB","1400:239:2","HKE",547.5,0,0
"313",2017,"VL2440","OTB","1400:239:2","MAC",74,140.609912714264,1.90013395559817
"314",2017,"VL2440","OTB","1400:239:2","MUT",116,0,0
"315",2017,"VL2440","OTB","1400:239:2","NEP",167.5,0,0
"316",2017,"VL2440","OTB","1400:239:4","ARA",20,0,0
"317",2017,"VL2440","OTB","1400:239:4","CTC",48,0,0
"318",2017,"VL2440","OTB","1400:239:4","DPS",788,0,0
"319",2017,"VL2440","OTB","1400:239:4","HKE",240.75,0,0
"320",2017,"VL2440","OTB","1400:239:4","MAC",12,26.6544246296948,2.22120205247456
"321",2017,"VL2440","OTB","1400:239:4","MUT",91.6666666666667,0,0
"322",2017,"VL2440","OTB","1400:239:4","NEP",197.5,0,0
"323",2017,"VL2440","OTB","1400:248:2","DPS",80,0,0
"324",2017,"VL2440","OTB","1400:248:2","MUT",10,0,0
"325",2017,"VL2440","OTB","1401:111:3","HKE",35,0,0
"326",2017,"VL2440","OTB","1401:111:3","NEP",12,0,0
"327",2017,"VL2440","OTB","1401:111:4","ARA",524.5,0,0
"328",2017,"VL2440","OTB","1401:111:4","ARS",353.5,9744.74267430966,27.5664573530683
"329",2017,"VL2440","OTB","1401:111:4","BOG",47.3333333333333,25.4319252795915,0.537294196047709
"330",2017,"VL2440","OTB","1401:111:4","CTC",677.666666666667,0,0
"331",2017,"VL2440","OTB","1401:111:4","DPS",1707.75,0,0
"332",2017,"VL2440","OTB","1401:111:4","HKE",1205.75,0,0
"333",2017,"VL2440","OTB","1401:111:4","MAC",47,90.9841356451776,1.93583267330165
"334",2017,"VL2440","OTB","1401:111:4","MUR",4.5,0,0
"335",2017,"VL2440","OTB","1401:111:4","MUT",2236.25,0,0
"336",2017,"VL2440","OTB","1401:111:4","NEP",109,0,0
"337",2017,"VL2440","OTB","1401:112:1","ARA",234.25,0,0
"338",2017,"VL2440","OTB","1401:112:1","ARS",974.75,9502.86809645184,9.7490311325487
"339",2017,"VL2440","OTB","1401:112:1","BOG",10,6.14359951356389,0.614359951356389
"340",2017,"VL2440","OTB","1401:112:1","DPS",1501.25,0,0
"341",2017,"VL2440","OTB","1401:112:1","HKE",52.3333333333333,0,0
"342",2017,"VL2440","OTB","1401:112:1","MUT",67,0,0
"343",2017,"VL2440","OTB","1401:112:1","NEP",235.25,0,0
"344",2017,"VL2440","OTB","1401:112:2","ARA",812.75,0,0
"345",2017,"VL2440","OTB","1401:112:2","ARS",3777,8411.85314948674,2.2271255360039
"346",2017,"VL2440","OTB","1401:112:2","BOG",2,2.01038684941511,1.00519342470755
"347",2017,"VL2440","OTB","1401:112:2","CTC",779.733333333333,0,0
"348",2017,"VL2440","OTB","1401:112:2","DPS",345.75,0,0
"349",2017,"VL2440","OTB","1401:112:2","HKE",897.825,0,0
"350",2017,"VL2440","OTB","1401:112:2","MUR",3,0,0
"351",2017,"VL2440","OTB","1401:112:2","MUT",1825.3,0,0
"352",2017,"VL2440","OTB","1401:112:2","NEP",108.5,0,0
"353",2017,"VL2440","OTB","1401:112:2","SPC",14,8.5366417200771,0.60976012286265
"354",2017,"VL2440","OTB","1401:120:1","ANE",665,645.814427223183,0.971149514621328
"355",2017,"VL2440","OTB","1401:120:1","ARA",52,0,0
"356",2017,"VL2440","OTB","1401:120:1","ARS",672.333333333333,9620.60959115956,14.3092854603266
"357",2017,"VL2440","OTB","1401:120:1","BOG",465,241.220069787026,0.518752838251669
"358",2017,"VL2440","OTB","1401:120:1","CTC",42.5,0,0
"359",2017,"VL2440","OTB","1401:120:1","DPS",360,0,0
"360",2017,"VL2440","OTB","1401:120:1","HKE",205,0,0
"361",2017,"VL2440","OTB","1401:120:1","MUT",10,0,0
"362",2017,"VL2440","OTB","1401:120:1","NEP",30,0,0
"363",2017,"VL2440","OTB","1401:120:2","ANE",60,66.2875371284553,1.10479228547425
"364",2017,"VL2440","OTB","1401:120:2","ARA",111,0,0
"365",2017,"VL2440","OTB","1401:120:2","ARS",379.666666666667,9734.5550663355,25.6397411755983
"366",2017,"VL2440","OTB","1401:120:2","BOG",110,57.8087578154237,0.525534161958397
"367",2017,"VL2440","OTB","1401:120:2","CTC",166,0,0
"368",2017,"VL2440","OTB","1401:120:2","DPS",120,0,0
"369",2017,"VL2440","OTB","1401:120:2","HKE",57.5,0,0
"370",2017,"VL2440","OTB","1401:120:2","MUR",10,0,0
"371",2017,"VL2440","OTB","1401:120:2","MUT",52.5,0,0
"372",2017,"VL2440","OTB","1401:120:2","PIL",10,11.4506514279951,1.14506514279951
"373",2017,"VL2440","OTB","1401:120:4","ARS",305,9763.62543813437,32.0118866824078
"374",2017,"VL2440","OTB","1401:120:4","CTC",300,0,0
"375",2017,"VL2440","OTB","1401:120:4","DPS",15,0,0
"376",2017,"VL2440","OTB","1401:120:4","MUR",13.5,0,0
"377",2017,"VL2440","OTB","1401:120:4","MUT",144,0,0
"378",2017,"VL2440","OTB","1401:121:1","ANE",60,66.2875371284553,1.10479228547425
"379",2017,"VL2440","OTB","1401:121:1","ARA",54,0,0
"380",2017,"VL2440","OTB","1401:121:1","ARS",74,9853.56190088714,133.15624190388
"381",2017,"VL2440","OTB","1401:121:1","CTC",154,0,0
"382",2017,"VL2440","OTB","1401:121:1","DPS",413.5,0,0
"383",2017,"VL2440","OTB","1401:121:1","HKE",207,0,0
"384",2017,"VL2440","OTB","1401:121:1","MUR",8,0,0
"385",2017,"VL2440","OTB","1401:121:1","MUT",171.666666666667,0,0
"386",2017,"VL2440","OTB","1401:121:1","NEP",147,0,0
"387",2017,"VL2440","OTB","1401:121:1","PIL",1025,1142.38467212698,1.11452163134339
"388",2017,"VL2440","OTB","1401:130:1","ARA",8,0,0
"389",2017,"VL2440","OTB","1401:130:1","ARS",137.5,9828.83910701354,71.4824662328258
"390",2017,"VL2440","OTB","1401:130:1","DPS",14,0,0
"391",2017,"VL2440","OTB","1401:130:1","HKE",18,0,0
"392",2017,"VL2440","OTB","1401:130:1","MUT",32,0,0
"393",2017,"VL2440","OTB","1401:130:1","NEP",8.33333333333333,0,0
"394",2017,"VL2440","OTB","1401:130:3","ARA",1,0,0
"395",2017,"VL2440","OTB","1401:130:3","CTC",410,0,0
"396",2017,"VL2440","OTB","1401:130:3","DPS",109.5,0,0
"397",2017,"VL2440","OTB","1401:130:3","MUT",65,0,0
"398",2018,"VL1218","OTB","1400:219:2","CTC",50,0,0
"399",2018,"VL1218","OTB","1400:219:2","DPS",2,32.452,16.226
"400",2018,"VL1218","OTB","1400:219:2","HKE",107,1.7534,0.0163869158878505
"401",2018,"VL1218","OTB","1400:219:2","MUR",2063.75,0,0
"402",2018,"VL1218","OTB","1400:219:2","NEP",5,102.517,20.5034
"403",2018,"VL1218","OTB","1400:219:2","OCC",1359,0,0
"404",2018,"VL1218","OTB","1400:219:4","ARY",31.8,98.3204,3.09183647798742
"405",2018,"VL1218","OTB","1400:219:4","BOG",11.4,6.8112,0.597473684210526
"406",2018,"VL1218","OTB","1400:219:4","CTC",5.33333333333333,33.703,6.3193125
"407",2018,"VL1218","OTB","1400:219:4","DAB",50,371.24,7.4248
"408",2018,"VL1218","OTB","1400:219:4","DPS",65.2,979.7104,15.0262331288344
"409",2018,"VL1218","OTB","1400:219:4","HKE",94.8333333333333,459.8965,4.8495237258348
"410",2018,"VL1218","OTB","1400:219:4","HOM",26.8,28.2824,1.05531343283582
"411",2018,"VL1218","OTB","1400:219:4","ILL",33,184.5758,5.59320606060606
"412",2018,"VL1218","OTB","1400:219:4","MUR",41,253.7668,6.18943414634146
"413",2018,"VL1218","OTB","1400:219:4","NEP",178,3733.6098,20.9753359550562
"414",2018,"VL1218","OTB","1400:219:4","ROL",97.2,48.6724,0.500744855967078
"415",2018,"VL1218","OTB","1400:219:4","WHB",102,251.1744,2.46249411764706
"416",2018,"VL1218","OTB","1400:229:2","ARY",150.8,465.1136,3.08430769230769
"417",2018,"VL1218","OTB","1400:229:2","BOG",53.6,32.1616,0.600029850746269
"418",2018,"VL1218","OTB","1400:229:2","CTC",34.3333333333333,219.284,6.38691262135922
"419",2018,"VL1218","OTB","1400:229:2","DAB",237.8,1766.8108,7.42981833473507
"420",2018,"VL1218","OTB","1400:229:2","DPS",252.166666666667,3694.49916666667,14.651021150033
"421",2018,"VL1218","OTB","1400:229:2","HKE",521.5,1597.154875,3.06261720997124
"422",2018,"VL1218","OTB","1400:229:2","HOM",126.6,133.5796,1.05513112164297
"423",2018,"VL1218","OTB","1400:229:2","ILL",156.6,872.7234,5.57294636015326
"424",2018,"VL1218","OTB","1400:229:2","MUR",209.6,1297.4464,6.19010687022901
"425",2018,"VL1218","OTB","1400:229:2","NEP",756.166666666667,15597.0725,20.6265009918448
"426",2018,"VL1218","OTB","1400:229:2","ROL",460,229.9384,0.499866086956522
"427",2018,"VL1218","OTB","1400:229:2","WHB",482.6,1186.7036,2.45897969332781
"428",2018,"VL1218","OTB","1400:229:4","ARY",142.2,439.0024,3.08721800281294
"429",2018,"VL1218","OTB","1400:229:4","BOG",50.8,30.3706,0.597846456692913
"430",2018,"VL1218","OTB","1400:229:4","CTC",30.3333333333333,192.025333333333,6.33050549450549
"431",2018,"VL1218","OTB","1400:229:4","DAB",224,1664.9688,7.43289642857143
"432",2018,"VL1218","OTB","1400:229:4","DPS",279.4,4187.6522,14.9880178954903
"433",2018,"VL1218","OTB","1400:229:4","HKE",889,1340.58744444444,1.50797237845269
"434",2018,"VL1218","OTB","1400:229:4","HOM",119.8,126.134,1.0528714524207
"435",2018,"VL1218","OTB","1400:229:4","ILL",147.8,823.8366,5.57399594046008
"436",2018,"VL1218","OTB","1400:229:4","MUR",194,1200.3866,6.18755979381443
"437",2018,"VL1218","OTB","1400:229:4","MUT",364.5,2040.72948492472,5.59870914931336
"438",2018,"VL1218","OTB","1400:229:4","NEP",836.285714285714,12323.996,14.7365855825077
"439",2018,"VL1218","OTB","1400:229:4","ROL",434.2,217.1072,0.500016582220175
"440",2018,"VL1218","OTB","1400:229:4","WHB",455.4,1120.4576,2.46038120333772
"441",2018,"VL1218","OTB","1400:237:4","ARA",2345,3143.98086424518,1.3407167864585
"442",2018,"VL1218","OTB","1400:238:3","ARA",999.25,1340.63985414071,1.34164608870724
"443",2018,"VL1218","OTB","1400:238:3","CTC",17,0,0
"444",2018,"VL1218","OTB","1400:238:3","DPS",17712.25,98344.5848980823,5.55234851010359
"445",2018,"VL1218","OTB","1400:238:3","HKE",1185.25,0,0
"446",2018,"VL1218","OTB","1400:238:3","HOM",4143.5,4204.45937602277,1.01471204923924
"447",2018,"VL1218","OTB","1400:238:3","MUR",536.5,0,0
"448",2018,"VL1218","OTB","1400:238:3","MUT",11679.25,65215.0975333608,5.5838429294142
"449",2018,"VL1218","OTB","1400:238:3","NEP",2832.25,40170.9722780751,14.1834132855769
"450",2018,"VL1218","OTB","1400:238:3","OCC",1872,0,0
"451",2018,"VL1218","OTB","1400:239:1","ARY",95.2,293.176,3.07957983193277
"452",2018,"VL1218","OTB","1400:239:1","BOG",33.8,20.2896,0.600284023668639
"453",2018,"VL1218","OTB","1400:239:1","CTC",19,120.967666666667,6.36671929824561
"454",2018,"VL1218","OTB","1400:239:1","DAB",149.4,1110.6142,7.43382998661312
"455",2018,"VL1218","OTB","1400:239:1","DPS",186.6,2798.1402,14.9953922829582
"456",2018,"VL1218","OTB","1400:239:1","HKE",323.8,1612.0174,4.97843545398394
"457",2018,"VL1218","OTB","1400:239:1","HOM",80,84.261,1.0532625
"458",2018,"VL1218","OTB","1400:239:1","ILL",98.8,550.2296,5.56912550607287
"459",2018,"VL1218","OTB","1400:239:1","MUR",127.8,789.864,6.18046948356808
"460",2018,"VL1218","OTB","1400:239:1","NEP",540.2,11321.8622,20.9586490188819
"461",2018,"VL1218","OTB","1400:239:1","ROL",290,145.0268,0.500092413793103
"462",2018,"VL1218","OTB","1400:239:1","WHB",304.2,748.45,2.46038790269559
"463",2018,"VL1218","OTB","1400:239:2","ARY",34,104.3694,3.06968823529412
"464",2018,"VL1218","OTB","1400:239:2","BOG",12,7.2302,0.602516666666667
"465",2018,"VL1218","OTB","1400:239:2","CTC",82,26.8325,0.327225609756098
"466",2018,"VL1218","OTB","1400:239:2","DAB",52.8,394.079,7.46361742424242
"467",2018,"VL1218","OTB","1400:239:2","DPS",68.5,831.379333333333,12.1369245742092
"468",2018,"VL1218","OTB","1400:239:2","HKE",421.375,358.995125,0.851961139127855
"469",2018,"VL1218","OTB","1400:239:2","HOM",28.4,30.0228,1.05714084507042
"470",2018,"VL1218","OTB","1400:239:2","ILL",35.2,195.9314,5.56623295454546
"471",2018,"VL1218","OTB","1400:239:2","MUR",43.6,269.3788,6.1784128440367
"472",2018,"VL1218","OTB","1400:239:2","MUT",1144.66666666667,6396.6839814113,5.58825042056899
"473",2018,"VL1218","OTB","1400:239:2","NEP",873.333333333333,3191.32333333333,3.65418702290076
"474",2018,"VL1218","OTB","1400:239:2","OCC",1192,0,0
"475",2018,"VL1218","OTB","1400:239:2","ROL",103.4,51.6666,0.499676982591876
"476",2018,"VL1218","OTB","1400:239:2","WHB",108.4,266.627,2.45965867158672
"477",2018,"VL1218","OTB","1400:239:3","ARA",673,903.456124215702,1.34243109095944
"478",2018,"VL1218","OTB","1400:239:3","DPS",6724.75,37803.84894331,5.62159915882524
"479",2018,"VL1218","OTB","1400:239:3","HKE",1118.66666666667,0,0
"480",2018,"VL1218","OTB","1400:239:3","MUT",422,2361.77291609068,5.59661828457508
"481",2018,"VL1218","OTB","1400:239:3","NEP",11425.5,155857.001763703,13.6411537143847
"482",2018,"VL1218","OTB","1400:239:3","OCC",46,0,0
"483",2018,"VL1218","OTB","1400:239:4","ARA",131,177.161621167869,1.35237878754098
"484",2018,"VL1218","OTB","1400:239:4","CTC",10565,0,0
"485",2018,"VL1218","OTB","1400:239:4","DPS",37381.75,206722.833440735,5.53004697320845
"486",2018,"VL1218","OTB","1400:239:4","HKE",924.333333333333,0,0
"487",2018,"VL1218","OTB","1400:239:4","HOM",290,296.784104558348,1.0233934639943
"488",2018,"VL1218","OTB","1400:239:4","MUT",14519.5,81073.2471919543,5.58374924700949
"489",2018,"VL1218","OTB","1400:239:4","NEP",40810.75,551453.882797367,13.5124662692395
"490",2018,"VL1218","OTB","1400:239:4","OCC",4610,0,0
"491",2018,"VL1218","OTB","1400:248:1","ARA",179.75,242.487925639422,1.34902879354338
"492",2018,"VL1218","OTB","1400:248:1","CTC",60,0,0
"493",2018,"VL1218","OTB","1400:248:1","DPS",10517,58699.0121673815,5.58134564679866
"494",2018,"VL1218","OTB","1400:248:1","HKE",600.5,0,0
"495",2018,"VL1218","OTB","1400:248:1","HOM",3252.75,3301.18657258254,1.01489096075092
"496",2018,"VL1218","OTB","1400:248:1","MUR",93.6666666666667,0,0
"497",2018,"VL1218","OTB","1400:248:1","MUT",10719,59853.6722328892,5.58388583197026
"498",2018,"VL1218","OTB","1400:248:1","NEP",2012.75,29138.5106176473,14.4769646591217
"499",2018,"VL1218","OTB","1400:248:1","OCC",1017.5,0,0
"500",2018,"VL1218","OTB","1400:248:2","ARA",892,1196.9219843033,1.34184078957769
"501",2018,"VL1218","OTB","1400:248:2","DPS",3799.5,21685.8250205161,5.70754705106359
"502",2018,"VL1218","OTB","1400:248:2","HKE",388.75,0,0
"503",2018,"VL1218","OTB","1400:248:2","HOM",174,179.153293220636,1.0296166277048
"504",2018,"VL1218","OTB","1400:248:2","MUR",102,0,0
"505",2018,"VL1218","OTB","1400:248:2","MUT",444.666666666667,2488.32916721698,5.59594265491074
"506",2018,"VL1218","OTB","1400:248:2","NEP",2447.5,34991.3022062635,14.2967526889739
"507",2018,"VL1218","OTB","1400:248:2","OCC",208.333333333333,0,0
"508",2018,"VL1218","OTB","1400:249:1","ARA",44494.5,59625.4387170397,1.34006312503882
"509",2018,"VL1218","OTB","1400:249:1","DPS",10506.75,58642.5350303133,5.58141528353804
"510",2018,"VL1218","OTB","1400:249:1","HKE",3288,0,0
"511",2018,"VL1218","OTB","1400:249:1","MUR",30,0,0
"512",2018,"VL1218","OTB","1400:249:1","MUT",707.25,3954.42750287487,5.59127253852933
"513",2018,"VL1218","OTB","1400:249:1","NEP",12313.25,167808.274294569,13.6282682715423
"514",2018,"VL1218","OTB","1400:249:1","OCC",143.75,0,0
"515",2018,"VL1218","OTB","1400:249:2","ARA",33,45.8389988455669,1.38906057107779
"516",2018,"VL1218","OTB","1400:249:2","CTC",1637,0,0
"517",2018,"VL1218","OTB","1400:249:2","DPS",7662.5,42970.8182394727,5.60793712750052
"518",2018,"VL1218","OTB","1400:249:2","HKE",167.25,0,0
"519",2018,"VL1218","OTB","1400:249:2","HOM",160,164.956471162636,1.03097794476648
"520",2018,"VL1218","OTB","1400:249:2","MUT",4037.25,22547.0296903993,5.58474944340809
"521",2018,"VL1218","OTB","1400:249:2","NEP",8248,113080.129370768,13.7100059857867
"522",2018,"VL1218","OTB","1400:249:2","OCC",1073,0,0
"523",2018,"VL1218","OTB","1401:110:3","DPS",353.666666666667,2699.40536386208,7.63262591101436
"524",2018,"VL1218","OTB","1401:110:3","HKE",2387.66666666667,0,0
"525",2018,"VL1218","OTB","1401:110:3","MUT",36,206.594404263526,5.73873345176462
"526",2018,"VL1218","OTB","1401:110:3","NEP",257,5501.84855505275,21.4079710313337
"527",2018,"VL1218","OTB","1401:110:3","OCC",117,0,0
"528",2018,"VL1218","OTB","1401:110:4","ARA",105,142.320925449707,1.35543738523531
"529",2018,"VL1218","OTB","1401:110:4","DPS",458.333333333333,3276.11499115972,7.14788725343939
"530",2018,"VL1218","OTB","1401:110:4","HKE",171,0,0
"531",2018,"VL1218","OTB","1401:110:4","MUR",210,0,0
"532",2018,"VL1218","OTB","1401:110:4","NEP",374.666666666667,7085.92785793298,18.9126188378994
"533",2018,"VL1218","OTB","1401:111:3","ARA",180,242.82293232902,1.34901629071678
"534",2018,"VL1218","OTB","1401:111:3","DPS",1281.66666666667,7812.65250525264,6.09569766339607
"535",2018,"VL1218","OTB","1401:111:3","HKE",420.333333333333,0,0
"536",2018,"VL1218","OTB","1401:111:3","MUR",315,0,0
"537",2018,"VL1218","OTB","1401:111:3","NEP",969.333333333333,15091.5864311294,15.5690368959381
"538",2018,"VL1218","OTB","1401:112:1","DPS",18,849.893915808815,47.2163286560453
"539",2018,"VL1218","OTB","1401:112:1","HKE",24,0,0
"540",2018,"VL1218","OTB","1401:112:1","HOM",4,6.76331108778214,1.69082777194553
"541",2018,"VL1218","OTB","1401:112:1","MUT",977,5460.53994734476,5.58908899421162
"542",2018,"VL1218","OTB","1401:112:1","OCC",209,0,0
"543",2018,"VL1218","OTB","1401:112:2","DPS",366,2767.36159383027,7.56109725090239
"544",2018,"VL1218","OTB","1401:112:2","HKE",232,0,0
"545",2018,"VL1218","OTB","1401:112:2","HOM",4,6.76331108778214,1.69082777194553
"546",2018,"VL1218","OTB","1401:112:2","MUT",9314.86045283333,52013.85000579,5.58396449084417
"547",2018,"VL1218","OTB","1401:112:2","OCC",4570,0,0
"548",2018,"VL1218","OTB","1401:112:3","DPS",54,1048.25264112138,19.4120859466922
"549",2018,"VL1218","OTB","1401:112:3","HKE",512,0,0
"550",2018,"VL1218","OTB","1401:112:3","HOM",184,189.293880404922,1.02877108915718
"551",2018,"VL1218","OTB","1401:112:3","MUT",4293,23974.9750385853,5.58466690859196
"552",2018,"VL1218","OTB","1401:112:3","OCC",5599,0,0
"553",2018,"VL1218","OTB","1401:112:4","DPS",6,783.774340704627,130.629056784105
"554",2018,"VL1218","OTB","1401:112:4","HKE",4,0,0
"555",2018,"VL1218","OTB","1401:112:4","MUT",20,117.260579939084,5.86302899695422
"556",2018,"VL1218","OTB","1401:112:4","OCC",140,0,0
"557",2018,"VL1218","OTB","1401:113:1","CTC",90.339739,0,0
"558",2018,"VL1218","OTB","1401:113:1","DPS",1076.8332588,6684.0276806454,6.20711482118776
"559",2018,"VL1218","OTB","1401:113:1","HKE",362.6151002,0,0
"560",2018,"VL1218","OTB","1401:113:1","MUT",1824.385289,10191.8004812599,5.58642987460523
"561",2018,"VL1218","OTB","1401:113:1","OCC",352.6205892,0,0
"562",2018,"VL1218","OTB","1401:120:1","ARA",652,875.315562289494,1.34250853111886
"563",2018,"VL1218","OTB","1401:120:1","DPS",11518,64214.4867239892,5.57514210140555
"564",2018,"VL1218","OTB","1401:120:1","HKE",12194.5,0,0
"565",2018,"VL1218","OTB","1401:120:1","MUT",676,3779.9473772412,5.5916381320136
"566",2018,"VL1218","OTB","1401:120:1","NEP",7304.75,100381.691956249,13.7419750102672
"567",2018,"VL1218","OTB","1401:120:1","OCC",126,0,0
"568",2018,"VL1218","OTB","1401:120:2","ARA",415.666666666667,558.622571723127,1.34391957912541
"569",2018,"VL1218","OTB","1401:120:2","CTC",20,0,0
"570",2018,"VL1218","OTB","1401:120:2","DPS",8917.5,49885.8238024524,5.59414901064787
"571",2018,"VL1218","OTB","1401:120:2","HKE",5524.25,0,0
"572",2018,"VL1218","OTB","1401:120:2","MUR",298,0,0
"573",2018,"VL1218","OTB","1401:120:2","MUT",174.333333333333,978.959760401929,5.61544795641642
"574",2018,"VL1218","OTB","1401:120:2","NEP",9594.75,131210.657425901,13.6752554705335
"575",2018,"VL1218","OTB","1401:120:2","OCC",9,0,0
"576",2018,"VL1218","OTB","1401:120:3","CTC",93,0,0
"577",2018,"VL1218","OTB","1401:120:3","DPS",6486.75,36492.4773704103,5.62569505074348
"578",2018,"VL1218","OTB","1401:120:3","HKE",13535.25,0,0
"579",2018,"VL1218","OTB","1401:120:3","HOM",8837.5,8964.4510003264,1.01436503539761
"580",2018,"VL1218","OTB","1401:120:3","MUR",41,0,0
"581",2018,"VL1218","OTB","1401:120:3","MUT",24280,135569.671711874,5.58359438681523
"582",2018,"VL1218","OTB","1401:120:3","OCC",3935.25,0,0
"583",2018,"VL1218","OTB","1401:120:4","CTC",3464,0,0
"584",2018,"VL1218","OTB","1401:120:4","DPS",20914.75,115990.246504013,5.54585861671847
"585",2018,"VL1218","OTB","1401:120:4","HKE",23360,0,0
"586",2018,"VL1218","OTB","1401:120:4","HOM",10065,10209.2080771974,1.01432767781395
"587",2018,"VL1218","OTB","1401:120:4","MUR",41,0,0
"588",2018,"VL1218","OTB","1401:120:4","MUT",27364.25,152790.162191415,5.58356842198909
"589",2018,"VL1218","OTB","1401:120:4","OCC",10143.5,0,0
"590",2018,"VL1218","OTB","1401:121:1","ARA",193,260.243280188101,1.34841077817669
"591",2018,"VL1218","OTB","1401:121:1","CTC",1502,0,0
"592",2018,"VL1218","OTB","1401:121:1","DPS",17737.75,98485.0889951787,5.55228757847973
"593",2018,"VL1218","OTB","1401:121:1","HKE",10441,0,0
"594",2018,"VL1218","OTB","1401:121:1","MUR",192.75,0,0
"595",2018,"VL1218","OTB","1401:121:1","MUT",9525,53187.1355926778,5.58395124332575
"596",2018,"VL1218","OTB","1401:121:1","NEP",9509,130056.254024581,13.6771746792072
"597",2018,"VL1218","OTB","1401:121:1","OCC",2109,0,0
"598",2018,"VL1218","OTB","1401:121:2","CTC",13,0,0
"599",2018,"VL1218","OTB","1401:121:2","DPS",36,949.073278465098,26.3631466240305
"600",2018,"VL1218","OTB","1401:121:2","HKE",46,0,0
"601",2018,"VL1218","OTB","1401:121:2","MUR",12,0,0
"602",2018,"VL1218","OTB","1401:121:2","MUT",57,323.845048689356,5.6814920822694
"603",2018,"VL1218","OTB","1401:121:2","OCC",21,0,0
"604",2018,"VL1218","OTB","1401:130:1","CTC",120,0,0
"605",2018,"VL1218","OTB","1401:130:1","DPS",39,965.603172241145,24.7590556984909
"606",2018,"VL1218","OTB","1401:130:1","HKE",386,0,0
"607",2018,"VL1218","OTB","1401:130:1","MUT",1076,6013.29298535224,5.58856225404483
"608",2018,"VL1218","OTB","1401:130:1","NEP",1420,21158.6550359284,14.9004612929073
"609",2018,"VL1218","OTB","1401:130:1","OCC",257.5,0,0
"610",2018,"VL1218","OTB","1401:130:3","CTC",2172.66666666667,0,0
"611",2018,"VL1218","OTB","1401:130:3","DPS",285,2321.054461877,8.14405074342808
"612",2018,"VL1218","OTB","1401:130:3","HKE",312,0,0
"613",2018,"VL1218","OTB","1401:130:3","HOM",65,68.6208929119238,1.05570604479883
"614",2018,"VL1218","OTB","1401:130:3","MUT",514,2875.44240595622,5.59424592598487
"615",2018,"VL1218","OTB","1401:130:3","NEP",213,4909.50162026468,23.0493033815243
"616",2018,"VL1218","OTB","1401:130:3","OCC",377.666666666667,0,0
"617",2018,"VL1824","OTB","1400:219:2","DPS",5096.5,0,0
"618",2018,"VL1824","OTB","1400:219:2","HKE",5524.66666666667,0,0
"619",2018,"VL1824","OTB","1400:219:2","MUR",174,902.180366908024,5.18494463740244
"620",2018,"VL1824","OTB","1400:219:2","NEP",8653.6,2.3214,0.000268258297124896
"621",2018,"VL1824","OTB","1400:219:4","DPS",50.6666666666667,135.470666666667,2.67376315789474
"622",2018,"VL1824","OTB","1400:219:4","HKE",55.3333333333333,107.925,1.95045180722892
"623",2018,"VL1824","OTB","1400:219:4","HOM",1,1.331,1.331
"624",2018,"VL1824","OTB","1400:219:4","MUR",46,255.327,5.55058695652174
"625",2018,"VL1824","OTB","1400:219:4","MUT",7.5,55.214,7.36186666666667
"626",2018,"VL1824","OTB","1400:219:4","NEP",262,5671.578,21.6472442748092
"627",2018,"VL1824","OTB","1400:229:2","DPS",140,2058.347,14.7024785714286
"628",2018,"VL1824","OTB","1400:229:2","HKE",2235.5,818.6915,0.366222992619101
"629",2018,"VL1824","OTB","1400:229:2","HOM",8,7.351,0.918875
"630",2018,"VL1824","OTB","1400:229:2","MUR",251,1401.713,5.58451394422311
"631",2018,"VL1824","OTB","1400:229:2","MUT",30,233.6215,7.78738333333333
"632",2018,"VL1824","OTB","1400:229:2","NEP",1517.5,14424.2995,9.50530444810544
"633",2018,"VL1824","OTB","1400:229:4","DPS",130,1900.832,14.6217846153846
"634",2018,"VL1824","OTB","1400:229:4","HKE",463,1515.187,3.27254211663067
"635",2018,"VL1824","OTB","1400:229:4","HOM",7,6.674,0.953428571428572
"636",2018,"VL1824","OTB","1400:229:4","MUR",228,1274.601,5.5903552631579
"637",2018,"VL1824","OTB","1400:229:4","MUT",28,215.246,7.68735714285714
"638",2018,"VL1824","OTB","1400:229:4","NEP",1232,26640.612,21.6238733766234
"639",2018,"VL1824","OTB","1400:239:1","DPS",84.3333333333333,416.336333333333,4.93679446640316
"640",2018,"VL1824","OTB","1400:239:1","HKE",90.5,249.28775,2.75456077348066
"641",2018,"VL1824","OTB","1400:239:1","HOM",5,4.329,0.8658
"642",2018,"VL1824","OTB","1400:239:1","MUR",148,827.654,5.59225675675676
"643",2018,"VL1824","OTB","1400:239:1","MUT",20.3333333333333,94.125,4.62909836065574
"644",2018,"VL1824","OTB","1400:239:1","NEP",299,4376.245,14.63627090301
"645",2018,"VL1824","OTB","1400:239:2","DPS",9832.6,84.8368,0.00862811463905783
"646",2018,"VL1824","OTB","1400:239:2","HKE",2188.8,68.0442,0.0310874451754386
"647",2018,"VL1824","OTB","1400:239:2","HOM",2,1.413,0.7065
"648",2018,"VL1824","OTB","1400:239:2","MUR",49,271.035,5.53132653061225
"649",2018,"VL1824","OTB","1400:239:2","MUT",967.4,19.079,0.0197219350837296
"650",2018,"VL1824","OTB","1400:239:2","NEP",12659.8,1188.9608,0.0939162388031407
"651",2018,"VL1824","OTB","1400:239:3","DPS",249.666666666667,0,0
"652",2018,"VL1824","OTB","1400:239:3","HKE",223,0,0
"653",2018,"VL1824","OTB","1400:239:3","NEP",811,0,0
"654",2018,"VL1824","OTB","1400:239:4","DPS",21644,0,0
"655",2018,"VL1824","OTB","1400:239:4","HKE",7586,0,0
"656",2018,"VL1824","OTB","1400:239:4","HOM",18,16.2739640370568,0.904109113169824
"657",2018,"VL1824","OTB","1400:239:4","MUT",4816.5,0,0
"658",2018,"VL1824","OTB","1400:239:4","NEP",21529,0,0
"659",2018,"VL1824","OTB","1400:248:2","DPS",2756.66666666667,0,0
"660",2018,"VL1824","OTB","1400:248:2","HKE",150,0,0
"661",2018,"VL1824","OTB","1400:248:2","MUT",32,0,0
"662",2018,"VL1824","OTB","1400:248:2","NEP",64,0,0
"663",2018,"VL1824","OTB","1400:249:1","DPS",13845.75,0,0
"664",2018,"VL1824","OTB","1400:249:1","HKE",2417.75,0,0
"665",2018,"VL1824","OTB","1400:249:1","HOM",162,148.458416674588,0.916409979472765
"666",2018,"VL1824","OTB","1400:249:1","MUT",895.333333333333,0,0
"667",2018,"VL1824","OTB","1400:249:1","NEP",687.333333333333,0,0
"668",2018,"VL1824","OTB","1400:249:2","DPS",174.333333333333,0,0
"669",2018,"VL1824","OTB","1400:249:2","HKE",92.3333333333333,0,0
"670",2018,"VL1824","OTB","1400:249:2","MUT",224.75,0,0
"671",2018,"VL1824","OTB","1400:249:2","NEP",358.666666666667,0,0
"672",2018,"VL1824","OTB","1401:110:1","DPS",142,0,0
"673",2018,"VL1824","OTB","1401:110:1","HKE",382.5,0,0
"674",2018,"VL1824","OTB","1401:110:1","NEP",530,0,0
"675",2018,"VL1824","OTB","1401:110:4","DPS",588.5,0,0
"676",2018,"VL1824","OTB","1401:110:4","HKE",96,0,0
"677",2018,"VL1824","OTB","1401:110:4","NEP",456.5,0,0
"678",2018,"VL1824","OTB","1401:111:3","DPS",13249.5,0,0
"679",2018,"VL1824","OTB","1401:111:3","HKE",4941.75,0,0
"680",2018,"VL1824","OTB","1401:111:3","MUR",50,259.588609803408,5.19177219606816
"681",2018,"VL1824","OTB","1401:111:3","MUT",196.666666666667,0,0
"682",2018,"VL1824","OTB","1401:111:3","NEP",6433.25,0,0
"683",2018,"VL1824","OTB","1401:111:4","DPS",20698.25,0,0
"684",2018,"VL1824","OTB","1401:111:4","HKE",13199.75,0,0
"685",2018,"VL1824","OTB","1401:111:4","HOM",159,145.704573911306,0.916380967995636
"686",2018,"VL1824","OTB","1401:111:4","MUR",50.3333333333333,261.316006999926,5.1917087483429
"687",2018,"VL1824","OTB","1401:111:4","MUT",7915.25,0,0
"688",2018,"VL1824","OTB","1401:111:4","NEP",3514,0,0
"689",2018,"VL1824","OTB","1401:112:1","DPS",11600.9784497625,0,0
"690",2018,"VL1824","OTB","1401:112:1","HKE",7152.320969825,0,0
"691",2018,"VL1824","OTB","1401:112:1","HOM",464.8011277,426.413981418002,0.917411675673097
"692",2018,"VL1824","OTB","1401:112:1","MUR",49.5,256.997514008632,5.19186896987134
"693",2018,"VL1824","OTB","1401:112:1","MUT",11423.893651275,0,0
"694",2018,"VL1824","OTB","1401:112:1","NEP",3522.7014923,0,0
"695",2018,"VL1824","OTB","1401:112:2","DPS",10707.698652225,0,0
"696",2018,"VL1824","OTB","1401:112:2","HKE",18210.88502285,0,0
"697",2018,"VL1824","OTB","1401:112:2","HOM",2104.21033465,1931.30570829033,0.917829209603025
"698",2018,"VL1824","OTB","1401:112:2","MUR",421.853896485714,2186.60674471432,5.18332712564709
"699",2018,"VL1824","OTB","1401:112:2","MUT",39527.63150875,0,0
"700",2018,"VL1824","OTB","1401:112:2","NEP",420.2890468,0,0
"701",2018,"VL1824","OTB","1401:112:3","DPS",28876.25,0,0
"702",2018,"VL1824","OTB","1401:112:3","HKE",30157.75,0,0
"703",2018,"VL1824","OTB","1401:112:3","HOM",5297.25,4862.34876672238,0.917900564768961
"704",2018,"VL1824","OTB","1401:112:3","MUR",817.75,4238.216202683,5.1827773802299
"705",2018,"VL1824","OTB","1401:112:3","MUT",51514.5,0,0
"706",2018,"VL1824","OTB","1401:112:3","NEP",286,0,0
"707",2018,"VL1824","OTB","1401:112:4","DPS",350.25,0,0
"708",2018,"VL1824","OTB","1401:112:4","HKE",448.5,0,0
"709",2018,"VL1824","OTB","1401:112:4","HOM",132.25,121.149475938709,0.916064090273793
"710",2018,"VL1824","OTB","1401:112:4","MUR",17.75,92.4629310403125,5.20917921353873
"711",2018,"VL1824","OTB","1401:112:4","MUT",967.5,0,0
"712",2018,"VL1824","OTB","1401:112:4","NEP",32,0,0
"713",2018,"VL1824","OTB","1401:113:1","DPS",1720.364349725,0,0
"714",2018,"VL1824","OTB","1401:113:1","HKE",2199.027876275,0,0
"715",2018,"VL1824","OTB","1401:113:1","HOM",1107.94793915,1016.78904556447,0.9177227644329
"716",2018,"VL1824","OTB","1401:113:1","MUR",676.514105475,3506.3047379325,5.18289967578816
"717",2018,"VL1824","OTB","1401:113:1","MUT",5731.73381345,0,0
"718",2018,"VL1824","OTB","1401:113:1","NEP",57.788593375,0,0
"719",2018,"VL1824","OTB","1401:120:1","DPS",4963.25,0,0
"720",2018,"VL1824","OTB","1401:120:1","HKE",6876.25,0,0
"721",2018,"VL1824","OTB","1401:120:1","HOM",669,613.857843669229,0.917575252121418
"722",2018,"VL1824","OTB","1401:120:1","MUR",96,497.969422922863,5.18718148877982
"723",2018,"VL1824","OTB","1401:120:1","MUT",1962.33333333333,0,0
"724",2018,"VL1824","OTB","1401:120:1","NEP",5486.25,0,0
"725",2018,"VL1824","OTB","1401:120:2","DPS",25805.5,0,0
"726",2018,"VL1824","OTB","1401:120:2","HKE",12823.75,0,0
"727",2018,"VL1824","OTB","1401:120:2","MUR",211.5,1096.51255151628,5.18445650835118
"728",2018,"VL1824","OTB","1401:120:2","MUT",947.75,0,0
"729",2018,"VL1824","OTB","1401:120:2","NEP",16704,0,0
"730",2018,"VL1824","OTB","1401:120:3","DPS",6455,0,0
"731",2018,"VL1824","OTB","1401:120:3","HKE",7403.5,0,0
"732",2018,"VL1824","OTB","1401:120:3","HOM",4598.5,4220.93288977464,0.917893419544337
"733",2018,"VL1824","OTB","1401:120:3","MUR",99,513.515997691523,5.18703027971235
"734",2018,"VL1824","OTB","1401:120:3","MUT",14908.6666666667,0,0
"735",2018,"VL1824","OTB","1401:120:3","NEP",675.5,0,0
"736",2018,"VL1824","OTB","1401:120:4","DPS",23573.5,0,0
"737",2018,"VL1824","OTB","1401:120:4","HKE",16179.6666666667,0,0
"738",2018,"VL1824","OTB","1401:120:4","HOM",4992,4582.14526555844,0.917897689414752
"739",2018,"VL1824","OTB","1401:120:4","MUR",116.5,604.204350508706,5.18630343784297
"740",2018,"VL1824","OTB","1401:120:4","MUT",22782.3333333333,0,0
"741",2018,"VL1824","OTB","1401:120:4","NEP",1007,0,0
"742",2018,"VL1824","OTB","1401:121:1","DPS",131061.75,0,0
"743",2018,"VL1824","OTB","1401:121:1","HKE",54390.5,0,0
"744",2018,"VL1824","OTB","1401:121:1","HOM",3552,3260.30073918313,0.917877460355612
"745",2018,"VL1824","OTB","1401:121:1","MUR",4987.5,25846.6595832231,5.18228763573396
"746",2018,"VL1824","OTB","1401:121:1","MUT",38390.75,0,0
"747",2018,"VL1824","OTB","1401:121:1","NEP",27797.5,0,0
"748",2018,"VL1824","OTB","1401:121:2","DPS",101275.25,0,0
"749",2018,"VL1824","OTB","1401:121:2","HKE",63445,0,0
"750",2018,"VL1824","OTB","1401:121:2","HOM",3534.75,3244.46614329426,0.917877118125543
"751",2018,"VL1824","OTB","1401:121:2","MUR",2587,13406.8086725003,5.18237675782771
"752",2018,"VL1824","OTB","1401:121:2","MUT",54225.25,0,0
"753",2018,"VL1824","OTB","1401:121:2","NEP",4394.66666666667,0,0
"754",2018,"VL1824","OTB","1401:130:1","DPS",400,0,0
"755",2018,"VL1824","OTB","1401:130:1","HKE",1296,0,0
"756",2018,"VL1824","OTB","1401:130:1","MUT",264,0,0
"757",2018,"VL1824","OTB","1401:130:1","NEP",271,0,0
"758",2018,"VL1824","OTB","1401:130:3","DPS",2765.33333333333,0,0
"759",2018,"VL1824","OTB","1401:130:3","HKE",1031,0,0
"760",2018,"VL1824","OTB","1401:130:3","HOM",420,385.288894316831,0.91735451027817
"761",2018,"VL1824","OTB","1401:130:3","MUT",5704.66666666667,0,0
"762",2018,"VL1824","OTB","1401:130:3","NEP",1932.66666666667,0,0
"763",2018,"VL2440","OTB","1400:219:2","ANE",31.75,30.84875,0.971614173228346
"764",2018,"VL2440","OTB","1400:219:2","ARA",1133,0,0
"765",2018,"VL2440","OTB","1400:219:2","ARS",1610,9255.54282388173,5.74878436265946
"766",2018,"VL2440","OTB","1400:219:2","ARY",22.1428571428571,66.5272857142857,3.00445806451613
"767",2018,"VL2440","OTB","1400:219:2","BOG",69.5,39.671375,0.570811151079137
"768",2018,"VL2440","OTB","1400:219:2","CTC",1.66666666666667,16.8566666666667,10.114
"769",2018,"VL2440","OTB","1400:219:2","DPS",1734.45454545455,99.3571818181818,0.0572843964568374
"770",2018,"VL2440","OTB","1400:219:2","HKE",667.636363636364,201.814636363636,0.30228227124183
"771",2018,"VL2440","OTB","1400:219:2","HOM",157.545454545455,33.2309090909091,0.210929024812464
"772",2018,"VL2440","OTB","1400:219:2","ILL",55.8571428571429,283.811428571429,5.08102301790281
"773",2018,"VL2440","OTB","1400:219:2","MAC",58,39.71,0.684655172413793
"774",2018,"VL2440","OTB","1400:219:2","MUR",387.727272727273,144.665909090909,0.373112543962485
"775",2018,"VL2440","OTB","1400:219:2","MUT",109.4,2.6422,0.0241517367458867
"776",2018,"VL2440","OTB","1400:219:2","NEP",780.181818181818,982.218272727273,1.25896073176416
"777",2018,"VL2440","OTB","1400:219:2","PIL",16.2,14.6284,0.902987654320988
"778",2018,"VL2440","OTB","1400:219:2","SPC",81.8571428571429,46.7898571428571,0.571603839441536
"779",2018,"VL2440","OTB","1400:219:4","ANE",194.5,189.4835,0.97420822622108
"780",2018,"VL2440","OTB","1400:219:4","ARA",2400,0,0
"781",2018,"VL2440","OTB","1400:219:4","ARS",5115.5,7890.72780145827,1.54251349847684
"782",2018,"VL2440","OTB","1400:219:4","ARY",140.857142857143,427.374714285714,3.03410040567951
"783",2018,"VL2440","OTB","1400:219:4","BOG",434.875,248.461875,0.571340902558206
"784",2018,"VL2440","OTB","1400:219:4","CTC",9.33333333333333,103.563,11.0960357142857
"785",2018,"VL2440","OTB","1400:219:4","DPS",117.857142857143,964.433428571429,8.18307151515151
"786",2018,"VL2440","OTB","1400:219:4","HKE",1048.55555555556,1541.24466666667,1.46987411253576
"787",2018,"VL2440","OTB","1400:219:4","HOM",266.125,286.857,1.0779032409582
"788",2018,"VL2440","OTB","1400:219:4","ILL",309,1571.436125,5.085553802589
"789",2018,"VL2440","OTB","1400:219:4","MAC",268.5,183.8815,0.68484729981378
"790",2018,"VL2440","OTB","1400:219:4","MUR",211,1242.48425,5.8885509478673
"791",2018,"VL2440","OTB","1400:219:4","MUT",6,48.0725,8.01208333333333
"792",2018,"VL2440","OTB","1400:219:4","NEP",1108,7547.62477777778,6.81193572001605
"793",2018,"VL2440","OTB","1400:219:4","PIL",99.6,89.868,0.902289156626506
"794",2018,"VL2440","OTB","1400:219:4","SPC",505.571428571429,288.919142857143,0.571470471884713
"795",2018,"VL2440","OTB","1400:229:2","ARY",49,149.52025,3.05143367346939
"796",2018,"VL2440","OTB","1400:229:2","BOG",77.25,44.1385,0.57137216828479
"797",2018,"VL2440","OTB","1400:229:2","DPS",8.5,130.174,15.3145882352941
"798",2018,"VL2440","OTB","1400:229:2","HKE",51.8,224.0738,4.32574903474903
"799",2018,"VL2440","OTB","1400:229:2","HOM",52.5,56.796,1.08182857142857
"800",2018,"VL2440","OTB","1400:229:2","ILL",64.6,327.9416,5.07649535603715
"801",2018,"VL2440","OTB","1400:229:2","MAC",12.5,8.2965,0.66372
"802",2018,"VL2440","OTB","1400:229:2","MUR",23.8,143.8096,6.04242016806723
"803",2018,"VL2440","OTB","1400:229:2","MUT",2,16.698,8.349
"804",2018,"VL2440","OTB","1400:229:2","NEP",82,1849.134,22.5504146341463
"805",2018,"VL2440","OTB","1400:229:2","SPC",22,12.54675,0.570306818181818
"806",2018,"VL2440","OTB","1400:229:4","ARY",46.75,142.463,3.04733689839572
"807",2018,"VL2440","OTB","1400:229:4","BOG",73.75,42.055,0.570237288135593
"808",2018,"VL2440","OTB","1400:229:4","DPS",8.5,122.904,14.4592941176471
"809",2018,"VL2440","OTB","1400:229:4","HKE",49.2,212.7604,4.32439837398374
"810",2018,"VL2440","OTB","1400:229:4","HOM",50.25,54.115,1.07691542288557
"811",2018,"VL2440","OTB","1400:229:4","ILL",61.6,312.1566,5.06747727272727
"812",2018,"VL2440","OTB","1400:229:4","MAC",12,7.905,0.65875
"813",2018,"VL2440","OTB","1400:229:4","MUR",22.8,136.8244,6.0010701754386
"814",2018,"VL2440","OTB","1400:229:4","MUT",2,15.91,7.955
"815",2018,"VL2440","OTB","1400:229:4","NEP",78,1755.9075,22.5116346153846
"816",2018,"VL2440","OTB","1400:229:4","SPC",20.75,11.95475,0.576132530120482
"817",2018,"VL2440","OTB","1400:237:2","HKE",1,3.411,3.411
"818",2018,"VL2440","OTB","1400:237:2","NEP",1,18.227,18.227
"819",2018,"VL2440","OTB","1400:237:4","DPS",14,0,0
"820",2018,"VL2440","OTB","1400:238:1","DPS",1,10.109,10.109
"821",2018,"VL2440","OTB","1400:238:1","HKE",1,4.9,4.9
"822",2018,"VL2440","OTB","1400:238:1","NEP",1,26.188,26.188
"823",2018,"VL2440","OTB","1400:238:1","SPC",1,0.368,0.368
"824",2018,"VL2440","OTB","1400:238:2","DPS",1,10.109,10.109
"825",2018,"VL2440","OTB","1400:238:2","HKE",1,4.9,4.9
"826",2018,"VL2440","OTB","1400:238:2","NEP",1,26.188,26.188
"827",2018,"VL2440","OTB","1400:238:2","SPC",1,0.368,0.368
"828",2018,"VL2440","OTB","1400:238:3","DPS",10,0,0
"829",2018,"VL2440","OTB","1400:239:1","ARY",31.5,95.80475,3.04142063492063
"830",2018,"VL2440","OTB","1400:239:1","BOG",49.75,28.31975,0.569241206030151
"831",2018,"VL2440","OTB","1400:239:1","DPS",6,83.9445,13.99075
"832",2018,"VL2440","OTB","1400:239:1","HKE",33.2,143.1204,4.31085542168675
"833",2018,"VL2440","OTB","1400:239:1","HOM",33.75,36.4215,1.07915555555556
"834",2018,"VL2440","OTB","1400:239:1","ILL",41.2,209.8358,5.09310194174757
"835",2018,"VL2440","OTB","1400:239:1","MAC",8,5.3195,0.6649375
"836",2018,"VL2440","OTB","1400:239:1","MUR",15.2,92.0304,6.05463157894737
"837",2018,"VL2440","OTB","1400:239:1","MUT",1,10.697,10.697
"838",2018,"VL2440","OTB","1400:239:1","NEP",52.5,1180.48875,22.4855
"839",2018,"VL2440","OTB","1400:239:1","SPC",14,8.084,0.577428571428572
"840",2018,"VL2440","OTB","1400:239:2","ARY",11.25,34.7645,3.09017777777778
"841",2018,"VL2440","OTB","1400:239:2","BOG",18,10.29375,0.571875
"842",2018,"VL2440","OTB","1400:239:2","DPS",8,20.5136666666667,2.56420833333333
"843",2018,"VL2440","OTB","1400:239:2","HKE",12,51.7638,4.31365
"844",2018,"VL2440","OTB","1400:239:2","HOM",12.25,13.23,1.08
"845",2018,"VL2440","OTB","1400:239:2","ILL",15,76.0246,5.06830666666667
"846",2018,"VL2440","OTB","1400:239:2","MAC",3,1.9315,0.643833333333333
"847",2018,"VL2440","OTB","1400:239:2","MUR",5.4,33.3524,6.17637037037037
"848",2018,"VL2440","OTB","1400:239:2","NEP",19,426.6775,22.4567105263158
"849",2018,"VL2440","OTB","1400:239:2","SPC",5.25,2.954,0.562666666666667
"850",2018,"VL2440","OTB","1400:239:4","DPS",134,0,0
"851",2018,"VL2440","OTB","1400:248:1","DPS",16,0,0
"852",2018,"VL2440","OTB","1401:110:1","ARA",64,0,0
"853",2018,"VL2440","OTB","1401:110:1","ARS",131.333333333333,9831.24000825586,74.857157423268
"854",2018,"VL2440","OTB","1401:110:1","DPS",147,0,0
"855",2018,"VL2440","OTB","1401:110:1","HKE",94,0,0
"856",2018,"VL2440","OTB","1401:110:1","MUR",96,0,0
"857",2018,"VL2440","OTB","1401:110:1","NEP",100,0,0
"858",2018,"VL2440","OTB","1401:110:3","ARA",1360,0,0
"859",2018,"VL2440","OTB","1401:110:3","ARS",2997,8715.53471202855,2.90808632366652
"860",2018,"VL2440","OTB","1401:110:3","DPS",300,0,0
"861",2018,"VL2440","OTB","1401:110:3","HKE",3638,0,0
"862",2018,"VL2440","OTB","1401:110:3","NEP",4310,0,0
"863",2018,"VL2440","OTB","1401:111:3","DPS",380,0,0
"864",2018,"VL2440","OTB","1401:111:4","DPS",1227.66666666667,0,0
"865",2018,"VL2440","OTB","1401:111:4","HKE",380,0,0
"866",2018,"VL2440","OTB","1401:111:4","MUT",1357.5,0,0
"867",2018,"VL2440","OTB","1401:112:1","ANE",3,11.687483020357,3.89582767345232
"868",2018,"VL2440","OTB","1401:112:1","CTC",1890.2,0,0
"869",2018,"VL2440","OTB","1401:112:1","DPS",1722,0,0
"870",2018,"VL2440","OTB","1401:112:1","HKE",2268.25,0,0
"871",2018,"VL2440","OTB","1401:112:1","HOM",445,426.34389677203,0.958076172521415
"872",2018,"VL2440","OTB","1401:112:1","MUR",114.5,0,0
"873",2018,"VL2440","OTB","1401:112:1","MUT",4407.8,0,0
"874",2018,"VL2440","OTB","1401:112:2","ANE",30,37.5506665452456,1.25168888484152
"875",2018,"VL2440","OTB","1401:112:2","CTC",2485.71428571429,0,0
"876",2018,"VL2440","OTB","1401:112:2","DPS",5446.5,0,0
"877",2018,"VL2440","OTB","1401:112:2","HKE",9134,0,0
"878",2018,"VL2440","OTB","1401:112:2","HOM",624.8,597.786951225092,0.956765286851939
"879",2018,"VL2440","OTB","1401:112:2","MUR",1542.4,0,0
"880",2018,"VL2440","OTB","1401:112:2","MUT",14936.875,0,0
"881",2018,"VL2440","OTB","1401:112:3","ANE",48,54.7927888951714,1.14151643531607
"882",2018,"VL2440","OTB","1401:112:3","CTC",6390,0,0
"883",2018,"VL2440","OTB","1401:112:3","DPS",2196.25,0,0
"884",2018,"VL2440","OTB","1401:112:3","HKE",2498.66666666667,0,0
"885",2018,"VL2440","OTB","1401:112:3","HOM",683.5,653.758626955875,0.956486652459217
"886",2018,"VL2440","OTB","1401:112:3","MUT",9505,0,0
"887",2018,"VL2440","OTB","1401:112:4","ANE",6,14.5611700786779,2.42686167977965
"888",2018,"VL2440","OTB","1401:112:4","CTC",158.666666666667,0,0
"889",2018,"VL2440","OTB","1401:112:4","DPS",65,0,0
"890",2018,"VL2440","OTB","1401:112:4","HKE",63,0,0
"891",2018,"VL2440","OTB","1401:112:4","HOM",18.5,19.6672409086753,1.06309410317164
"892",2018,"VL2440","OTB","1401:112:4","MUT",251.666666666667,0,0
"893",2018,"VL2440","OTB","1401:113:1","CTC",3,0,0
"894",2018,"VL2440","OTB","1401:113:1","DPS",28,0,0
"895",2018,"VL2440","OTB","1401:113:1","MUT",25,0,0
"896",2018,"VL2440","OTB","1401:120:1","DPS",500,0,0
"897",2018,"VL2440","OTB","1401:120:1","NEP",40,0,0
"898",2018,"VL2440","OTB","1401:120:2","DPS",500,0,0
"899",2018,"VL2440","OTB","1401:120:2","HKE",2025,0,0
"900",2018,"VL2440","OTB","1401:120:2","MUT",1710,0,0
"901",2018,"VL2440","OTB","1401:120:3","DPS",340,0,0
"902",2018,"VL2440","OTB","1401:120:3","MUT",24,0,0
"903",2018,"VL2440","OTB","1401:120:3","NEP",8,0,0
"904",2018,"VL2440","OTB","1401:120:4","DPS",2282.5,0,0
"905",2018,"VL2440","OTB","1401:120:4","HKE",279,0,0
"906",2018,"VL2440","OTB","1401:120:4","MUT",224.666666666667,0,0
"907",2018,"VL2440","OTB","1401:121:1","DPS",10243,0,0
"908",2018,"VL2440","OTB","1401:121:1","HKE",36,0,0
"909",2018,"VL2440","OTB","1401:121:1","MUT",366.5,0,0
"910",2018,"VL2440","OTB","1401:121:1","NEP",180,0,0
"911",2018,"VL2440","OTB","1401:121:2","DPS",1257.66666666667,0,0
"912",2018,"VL2440","OTB","1401:121:2","MUT",2520,0,0
"913",2018,"VL2440","OTB","1401:121:3","DPS",110,0,0
"914",2018,"VL2440","OTB","1401:130:1","DPS",10,0,0
"915",2018,"VL2440","OTB","1401:130:3","DPS",46,0,0
"916",2019,"VL1218","OTB","1400:219:2","CTC",131,0,0
"917",2019,"VL1218","OTB","1400:219:2","DPS",12.3333333333333,194.947666666667,15.8065675675676
"918",2019,"VL1218","OTB","1400:219:2","HKE",60.8333333333333,17.6183333333333,0.289616438356164
"919",2019,"VL1218","OTB","1400:219:2","MUR",1130,6.274,0.00555221238938053
"920",2019,"VL1218","OTB","1400:219:2","NEP",20,437.148333333333,21.8574166666667
"921",2019,"VL1218","OTB","1400:219:2","OCC",1381,0,0
"922",2019,"VL1218","OTB","1400:219:2","ROL",2,1.1345,0.56725
"923",2019,"VL1218","OTB","1400:219:4","ARY",23,71.3166666666667,3.10072463768116
"924",2019,"VL1218","OTB","1400:219:4","BOG",9.8,4.1074,0.419122448979592
"925",2019,"VL1218","OTB","1400:219:4","DAB",38.8333333333333,312.467333333333,8.04636909871245
"926",2019,"VL1218","OTB","1400:219:4","DPS",86.3333333333333,1380.58683333333,15.9913532818533
"927",2019,"VL1218","OTB","1400:219:4","HKE",75.6666666666667,481.124833333333,6.35847797356828
"928",2019,"VL1218","OTB","1400:219:4","HOM",13.8333333333333,11.9678333333333,0.865144578313253
"929",2019,"VL1218","OTB","1400:219:4","ILL",22,114.495666666667,5.20434848484848
"930",2019,"VL1218","OTB","1400:219:4","MUR",42.5,267.6425,6.29747058823529
"931",2019,"VL1218","OTB","1400:219:4","MUT",22.6,143.818,6.36362831858407
"932",2019,"VL1218","OTB","1400:219:4","NEP",191.5,4147.15716666667,21.6561731940818
"933",2019,"VL1218","OTB","1400:219:4","ROL",61.3333333333333,30.5523333333333,0.498135869565217
"934",2019,"VL1218","OTB","1400:219:4","WHB",57,121.469,2.1310350877193
"935",2019,"VL1218","OTB","1400:229:2","ARA",60,82.0197213221195,1.36699535536866
"936",2019,"VL1218","OTB","1400:229:2","ARY",114.333333333333,357.0705,3.12306559766764
"937",2019,"VL1218","OTB","1400:229:2","BOG",40.3333333333333,16.8813333333333,0.418545454545455
"938",2019,"VL1218","OTB","1400:229:2","CTC",1.66666666666667,16.764,10.0584
"939",2019,"VL1218","OTB","1400:229:2","DAB",191.833333333333,1540.4745,8.03027541268462
"940",2019,"VL1218","OTB","1400:229:2","DPS",392.5,2976.27125,7.58285668789809
"941",2019,"VL1218","OTB","1400:229:2","HKE",459.222222222222,1249.42188888889,2.72073481732398
"942",2019,"VL1218","OTB","1400:229:2","HOM",69.5,59.9421666666667,0.86247721822542
"943",2019,"VL1218","OTB","1400:229:2","ILL",110.333333333333,572.8865,5.1923247734139
"944",2019,"VL1218","OTB","1400:229:2","MUR",192.428571428571,1024.22085714286,5.32260282108389
"945",2019,"VL1218","OTB","1400:229:2","MUT",102.5,602.1545,5.87467804878049
"946",2019,"VL1218","OTB","1400:229:2","NEP",884.428571428571,13571.4557142857,15.3448861250202
"947",2019,"VL1218","OTB","1400:229:2","ROL",283.333333333333,141.5985,0.499759411764706
"948",2019,"VL1218","OTB","1400:229:2","WHB",283.5,604.823,2.13341446208113
"949",2019,"VL1218","OTB","1400:229:4","ARY",106.333333333333,332.104333333333,3.12323824451411
"950",2019,"VL1218","OTB","1400:229:4","BOG",37.5,15.664,0.417706666666667
"951",2019,"VL1218","OTB","1400:229:4","CTC",1.66666666666667,15.581,9.3486
"952",2019,"VL1218","OTB","1400:229:4","DAB",178.333333333333,1433.25116666667,8.03692242990654
"953",2019,"VL1218","OTB","1400:229:4","DPS",229.166666666667,3678.06766666667,16.0497498181818
"954",2019,"VL1218","OTB","1400:229:4","HKE",273.333333333333,1741.4005,6.37097743902439
"955",2019,"VL1218","OTB","1400:229:4","HOM",64.5,55.7461666666667,0.86428165374677
"956",2019,"VL1218","OTB","1400:229:4","ILL",102.5,532.9185,5.19920487804878
"957",2019,"VL1218","OTB","1400:229:4","MUR",175.666666666667,1107.669,6.30551612903226
"958",2019,"VL1218","OTB","1400:229:4","MUT",105.6,671.4698,6.35861553030303
"959",2019,"VL1218","OTB","1400:229:4","NEP",660.166666666667,14303.247,21.6661151224438
"960",2019,"VL1218","OTB","1400:229:4","ROL",263.333333333333,131.636333333333,0.499884810126582
"961",2019,"VL1218","OTB","1400:229:4","WHB",263.5,562.487833333333,2.13467868437698
"962",2019,"VL1218","OTB","1400:237:4","ARA",3086,4136.94069221279,1.34055109922644
"963",2019,"VL1218","OTB","1400:237:4","DPS",16,838.873986624784,52.429624164049
"964",2019,"VL1218","OTB","1400:237:4","NEP",28,2418.95200808756,86.3911431459841
"965",2019,"VL1218","OTB","1400:238:3","ARA",4936,6615.99019523584,1.34035457764097
"966",2019,"VL1218","OTB","1400:238:3","CTC",52.5,0,0
"967",2019,"VL1218","OTB","1400:238:3","DPS",12053.25,67163.6952718656,5.57224775656902
"968",2019,"VL1218","OTB","1400:238:3","HKE",1156.25,0,0
"969",2019,"VL1218","OTB","1400:238:3","HOM",1740,1767.16924627975,1.01561450935618
"970",2019,"VL1218","OTB","1400:238:3","MUR",83,0,0
"971",2019,"VL1218","OTB","1400:238:3","MUT",9736.75,54369.4129239715,5.58393847269074
"972",2019,"VL1218","OTB","1400:238:3","NEP",4117.25,57470.1952599541,13.9583934082104
"973",2019,"VL1218","OTB","1400:238:3","OCC",4188.75,0,0
"974",2019,"VL1218","OTB","1400:239:1","ARY",70.1666666666667,219.3935,3.12674821852732
"975",2019,"VL1218","OTB","1400:239:1","BOG",24.8333333333333,10.3295,0.415953020134228
"976",2019,"VL1218","OTB","1400:239:1","CTC",1,10.288,10.288
"977",2019,"VL1218","OTB","1400:239:1","DAB",118,947.069,8.02600847457627
"978",2019,"VL1218","OTB","1400:239:1","DPS",151,2423.45883333333,16.0493962472406
"979",2019,"VL1218","OTB","1400:239:1","HKE",180.5,1149.56116666667,6.36875992613112
"980",2019,"VL1218","OTB","1400:239:1","HOM",42.6666666666667,36.8246666666667,0.863078125
"981",2019,"VL1218","OTB","1400:239:1","ILL",67.6666666666667,352.098166666667,5.20342118226601
"982",2019,"VL1218","OTB","1400:239:1","MUR",115.5,729.914333333333,6.31960461760462
"983",2019,"VL1218","OTB","1400:239:1","MUT",69.8,443.291,6.35087392550143
"984",2019,"VL1218","OTB","1400:239:1","NEP",426.333333333333,9240.11533333333,21.6734526974199
"985",2019,"VL1218","OTB","1400:239:1","ROL",174,86.9306666666667,0.49960153256705
"986",2019,"VL1218","OTB","1400:239:1","WHB",174.5,371.565666666667,2.12931614135626
"987",2019,"VL1218","OTB","1400:239:2","ARY",24.1666666666667,75.704,3.13257931034483
"988",2019,"VL1218","OTB","1400:239:2","BOG",10,4.233,0.4233
"989",2019,"VL1218","OTB","1400:239:2","DAB",40.6666666666667,327.039666666667,8.04195901639344
"990",2019,"VL1218","OTB","1400:239:2","DPS",51.8333333333333,829.825166666667,16.0094887459807
"991",2019,"VL1218","OTB","1400:239:2","HKE",62.1666666666667,395.8215,6.3671018766756
"992",2019,"VL1218","OTB","1400:239:2","HOM",14.6666666666667,12.7045,0.866215909090909
"993",2019,"VL1218","OTB","1400:239:2","ILL",23.5,121.539666666667,5.17190070921986
"994",2019,"VL1218","OTB","1400:239:2","MUR",39.5,250.010833333333,6.32938818565401
"995",2019,"VL1218","OTB","1400:239:2","MUT",23.8,152.6656,6.41452100840336
"996",2019,"VL1218","OTB","1400:239:2","NEP",137.5,2976.81383333333,21.6495551515152
"997",2019,"VL1218","OTB","1400:239:2","ROL",59.8333333333333,29.9656666666667,0.500818941504178
"998",2019,"VL1218","OTB","1400:239:2","WHB",60.1666666666667,128.189666666667,2.13057617728532
"999",2019,"VL1218","OTB","1400:239:3","ARA",1369.25,1836.44975474532,1.3412085117731
"1000",2019,"VL1218","OTB","1400:239:3","CTC",51.5,0,0
"1001",2019,"VL1218","OTB","1400:239:3","DPS",12175.6666666667,67838.2067706715,5.57162154877254
"1002",2019,"VL1218","OTB","1400:239:3","HKE",194.5,0,0
"1003",2019,"VL1218","OTB","1400:239:3","HOM",120,124.394122425494,1.03661768687912
"1004",2019,"VL1218","OTB","1400:239:3","MUT",562,3143.44387892955,5.5933165105508
"1005",2019,"VL1218","OTB","1400:239:3","NEP",13307.6666666667,181195.539394618,13.615876015927
"1006",2019,"VL1218","OTB","1400:239:3","OCC",84,0,0
"1007",2019,"VL1218","OTB","1400:239:4","ARA",635,852.53510739685,1.3425749722785
"1008",2019,"VL1218","OTB","1400:239:4","CTC",8420.75,0,0
"1009",2019,"VL1218","OTB","1400:239:4","DPS",31267.25,173032.154942855,5.53397420441052
"1010",2019,"VL1218","OTB","1400:239:4","HKE",1051.5,0,0
"1011",2019,"VL1218","OTB","1400:239:4","HOM",482.5,491.990407855844,1.01966923907947
"1012",2019,"VL1218","OTB","1400:239:4","MUT",12855.5,71782.5294622123,5.58379911028061
"1013",2019,"VL1218","OTB","1400:239:4","NEP",22827.75,309358.998063414,13.5518830398709
"1014",2019,"VL1218","OTB","1400:239:4","OCC",2046,0,0
"1015",2019,"VL1218","OTB","1400:248:1","ARA",364.333333333333,489.834531459064,1.34446806438901
"1016",2019,"VL1218","OTB","1400:248:1","CTC",23,0,0
"1017",2019,"VL1218","OTB","1400:248:1","DPS",12111.5,67484.6507093505,5.57194820702229
"1018",2019,"VL1218","OTB","1400:248:1","HKE",1037.75,0,0
"1019",2019,"VL1218","OTB","1400:248:1","HOM",2424.25,2461.03892436449,1.01517538387728
"1020",2019,"VL1218","OTB","1400:248:1","MUR",33,0,0
"1021",2019,"VL1218","OTB","1400:248:1","MUT",11422,63778.7771391444,5.58385371556158
"1022",2019,"VL1218","OTB","1400:248:1","NEP",4340.75,60479.0484400708,13.9328568657653
"1023",2019,"VL1218","OTB","1400:248:1","OCC",2884.75,0,0
"1024",2019,"VL1218","OTB","1400:248:2","ARA",1517.33333333333,2034.8853838837,1.34109317918521
"1025",2019,"VL1218","OTB","1400:248:2","DPS",8281.25,46380.1088307824,5.60061691541524
"1026",2019,"VL1218","OTB","1400:248:2","HKE",2185.5,0,0
"1027",2019,"VL1218","OTB","1400:248:2","HOM",1859,1887.84223377275,1.01551491865129
"1028",2019,"VL1218","OTB","1400:248:2","MUR",118,0,0
"1029",2019,"VL1218","OTB","1400:248:2","MUT",1260.25,7042.02780608839,5.58780226628716
"1030",2019,"VL1218","OTB","1400:248:2","NEP",8044.5,110340.524797374,13.7162688541704
"1031",2019,"VL1218","OTB","1400:248:2","OCC",476,0,0
"1032",2019,"VL1218","OTB","1400:249:1","ARA",79920,107096.556646414,1.34004700508526
"1033",2019,"VL1218","OTB","1400:249:1","CTC",19,0,0
"1034",2019,"VL1218","OTB","1400:249:1","DPS",12521.75,69745.1136832249,5.56991743831533
"1035",2019,"VL1218","OTB","1400:249:1","HKE",3877.5,0,0
"1036",2019,"VL1218","OTB","1400:249:1","HOM",75,78.7614800962094,1.05015306794946
"1037",2019,"VL1218","OTB","1400:249:1","MUT",545.75,3052.71421360004,5.59361285130561
"1038",2019,"VL1218","OTB","1400:249:1","NEP",9373,128225.363498873,13.6802905685344
"1039",2019,"VL1218","OTB","1400:249:1","OCC",231,0,0
"1040",2019,"VL1218","OTB","1400:249:2","ARA",44.6666666666667,61.4726443601267,1.37625323194313
"1041",2019,"VL1218","OTB","1400:249:2","CTC",1078.25,0,0
"1042",2019,"VL1218","OTB","1400:249:2","DPS",11424.5,63699.3050346357,5.57567552493638
"1043",2019,"VL1218","OTB","1400:249:2","HKE",140.25,0,0
"1044",2019,"VL1218","OTB","1400:249:2","HOM",275,281.57322378192,1.02390263193425
"1045",2019,"VL1218","OTB","1400:249:2","MUT",2698.75,15073.6969492577,5.58543657221222
"1046",2019,"VL1218","OTB","1400:249:2","NEP",10176.5,139042.426273923,13.6630891046944
"1047",2019,"VL1218","OTB","1400:249:2","OCC",530.5,0,0
"1048",2019,"VL1218","OTB","1401:110:3","ARA",364,489.387855872934,1.34447213151905
"1049",2019,"VL1218","OTB","1401:110:3","DPS",3100,17831.6047884011,5.7521305769036
"1050",2019,"VL1218","OTB","1401:110:3","HKE",1765.33333333333,0,0
"1051",2019,"VL1218","OTB","1401:110:3","MUR",315,0,0
"1052",2019,"VL1218","OTB","1401:110:3","MUT",112,630.930069804624,5.63330419468415
"1053",2019,"VL1218","OTB","1401:110:3","NEP",1304,19597.0131169417,15.0283842921332
"1054",2019,"VL1218","OTB","1401:110:4","ARA",2015,2701.7720339762,1.34082979353658
"1055",2019,"VL1218","OTB","1401:110:4","DPS",597.25,4041.5409057339,6.7669165437152
"1056",2019,"VL1218","OTB","1401:110:4","HKE",822.75,0,0
"1057",2019,"VL1218","OTB","1401:110:4","MUR",240,0,0
"1058",2019,"VL1218","OTB","1401:110:4","NEP",1396.5,20842.2879230302,14.9246601668673
"1059",2019,"VL1218","OTB","1401:110:4","OCC",84,0,0
"1060",2019,"VL1218","OTB","1401:111:3","ARA",2324,3115.84030231897,1.34072302165188
"1061",2019,"VL1218","OTB","1401:111:3","DPS",684.5,4522.28531638727,6.60669878215817
"1062",2019,"VL1218","OTB","1401:111:3","HKE",837.5,0,0
"1063",2019,"VL1218","OTB","1401:111:3","MUR",75,0,0
"1064",2019,"VL1218","OTB","1401:111:3","NEP",1752.33333333333,25632.6693842898,14.6277360001654
"1065",2019,"VL1218","OTB","1401:111:3","OCC",105,0,0
"1066",2019,"VL1218","OTB","1401:113:1","CTC",211.241027466667,0,0
"1067",2019,"VL1218","OTB","1401:113:1","DPS",3339.28383983333,19150.0502733244,5.7347776325238
"1068",2019,"VL1218","OTB","1401:113:1","HKE",842.874105866667,0,0
"1069",2019,"VL1218","OTB","1401:113:1","MUR",9.4205686,0,0
"1070",2019,"VL1218","OTB","1401:113:1","MUT",5881.5783132,32844.5860358995,5.58431500643059
"1071",2019,"VL1218","OTB","1401:113:1","NEP",211.566065933333,4890.19738278563,23.1142804551964
"1072",2019,"VL1218","OTB","1401:113:1","OCC",1235.41071053333,0,0
"1073",2019,"VL1218","OTB","1401:120:1","ARA",383.5,515.518377661555,1.34424609559728
"1074",2019,"VL1218","OTB","1401:120:1","DPS",16675.25,92630.7516161621,5.55498428006549
"1075",2019,"VL1218","OTB","1401:120:1","HKE",12720.5,0,0
"1076",2019,"VL1218","OTB","1401:120:1","MUR",485,0,0
"1077",2019,"VL1218","OTB","1401:120:1","MUT",152,854.264630615729,5.62016204352453
"1078",2019,"VL1218","OTB","1401:120:1","NEP",11219.6666666667,153085.984852857,13.6444325309299
"1079",2019,"VL1218","OTB","1401:120:2","ARA",1789,2398.92598657987,1.34093123900496
"1080",2019,"VL1218","OTB","1401:120:2","DPS",7921,44395.1440865088,5.60473981650155
"1081",2019,"VL1218","OTB","1401:120:2","HKE",8762,0,0
"1082",2019,"VL1218","OTB","1401:120:2","MUR",254.5,0,0
"1083",2019,"VL1218","OTB","1401:120:2","MUT",258.5,1448.89289877529,5.60500154265104
"1084",2019,"VL1218","OTB","1401:120:2","NEP",11166.75,152373.597914239,13.6452949975811
"1085",2019,"VL1218","OTB","1401:120:2","OCC",28,0,0
"1086",2019,"VL1218","OTB","1401:120:3","CTC",192.5,0,0
"1087",2019,"VL1218","OTB","1401:120:3","DPS",1668,9941.33549263469,5.96003326896564
"1088",2019,"VL1218","OTB","1401:120:3","HKE",8031.25,0,0
"1089",2019,"VL1218","OTB","1401:120:3","HOM",2414,2450.64482250059,1.01518012531093
"1090",2019,"VL1218","OTB","1401:120:3","MUT",8886.75,49623.5535067356,5.58399341792394
"1091",2019,"VL1218","OTB","1401:120:3","OCC",2743,0,0
"1092",2019,"VL1218","OTB","1401:120:4","CTC",6688,0,0
"1093",2019,"VL1218","OTB","1401:120:4","DPS",17599.5,97723.3363903326,5.55262003979275
"1094",2019,"VL1218","OTB","1401:120:4","HKE",32346.5,0,0
"1095",2019,"VL1218","OTB","1401:120:4","HOM",1444,1467.0078656249,1.01593342494799
"1096",2019,"VL1218","OTB","1401:120:4","MUT",34443.5,192316.191931965,5.58352641084574
"1097",2019,"VL1218","OTB","1401:120:4","OCC",13742,0,0
"1098",2019,"VL1218","OTB","1401:121:1","ARA",3795,5087.01966391189,1.34045313937072
"1099",2019,"VL1218","OTB","1401:121:1","CTC",1419.66666666667,0,0
"1100",2019,"VL1218","OTB","1401:121:1","DPS",16172,89857.8619352302,5.55638522973226
"1101",2019,"VL1218","OTB","1401:121:1","HKE",17881.25,0,0
"1102",2019,"VL1218","OTB","1401:121:1","MUR",694,0,0
"1103",2019,"VL1218","OTB","1401:121:1","MUT",19255.75,107517.455032994,5.5836544945273
"1104",2019,"VL1218","OTB","1401:121:1","NEP",13025.5,177396.890301451,13.6192000538521
"1105",2019,"VL1218","OTB","1401:121:1","OCC",3946,0,0
"1106",2019,"VL1218","OTB","1401:130:1","DPS",7428,41678.731542645,5.61103009459411
"1107",2019,"VL1218","OTB","1401:130:1","MUT",2051.5,11459.864587133,5.58609046411555
"1108",2019,"VL1218","OTB","1401:130:3","CTC",1403,0,0
"1109",2019,"VL1218","OTB","1401:130:3","DPS",690.5,4555.34510393936,6.59716886884774
"1110",2019,"VL1218","OTB","1401:130:3","HKE",28,0,0
"1111",2019,"VL1218","OTB","1401:130:3","HOM",45,48.3397185433528,1.07421596763006
"1112",2019,"VL1218","OTB","1401:130:3","MUT",1672,9340.97794143769,5.58670929511824
"1113",2019,"VL1218","OTB","1401:130:3","NEP",504,8827.06884806762,17.5140254921977
"1114",2019,"VL1218","OTB","1401:130:3","OCC",191,0,0
"1115",2019,"VL1824","OTB","1400:219:2","DPS",6526.5,0,0
"1116",2019,"VL1824","OTB","1400:219:2","HKE",8608.84615384615,0.480076923076923,5.57655363445472e-05
"1117",2019,"VL1824","OTB","1400:219:2","HOM",130,119.084093866248,0.916031491278829
"1118",2019,"VL1824","OTB","1400:219:2","MUR",1147,5944.45278354344,5.18260922715208
"1119",2019,"VL1824","OTB","1400:219:2","MUT",4529.375,0,0
"1120",2019,"VL1824","OTB","1400:219:2","NEP",4673,6.51676923076923,0.00139455793511004
"1121",2019,"VL1824","OTB","1400:219:4","DPS",239,42.384,0.177338912133891
"1122",2019,"VL1824","OTB","1400:219:4","HKE",592.25,27.3045,0.0461029970451667
"1123",2019,"VL1824","OTB","1400:219:4","HOM",1,0.669,0.669
"1124",2019,"VL1824","OTB","1400:219:4","MUR",1,6.007,6.007
"1125",2019,"VL1824","OTB","1400:219:4","MUT",8.5,57.009,6.70694117647059
"1126",2019,"VL1824","OTB","1400:219:4","NEP",1054.66666666667,514.617166666667,0.487942951959545
"1127",2019,"VL1824","OTB","1400:229:2","DPS",97.3333333333333,417.797,4.29243493150685
"1128",2019,"VL1824","OTB","1400:229:2","HKE",62,399.4095,6.44208870967742
"1129",2019,"VL1824","OTB","1400:229:2","HOM",5,3.054,0.6108
"1130",2019,"VL1824","OTB","1400:229:2","MUR",3.5,20.427,5.83628571428571
"1131",2019,"VL1824","OTB","1400:229:2","MUT",35,241.3505,6.89572857142857
"1132",2019,"VL1824","OTB","1400:229:2","NEP",280,3958.995,14.1392678571429
"1133",2019,"VL1824","OTB","1400:229:4","DPS",34,595.394,17.5115882352941
"1134",2019,"VL1824","OTB","1400:229:4","HKE",139.333333333333,253.198666666667,1.81721531100478
"1135",2019,"VL1824","OTB","1400:229:4","HOM",4,2.91,0.7275
"1136",2019,"VL1824","OTB","1400:229:4","MUR",121.666666666667,12.606,0.10361095890411
"1137",2019,"VL1824","OTB","1400:229:4","MUT",362.333333333333,153.305666666667,0.423106715731371
"1138",2019,"VL1824","OTB","1400:229:4","NEP",242,5638.5105,23.2996301652893
"1139",2019,"VL1824","OTB","1400:237:4","DPS",143,0,0
"1140",2019,"VL1824","OTB","1400:239:1","DPS",23,399.5055,17.3698043478261
"1141",2019,"VL1824","OTB","1400:239:1","HKE",40,255.0055,6.3751375
"1142",2019,"VL1824","OTB","1400:239:1","HOM",3,1.957,0.652333333333333
"1143",2019,"VL1824","OTB","1400:239:1","MUR",2,12.4475,6.22375
"1144",2019,"VL1824","OTB","1400:239:1","MUT",22.5,154.621,6.87204444444444
"1145",2019,"VL1824","OTB","1400:239:1","NEP",162.5,3781.7775,23.2724769230769
"1146",2019,"VL1824","OTB","1400:239:2","DPS",8.5,144.114,16.9545882352941
"1147",2019,"VL1824","OTB","1400:239:2","HKE",14.5,92.151,6.35524137931035
"1148",2019,"VL1824","OTB","1400:239:2","HOM",1,0.71,0.71
"1149",2019,"VL1824","OTB","1400:239:2","MUR",1,6.377,6.377
"1150",2019,"VL1824","OTB","1400:239:2","MUT",35.3333333333333,37.3973333333333,1.05841509433962
"1151",2019,"VL1824","OTB","1400:239:2","NEP",58.5,1362.5775,23.2919230769231
"1152",2019,"VL1824","OTB","1400:239:3","HKE",119.5,0,0
"1153",2019,"VL1824","OTB","1400:239:3","MUT",424,0,0
"1154",2019,"VL1824","OTB","1400:239:3","NEP",1444.25,0,0
"1155",2019,"VL1824","OTB","1400:239:4","HOM",265,243.007018213933,0.917007615901634
"1156",2019,"VL1824","OTB","1400:239:4","MUT",11609.5,0,0
"1157",2019,"VL1824","OTB","1400:239:4","NEP",20892.25,0,0
"1158",2019,"VL1824","OTB","1400:248:2","DPS",80,0,0
"1159",2019,"VL1824","OTB","1400:248:2","HKE",184,0,0
"1160",2019,"VL1824","OTB","1400:248:2","NEP",39.5,0,0
"1161",2019,"VL1824","OTB","1400:249:1","DPS",714.25,0,0
"1162",2019,"VL1824","OTB","1400:249:1","HKE",2718,0,0
"1163",2019,"VL1824","OTB","1400:249:1","HOM",65.25,59.6469875587467,0.914130077528685
"1164",2019,"VL1824","OTB","1400:249:1","MUT",1219.5,0,0
"1165",2019,"VL1824","OTB","1400:249:1","NEP",1283.5,0,0
"1166",2019,"VL1824","OTB","1400:249:2","DPS",4,0,0
"1167",2019,"VL1824","OTB","1400:249:2","HKE",15.5,0,0
"1168",2019,"VL1824","OTB","1400:249:2","HOM",11.5,10.3073047166127,0.896287366661976
"1169",2019,"VL1824","OTB","1400:249:2","MUT",2560.75,0,0
"1170",2019,"VL1824","OTB","1400:249:2","NEP",3932,0,0
"1171",2019,"VL1824","OTB","1401:110:1","DPS",205.75,0,0
"1172",2019,"VL1824","OTB","1401:110:1","HKE",246.2,0,0
"1173",2019,"VL1824","OTB","1401:110:1","MUR",342.5,1775.37964974777,5.18359021824165
"1174",2019,"VL1824","OTB","1401:110:1","MUT",39,0,0
"1175",2019,"VL1824","OTB","1401:110:1","NEP",424.666666666667,0,0
"1176",2019,"VL1824","OTB","1401:110:3","DPS",60,0,0
"1177",2019,"VL1824","OTB","1401:110:3","HKE",769,0,0
"1178",2019,"VL1824","OTB","1401:110:3","NEP",2253,0,0
"1179",2019,"VL1824","OTB","1401:111:3","DPS",9450,0,0
"1180",2019,"VL1824","OTB","1401:111:3","HKE",10314.25,0,0
"1181",2019,"VL1824","OTB","1401:111:3","HOM",705.333333333333,647.209939357865,0.91759443198185
"1182",2019,"VL1824","OTB","1401:111:3","MUT",61.6666666666667,0,0
"1183",2019,"VL1824","OTB","1401:111:3","NEP",7343.25,0,0
"1184",2019,"VL1824","OTB","1401:111:4","DPS",27120,0,0
"1185",2019,"VL1824","OTB","1401:111:4","HKE",15186,0,0
"1186",2019,"VL1824","OTB","1401:111:4","HOM",2436.66666666667,2236.48319630077,0.91784536099895
"1187",2019,"VL1824","OTB","1401:111:4","MUR",129,668.981745378123,5.18590500293119
"1188",2019,"VL1824","OTB","1401:111:4","MUT",8291.75,0,0
"1189",2019,"VL1824","OTB","1401:111:4","NEP",3796.33333333333,0,0
"1190",2019,"VL1824","OTB","1401:112:1","DPS",14779.9098224375,0,0
"1191",2019,"VL1824","OTB","1401:112:1","HKE",9641.8960397,0,0
"1192",2019,"VL1824","OTB","1401:112:1","HOM",294.6556689,270.229367944116,0.917102219526027
"1193",2019,"VL1824","OTB","1401:112:1","MUR",164.056594766667,850.651735936324,5.18511149854221
"1194",2019,"VL1824","OTB","1401:112:1","MUT",9973.17026435,0,0
"1195",2019,"VL1824","OTB","1401:112:1","NEP",3183.926809825,0,0
"1196",2019,"VL1824","OTB","1401:112:2","DPS",9324.6533577125,0,0
"1197",2019,"VL1824","OTB","1401:112:2","HKE",13503.6189306125,0,0
"1198",2019,"VL1824","OTB","1401:112:2","HOM",1380.7513465375,1267.20827530871,0.917767184139619
"1199",2019,"VL1824","OTB","1401:112:2","MUR",863.8947170375,4477.34696721705,5.18274609036959
"1200",2019,"VL1824","OTB","1401:112:2","MUT",27460.2733913625,0,0
"1201",2019,"VL1824","OTB","1401:112:2","NEP",260.256098171429,0,0
"1202",2019,"VL1824","OTB","1401:112:3","DPS",17726,0,0
"1203",2019,"VL1824","OTB","1401:112:3","HKE",28721.75,0,0
"1204",2019,"VL1824","OTB","1401:112:3","HOM",2211.25,2029.56251089306,0.917834939917723
"1205",2019,"VL1824","OTB","1401:112:3","MUR",414,2145.90634840083,5.18334866763486
"1206",2019,"VL1824","OTB","1401:112:3","MUT",53443.5,0,0
"1207",2019,"VL1824","OTB","1401:112:3","NEP",848,0,0
"1208",2019,"VL1824","OTB","1401:112:4","DPS",250,0,0
"1209",2019,"VL1824","OTB","1401:112:4","HKE",428,0,0
"1210",2019,"VL1824","OTB","1401:112:4","HOM",57.25,52.3034068566617,0.913596626317234
"1211",2019,"VL1824","OTB","1401:112:4","MUR",14,73.0297125794874,5.21640804139196
"1212",2019,"VL1824","OTB","1401:112:4","MUT",1070.25,0,0
"1213",2019,"VL1824","OTB","1401:112:4","NEP",23,0,0
"1214",2019,"VL1824","OTB","1401:113:1","DPS",1222.425585775,0,0
"1215",2019,"VL1824","OTB","1401:113:1","HKE",1625.97821565,0,0
"1216",2019,"VL1824","OTB","1401:113:1","HOM",67.24624015,61.4794313890301,0.914243402335858
"1217",2019,"VL1824","OTB","1401:113:1","MUR",313.9515437,1627.43607961517,5.18371739930124
"1218",2019,"VL1824","OTB","1401:113:1","MUT",2251.79048995,0,0
"1219",2019,"VL1824","OTB","1401:113:1","NEP",153.202317025,0,0
"1220",2019,"VL1824","OTB","1401:120:1","DPS",3757.25,0,0
"1221",2019,"VL1824","OTB","1401:120:1","HKE",1101,0,0
"1222",2019,"VL1824","OTB","1401:120:1","HOM",747.5,685.916729308439,0.917614353589884
"1223",2019,"VL1824","OTB","1401:120:1","MUT",257.5,0,0
"1224",2019,"VL1824","OTB","1401:120:1","NEP",2681,0,0
"1225",2019,"VL1824","OTB","1401:120:2","DPS",7093.5,0,0
"1226",2019,"VL1824","OTB","1401:120:2","HKE",4195.5,0,0
"1227",2019,"VL1824","OTB","1401:120:2","HOM",127.5,116.789224896846,0.915993920759578
"1228",2019,"VL1824","OTB","1401:120:2","MUT",748.75,0,0
"1229",2019,"VL1824","OTB","1401:120:2","NEP",4297.5,0,0
"1230",2019,"VL1824","OTB","1401:120:3","DPS",759.333333333333,0,0
"1231",2019,"VL1824","OTB","1401:120:3","HKE",407,0,0
"1232",2019,"VL1824","OTB","1401:120:3","HOM",195,178.750687070689,0.916670190106097
"1233",2019,"VL1824","OTB","1401:120:3","MUR",450,2332.46524562475,5.18325610138834
"1234",2019,"VL1824","OTB","1401:120:3","MUT",1417.5,0,0
"1235",2019,"VL1824","OTB","1401:120:3","NEP",160.666666666667,0,0
"1236",2019,"VL1824","OTB","1401:120:4","DPS",2027.33333333333,0,0
"1237",2019,"VL1824","OTB","1401:120:4","HKE",969,0,0
"1238",2019,"VL1824","OTB","1401:120:4","HOM",140.5,128.722543537734,0.916174687101312
"1239",2019,"VL1824","OTB","1401:120:4","MUT",494.5,0,0
"1240",2019,"VL1824","OTB","1401:120:4","NEP",33,0,0
"1241",2019,"VL1824","OTB","1401:121:1","DPS",90662.75,0,0
"1242",2019,"VL1824","OTB","1401:121:1","HKE",51909.5,0,0
"1243",2019,"VL1824","OTB","1401:121:1","HOM",32399.6666666667,29740.9467683726,0.917939899640098
"1244",2019,"VL1824","OTB","1401:121:1","MUR",1598,8281.621190432,5.18249135821777
"1245",2019,"VL1824","OTB","1401:121:1","MUT",24688,0,0
"1246",2019,"VL1824","OTB","1401:121:1","NEP",19339,0,0
"1247",2019,"VL1824","OTB","1401:121:2","DPS",102114.25,0,0
"1248",2019,"VL1824","OTB","1401:121:2","HKE",94630,0,0
"1249",2019,"VL1824","OTB","1401:121:2","HOM",4338,3981.80754316299,0.91789016670424
"1250",2019,"VL1824","OTB","1401:121:2","MUR",1974.5,10232.7163238988,5.18243419797358
"1251",2019,"VL1824","OTB","1401:121:2","MUT",45516,0,0
"1252",2019,"VL1824","OTB","1401:121:2","NEP",3715,0,0
"1253",2019,"VL1824","OTB","1401:121:3","DPS",744,0,0
"1254",2019,"VL1824","OTB","1401:121:3","HKE",182.5,0,0
"1255",2019,"VL1824","OTB","1401:121:3","MUT",788.666666666667,0,0
"1256",2019,"VL1824","OTB","1401:130:1","MUT",855,0,0
"1257",2019,"VL1824","OTB","1401:130:3","HOM",45,41.0585489065939,0.912412197924309
"1258",2019,"VL1824","OTB","1401:130:3","MUT",2255,0,0
"1259",2019,"VL1824","OTB","1401:130:3","NEP",519,0,0
"1260",2019,"VL2440","OTB","1400:219:2","ANE",7.83333333333333,6.35716666666667,0.811553191489362
"1261",2019,"VL2440","OTB","1400:219:2","ARA",26638.1111111111,0,0
"1262",2019,"VL2440","OTB","1400:219:2","ARS",23846.3333333333,598.152500975148,0.0250836257555381
"1263",2019,"VL2440","OTB","1400:219:2","ARY",35.1428571428571,105.919714285714,3.0139756097561
"1264",2019,"VL2440","OTB","1400:219:2","BOG",61.8571428571429,24.6208571428571,0.398027713625866
"1265",2019,"VL2440","OTB","1400:219:2","CTC",50.5,4.885,0.0967326732673267
"1266",2019,"VL2440","OTB","1400:219:2","DPS",23927.7,11.4883,0.000480125544870589
"1267",2019,"VL2440","OTB","1400:219:2","HKE",4291.53846153846,277.091,0.0645668220111131
"1268",2019,"VL2440","OTB","1400:219:2","HOM",44.125,33.760625,0.765113314447592
"1269",2019,"VL2440","OTB","1400:219:2","ILL",36.5,180.478875,4.94462671232877
"1270",2019,"VL2440","OTB","1400:219:2","MAC",15.8333333333333,24.8831666666667,1.57156842105263
"1271",2019,"VL2440","OTB","1400:219:2","MUR",33.2,144.5074,4.35263253012048
"1272",2019,"VL2440","OTB","1400:219:2","MUT",47.75,2.7145,0.056848167539267
"1273",2019,"VL2440","OTB","1400:219:2","NEP",15608.7333333333,730.865,0.0468241070170118
"1274",2019,"VL2440","OTB","1400:219:2","PIL",23.4,31.4902,1.34573504273504
"1275",2019,"VL2440","OTB","1400:219:2","SPC",60.2857142857143,39.2832857142857,0.651618483412322
"1276",2019,"VL2440","OTB","1400:219:4","ANE",49.5,39.05,0.788888888888889
"1277",2019,"VL2440","OTB","1400:219:4","ARA",916.5,0,0
"1278",2019,"VL2440","OTB","1400:219:4","ARS",1784.25,9187.70114148057,5.1493350940062
"1279",2019,"VL2440","OTB","1400:219:4","ARY",222.571428571429,674.970857142857,3.03260333761232
"1280",2019,"VL2440","OTB","1400:219:4","BOG",382.857142857143,152.934571428571,0.399455970149254
"1281",2019,"VL2440","OTB","1400:219:4","CTC",8,60.023,7.502875
"1282",2019,"VL2440","OTB","1400:219:4","DPS",310.833333333333,117.635666666667,0.37845254691689
"1283",2019,"VL2440","OTB","1400:219:4","HKE",452.1,2247.7867,4.97187945144879
"1284",2019,"VL2440","OTB","1400:219:4","HOM",275,210.265875,0.764603181818182
"1285",2019,"VL2440","OTB","1400:219:4","ILL",230.125,1138.86,4.94887561108093
"1286",2019,"VL2440","OTB","1400:219:4","MAC",99,153.876,1.55430303030303
"1287",2019,"VL2440","OTB","1400:219:4","MUR",171.25,1127.866,6.58607883211679
"1288",2019,"VL2440","OTB","1400:219:4","MUT",7.5,33.3545,4.44726666666667
"1289",2019,"VL2440","OTB","1400:219:4","NEP",1196.88888888889,7661.21744444444,6.40094290753806
"1290",2019,"VL2440","OTB","1400:219:4","PIL",144.6,193.9646,1.34138727524205
"1291",2019,"VL2440","OTB","1400:219:4","SPC",380,247.448571428571,0.65118045112782
"1292",2019,"VL2440","OTB","1400:229:2","ARA",3192.5,0,0
"1293",2019,"VL2440","OTB","1400:229:2","ARS",36899.5,-4483.90653678378,-0.121516728865805
"1294",2019,"VL2440","OTB","1400:229:2","ARY",43.5,133.249666666667,3.06321072796935
"1295",2019,"VL2440","OTB","1400:229:2","BOG",33.25,13.51525,0.406473684210526
"1296",2019,"VL2440","OTB","1400:229:2","DPS",21477.5,0,0
"1297",2019,"VL2440","OTB","1400:229:2","HKE",6112.5,212.559875,0.0347746216768916
"1298",2019,"VL2440","OTB","1400:229:2","HOM",23.1666666666667,17.5786666666667,0.758791366906475
"1299",2019,"VL2440","OTB","1400:229:2","ILL",32.2857142857143,159.376,4.93642477876106
"1300",2019,"VL2440","OTB","1400:229:2","MAC",8.5,14.009,1.64811764705882
"1301",2019,"VL2440","OTB","1400:229:2","MUR",14,83.585625,5.97040178571429
"1302",2019,"VL2440","OTB","1400:229:2","NEP",14800.875,982.210875,0.0663616762522486
"1303",2019,"VL2440","OTB","1400:229:2","PIL",4.5,5.8155,1.29233333333333
"1304",2019,"VL2440","OTB","1400:229:2","SPC",73.25,48.92,0.667849829351536
"1305",2019,"VL2440","OTB","1400:229:4","ARS",3743,8425.09055093087,2.25089247954338
"1306",2019,"VL2440","OTB","1400:229:4","ARY",41.5,126.960166666667,3.05928112449799
"1307",2019,"VL2440","OTB","1400:229:4","BOG",31.75,12.87725,0.405582677165354
"1308",2019,"VL2440","OTB","1400:229:4","DPS",4332,0,0
"1309",2019,"VL2440","OTB","1400:229:4","HKE",171.428571428571,231.459714285714,1.35018166666667
"1310",2019,"VL2440","OTB","1400:229:4","HOM",21.8333333333333,16.7486666666667,0.767114503816794
"1311",2019,"VL2440","OTB","1400:229:4","ILL",30.7142857142857,151.853428571429,4.94406511627907
"1312",2019,"VL2440","OTB","1400:229:4","MAC",8,13.3475,1.6684375
"1313",2019,"VL2440","OTB","1400:229:4","MUR",12.625,79.640375,6.30814851485149
"1314",2019,"VL2440","OTB","1400:229:4","NEP",155.714285714286,1069.54371428571,6.86862935779816
"1315",2019,"VL2440","OTB","1400:229:4","PIL",4.5,5.5405,1.23122222222222
"1316",2019,"VL2440","OTB","1400:229:4","SPC",69.5,46.611,0.670661870503597
"1317",2019,"VL2440","OTB","1400:237:2","ARY",1,2.301,2.301
"1318",2019,"VL2440","OTB","1400:237:2","HKE",2,9.917,4.9585
"1319",2019,"VL2440","OTB","1400:237:2","NEP",2,50.672,25.336
"1320",2019,"VL2440","OTB","1400:237:4","MUR",14,0,0
"1321",2019,"VL2440","OTB","1400:238:1","ARY",1,3.306,3.306
"1322",2019,"VL2440","OTB","1400:238:1","HKE",2,14.248,7.124
"1323",2019,"VL2440","OTB","1400:238:1","NEP",3,72.802,24.2673333333333
"1324",2019,"VL2440","OTB","1400:238:2","ARY",1,3.306,3.306
"1325",2019,"VL2440","OTB","1400:238:2","HKE",2,14.248,7.124
"1326",2019,"VL2440","OTB","1400:238:2","NEP",3,72.802,24.2673333333333
"1327",2019,"VL2440","OTB","1400:238:3","MUR",9,0,0
"1328",2019,"VL2440","OTB","1400:239:1","ARY",28,85.5691666666667,3.05604166666667
"1329",2019,"VL2440","OTB","1400:239:1","BOG",21,8.662,0.41247619047619
"1330",2019,"VL2440","OTB","1400:239:1","HKE",28,182.510833333333,6.51824404761905
"1331",2019,"VL2440","OTB","1400:239:1","HOM",14.6666666666667,11.2728333333333,0.768602272727273
"1332",2019,"VL2440","OTB","1400:239:1","ILL",20.5714285714286,102.229571428571,4.96949305555556
"1333",2019,"VL2440","OTB","1400:239:1","MAC",5.5,8.975,1.63181818181818
"1334",2019,"VL2440","OTB","1400:239:1","MUR",9.28571428571429,61.2518571428571,6.59635384615385
"1335",2019,"VL2440","OTB","1400:239:1","NEP",35.1666666666667,843.585166666667,23.9882037914692
"1336",2019,"VL2440","OTB","1400:239:1","PIL",3,3.7265,1.24216666666667
"1337",2019,"VL2440","OTB","1400:239:1","SPC",46.75,31.3465,0.670513368983957
"1338",2019,"VL2440","OTB","1400:239:2","ARY",10.1666666666667,31.1378333333333,3.06273770491803
"1339",2019,"VL2440","OTB","1400:239:2","BOG",7.5,3.14425,0.419233333333333
"1340",2019,"VL2440","OTB","1400:239:2","DPS",355.5,0,0
"1341",2019,"VL2440","OTB","1400:239:2","HKE",10.1666666666667,66.6505,6.5557868852459
"1342",2019,"VL2440","OTB","1400:239:2","HOM",5.33333333333333,4.095,0.7678125
"1343",2019,"VL2440","OTB","1400:239:2","ILL",7.42857142857143,37.1465714285714,5.0005
"1344",2019,"VL2440","OTB","1400:239:2","MAC",2,3.256,1.628
"1345",2019,"VL2440","OTB","1400:239:2","MUR",5.875,19.46575,3.31331914893617
"1346",2019,"VL2440","OTB","1400:239:2","NEP",12.8333333333333,308.1705,24.0132857142857
"1347",2019,"VL2440","OTB","1400:239:2","PIL",1,1.3525,1.3525
"1348",2019,"VL2440","OTB","1400:239:2","SPC",17.25,11.37525,0.659434782608696
"1349",2019,"VL2440","OTB","1400:239:3","MUR",23,0,0
"1350",2019,"VL2440","OTB","1400:239:4","MUR",57,0,0
"1351",2019,"VL2440","OTB","1400:248:2","MUR",11,0,0
"1352",2019,"VL2440","OTB","1400:249:1","MUR",35,0,0
"1353",2019,"VL2440","OTB","1400:249:2","MUR",10,0,0
"1354",2019,"VL2440","OTB","1401:110:1","ARA",669,0,0
"1355",2019,"VL2440","OTB","1401:110:1","ARS",717.75,9602.927277956,13.3792090253654
"1356",2019,"VL2440","OTB","1401:110:1","DPS",821,0,0
"1357",2019,"VL2440","OTB","1401:110:1","HKE",174.666666666667,0,0
"1358",2019,"VL2440","OTB","1401:110:1","NEP",722.75,0,0
"1359",2019,"VL2440","OTB","1401:110:3","ARA",3847,0,0
"1360",2019,"VL2440","OTB","1401:110:3","ARS",31006,-2189.35873057847,-0.0706108085718401
"1361",2019,"VL2440","OTB","1401:110:3","DPS",22339.5,0,0
"1362",2019,"VL2440","OTB","1401:110:3","HKE",19344.5,0,0
"1363",2019,"VL2440","OTB","1401:110:3","NEP",49063.5,0,0
"1364",2019,"VL2440","OTB","1401:111:4","DPS",990,0,0
"1365",2019,"VL2440","OTB","1401:111:4","HKE",1445,0,0
"1366",2019,"VL2440","OTB","1401:111:4","MUT",50,0,0
"1367",2019,"VL2440","OTB","1401:112:1","CTC",2342,0,0
"1368",2019,"VL2440","OTB","1401:112:1","DPS",1841.75,0,0
"1369",2019,"VL2440","OTB","1401:112:1","HKE",3905.5,0,0
"1370",2019,"VL2440","OTB","1401:112:1","HOM",127.5,123.60101696754,0.969419740921879
"1371",2019,"VL2440","OTB","1401:112:1","MUR",107,0,0
"1372",2019,"VL2440","OTB","1401:112:1","MUT",6238.75,0,0
"1373",2019,"VL2440","OTB","1401:112:2","CTC",1202.61957146667,0,0
"1374",2019,"VL2440","OTB","1401:112:2","DPS",3703.38360437143,0,0
"1375",2019,"VL2440","OTB","1401:112:2","HKE",9460.8845751875,0,0
"1376",2019,"VL2440","OTB","1401:112:2","HOM",398.0565229,381.582311117572,0.95861338570109
"1377",2019,"VL2440","OTB","1401:112:2","MUR",2491.46,0,0
"1378",2019,"VL2440","OTB","1401:112:2","MUT",17693.754512625,0,0
"1379",2019,"VL2440","OTB","1401:112:3","CTC",4182,0,0
"1380",2019,"VL2440","OTB","1401:112:3","DPS",458.5,0,0
"1381",2019,"VL2440","OTB","1401:112:3","HKE",1760.25,0,0
"1382",2019,"VL2440","OTB","1401:112:3","HOM",20,21.0975222305863,1.05487611152932
"1383",2019,"VL2440","OTB","1401:112:3","MUR",2,0,0
"1384",2019,"VL2440","OTB","1401:112:3","MUT",2826.75,0,0
"1385",2019,"VL2440","OTB","1401:112:4","CTC",102.5,0,0
"1386",2019,"VL2440","OTB","1401:112:4","DPS",73,0,0
"1387",2019,"VL2440","OTB","1401:112:4","HKE",177,0,0
"1388",2019,"VL2440","OTB","1401:112:4","MUT",157,0,0
"1389",2019,"VL2440","OTB","1401:113:1","CTC",2.6954466,0,0
"1390",2019,"VL2440","OTB","1401:113:1","DPS",8.8503405,0,0
"1391",2019,"VL2440","OTB","1401:113:1","MUT",17.3245915,0,0
"1392",2019,"VL2440","OTB","1401:120:1","ARA",1714,0,0
"1393",2019,"VL2440","OTB","1401:120:1","ARS",43663.5,-7117.37075349248,-0.163005044338921
"1394",2019,"VL2440","OTB","1401:120:1","DPS",18666,0,0
"1395",2019,"VL2440","OTB","1401:120:1","HKE",20080.5,0,0
"1396",2019,"VL2440","OTB","1401:120:1","MUR",20,0,0
"1397",2019,"VL2440","OTB","1401:120:1","NEP",56612,0,0
"1398",2019,"VL2440","OTB","1401:120:2","ARA",576,0,0
"1399",2019,"VL2440","OTB","1401:120:2","ARS",11205,5519.87026928091,0.492625637597583
"1400",2019,"VL2440","OTB","1401:120:2","DPS",6396.5,0,0
"1401",2019,"VL2440","OTB","1401:120:2","HKE",4163,0,0
"1402",2019,"VL2440","OTB","1401:120:2","NEP",11368,0,0
"1403",2019,"VL2440","OTB","1401:120:3","ARS",504,9686.14770615255,19.218547036017
"1404",2019,"VL2440","OTB","1401:120:3","DPS",4,0,0
"1405",2019,"VL2440","OTB","1401:120:3","HKE",210,0,0
"1406",2019,"VL2440","OTB","1401:120:3","MUR",2,0,0
"1407",2019,"VL2440","OTB","1401:120:4","ARA",13,0,0
"1408",2019,"VL2440","OTB","1401:120:4","ARS",513,9682.64368812323,18.8745490996554
"1409",2019,"VL2440","OTB","1401:120:4","DPS",622.5,0,0
"1410",2019,"VL2440","OTB","1401:120:4","HKE",205,0,0
"1411",2019,"VL2440","OTB","1401:120:4","NEP",503,0,0
"1412",2019,"VL2440","OTB","1401:121:1","ARS",66,9856.67658357988,149.343584599695
"1413",2019,"VL2440","OTB","1401:121:1","CTC",200,0,0
"1414",2019,"VL2440","OTB","1401:121:1","DPS",1350.33333333333,0,0
"1415",2019,"VL2440","OTB","1401:121:1","HKE",451.5,0,0
"1416",2019,"VL2440","OTB","1401:121:1","MUT",153.666666666667,0,0
"1417",2019,"VL2440","OTB","1401:121:1","NEP",66,0,0
"1418",2019,"VL2440","OTB","1401:121:2","CTC",2560,0,0
"1419",2019,"VL2440","OTB","1401:121:2","DPS",5080,0,0
"1420",2019,"VL2440","OTB","1401:121:2","HKE",4092.5,0,0
"1421",2019,"VL2440","OTB","1401:121:2","MUT",1908.25,0,0
"1422",2019,"VL2440","OTB","1401:130:1","DPS",125.5,0,0
"1423",2019,"VL2440","OTB","1401:130:1","MUR",26,0,0
"1424",2020,"VL1218","OTB","1400:219:2","DPS",10.25,76.1585,7.43009756097561
"1425",2020,"VL1218","OTB","1400:219:2","HKE",4.66666666666667,39.794,8.52728571428571
"1426",2020,"VL1218","OTB","1400:219:2","ILL",2,11.053,5.5265
"1427",2020,"VL1218","OTB","1400:219:2","MUR",1,3.062,3.062
"1428",2020,"VL1218","OTB","1400:219:2","NEP",17.75,342.35375,19.2875352112676
"1429",2020,"VL1218","OTB","1400:219:2","WHB",5.33333333333333,16.6216666666667,3.1165625
"1430",2020,"VL1218","OTB","1400:219:4","ARY",30.8,139.2048,4.51963636363636
"1431",2020,"VL1218","OTB","1400:219:4","BOG",8.5,4.24375,0.499264705882353
"1432",2020,"VL1218","OTB","1400:219:4","DAB",52.6,417.1508,7.93062357414449
"1433",2020,"VL1218","OTB","1400:219:4","DPS",116,864.9908,7.45681724137931
"1434",2020,"VL1218","OTB","1400:219:4","HKE",87.4,732.4566,8.38051029748284
"1435",2020,"VL1218","OTB","1400:219:4","HOM",11.5,13.29175,1.15580434782609
"1436",2020,"VL1218","OTB","1400:219:4","ILL",32,168.4546,5.26420625
"1437",2020,"VL1218","OTB","1400:219:4","MUR",27.3333333333333,110.594666666667,4.04614634146341
"1438",2020,"VL1218","OTB","1400:219:4","MUT",29,136.2258,4.69744137931034
"1439",2020,"VL1218","OTB","1400:219:4","NEP",290,5622.36825,19.3874767241379
"1440",2020,"VL1218","OTB","1400:219:4","ROL",65.6,131.5438,2.00524085365854
"1441",2020,"VL1218","OTB","1400:219:4","WHB",85.2,266.9574,3.13330281690141
"1442",2020,"VL1218","OTB","1400:229:2","ARY",156.6,708.284,4.52288633461047
"1443",2020,"VL1218","OTB","1400:229:2","BOG",29,14.432,0.497655172413793
"1444",2020,"VL1218","OTB","1400:229:2","DAB",268.4,2120.244,7.89956780923994
"1445",2020,"VL1218","OTB","1400:229:2","DPS",335.8,2502.2946,7.45174091721263
"1446",2020,"VL1218","OTB","1400:229:2","HKE",296.833333333333,2474.4685,8.33622178551376
"1447",2020,"VL1218","OTB","1400:229:2","HOM",55,63.7315,1.15875454545455
"1448",2020,"VL1218","OTB","1400:229:2","ILL",147,771.4324,5.24783945578231
"1449",2020,"VL1218","OTB","1400:229:2","MUR",116.285714285714,461.458857142857,3.96831941031941
"1450",2020,"VL1218","OTB","1400:229:2","MUT",147,693.4288,4.71720272108844
"1451",2020,"VL1218","OTB","1400:229:2","NEP",767.6,14423.466,18.790341323606
"1452",2020,"VL1218","OTB","1400:229:2","ROL",329.8,659.564,1.99989084293511
"1453",2020,"VL1218","OTB","1400:229:2","WHB",333.4,1048.868,3.14597480503899
"1454",2020,"VL1218","OTB","1400:229:4","ARY",145,656.0928,4.52477793103448
"1455",2020,"VL1218","OTB","1400:229:4","BOG",27.1666666666667,13.4033333333333,0.493374233128834
"1456",2020,"VL1218","OTB","1400:229:4","DAB",248.8,1964.531,7.89602491961415
"1457",2020,"VL1218","OTB","1400:229:4","DPS",758.142857142857,1654.69928571429,2.1825692481628
"1458",2020,"VL1218","OTB","1400:229:4","HKE",841.875,1718.35025,2.04109903489235
"1459",2020,"VL1218","OTB","1400:229:4","HOM",51.25,59.357,1.15818536585366
"1460",2020,"VL1218","OTB","1400:229:4","ILL",136.6,714.6756,5.23188579795022
"1461",2020,"VL1218","OTB","1400:229:4","MUR",116.125,372.7065,3.20952852529602
"1462",2020,"VL1218","OTB","1400:229:4","MUT",136,642.2618,4.72251323529412
"1463",2020,"VL1218","OTB","1400:229:4","NEP",1336.66666666667,11114.6283333333,8.31518329177057
"1464",2020,"VL1218","OTB","1400:229:4","ROL",305.8,611.2056,1.99871026814912
"1465",2020,"VL1218","OTB","1400:229:4","WHB",308.8,971.0394,3.14455764248705
"1466",2020,"VL1218","OTB","1400:237:4","ARA",16976.6666666667,22750.8057174338,1.34012207249757
"1467",2020,"VL1218","OTB","1400:237:4","DPS",1580,9456.45860853731,5.9851003851502
"1468",2020,"VL1218","OTB","1400:237:4","HKE",150.25,0,0
"1469",2020,"VL1218","OTB","1400:237:4","MUT",88,496.929333317962,5.64692424224957
"1470",2020,"VL1218","OTB","1400:237:4","NEP",562,9607.88980756099,17.0958893372971
"1471",2020,"VL1218","OTB","1400:238:3","ARA",1668.66666666667,2237.67609998684,1.34099646423502
"1472",2020,"VL1218","OTB","1400:238:3","CTC",17.5,0,0
"1473",2020,"VL1218","OTB","1400:238:3","DPS",26050.25,144286.669666309,5.53878253246357
"1474",2020,"VL1218","OTB","1400:238:3","HKE",552.25,0,0
"1475",2020,"VL1218","OTB","1400:238:3","HOM",1938,1967.9528725286,1.01545555858029
"1476",2020,"VL1218","OTB","1400:238:3","MUR",136,0,0
"1477",2020,"VL1218","OTB","1400:238:3","MUT",4314.75,24096.4132060263,5.58466034092968
"1478",2020,"VL1218","OTB","1400:238:3","NEP",958,14939.0122206536,15.5939584766739
"1479",2020,"VL1218","OTB","1400:238:3","OCC",1187.5,0,0
"1480",2020,"VL1218","OTB","1400:239:1","ARY",95.6,432.1082,4.51996025104603
"1481",2020,"VL1218","OTB","1400:239:1","BOG",18,8.84466666666667,0.49137037037037
"1482",2020,"VL1218","OTB","1400:239:1","DAB",164,1294.1156,7.8909487804878
"1483",2020,"VL1218","OTB","1400:239:1","DPS",204.8,1525.0598,7.4465810546875
"1484",2020,"VL1218","OTB","1400:239:1","HKE",216,1810.1584,8.38036296296296
"1485",2020,"VL1218","OTB","1400:239:1","HOM",34,39.25225,1.15447794117647
"1486",2020,"VL1218","OTB","1400:239:1","ILL",89.6,470.735,5.25373883928571
"1487",2020,"VL1218","OTB","1400:239:1","MUR",81,326.419833333333,4.02987448559671
"1488",2020,"VL1218","OTB","1400:239:1","MUT",89.6,422.9644,4.72058482142857
"1489",2020,"VL1218","OTB","1400:239:1","NEP",565.75,10965.9805,19.3830852850199
"1490",2020,"VL1218","OTB","1400:239:1","ROL",201.4,402.6656,1.99933267130089
"1491",2020,"VL1218","OTB","1400:239:1","WHB",203.4,639.2668,3.14290462143559
"1492",2020,"VL1218","OTB","1400:239:2","ARY",32.8,147.769,4.50515243902439
"1493",2020,"VL1218","OTB","1400:239:2","BOG",9,4.505,0.500555555555556
"1494",2020,"VL1218","OTB","1400:239:2","DAB",56,442.8146,7.90740357142857
"1495",2020,"VL1218","OTB","1400:239:2","DPS",138,434.049,3.14528260869565
"1496",2020,"VL1218","OTB","1400:239:2","HKE",514.777777777778,343.567,0.667408374703216
"1497",2020,"VL1218","OTB","1400:239:2","HOM",11.75,13.585,1.15617021276596
"1498",2020,"VL1218","OTB","1400:239:2","ILL",30.8,161.0228,5.22801298701299
"1499",2020,"VL1218","OTB","1400:239:2","MUR",22.5,83.056375,3.69139444444444
"1500",2020,"VL1218","OTB","1400:239:2","MUT",30.8,144.6068,4.69502597402597
"1501",2020,"VL1218","OTB","1400:239:2","NEP",970.5,1867.761875,1.92453567748583
"1502",2020,"VL1218","OTB","1400:239:2","ROL",69,137.8228,1.99743188405797
"1503",2020,"VL1218","OTB","1400:239:2","WHB",69.4,218.3392,3.14609798270893
"1504",2020,"VL1218","OTB","1400:239:3","ARA",1866.5,2502.77806035516,1.34089368355487
"1505",2020,"VL1218","OTB","1400:239:3","CTC",52,0,0
"1506",2020,"VL1218","OTB","1400:239:3","DPS",2126.5,12467.6542580739,5.86299283238838
"1507",2020,"VL1218","OTB","1400:239:3","HKE",386.25,0,0
"1508",2020,"VL1218","OTB","1400:239:3","MUT",394,2205.43872352291,5.59756021198708
"1509",2020,"VL1218","OTB","1400:239:3","NEP",5276.5,73076.5176270694,13.8494300439817
"1510",2020,"VL1218","OTB","1400:239:4","ARA",220,296.424002664653,1.34738183029388
"1511",2020,"VL1218","OTB","1400:239:4","CTC",3499.75,0,0
"1512",2020,"VL1218","OTB","1400:239:4","DPS",7764.75,43534.2121190063,5.60664697755965
"1513",2020,"VL1218","OTB","1400:239:4","HKE",693,0,0
"1514",2020,"VL1218","OTB","1400:239:4","MUT",9324.25,52066.275265607,5.58396388616854
"1515",2020,"VL1218","OTB","1400:239:4","NEP",13929,189560.19611011,13.6090312377134
"1516",2020,"VL1218","OTB","1400:239:4","OCC",1068.25,0,0
"1517",2020,"VL1218","OTB","1400:248:1","ARA",657,882.015696081449,1.34248964395959
"1518",2020,"VL1218","OTB","1400:248:1","CTC",25,0,0
"1519",2020,"VL1218","OTB","1400:248:1","DPS",12804,71300.3011893214,5.56859584421441
"1520",2020,"VL1218","OTB","1400:248:1","HKE",390.75,0,0
"1521",2020,"VL1218","OTB","1400:248:1","HOM",2749.5,2790.86152253337,1.01504328879192
"1522",2020,"VL1218","OTB","1400:248:1","MUR",143,0,0
"1523",2020,"VL1218","OTB","1400:248:1","MUT",10485.75,58551.3525751595,5.58389743939723
"1524",2020,"VL1218","OTB","1400:248:1","NEP",1683.5,24706.0054294888,14.6753819004982
"1525",2020,"VL1218","OTB","1400:248:1","OCC",615.5,0,0
"1526",2020,"VL1218","OTB","1400:248:2","ARA",816,1095.07995066559,1.34200974346273
"1527",2020,"VL1218","OTB","1400:248:2","DPS",2404,13996.6694323582,5.82224186038196
"1528",2020,"VL1218","OTB","1400:248:2","HKE",243.333333333333,0,0
"1529",2020,"VL1218","OTB","1400:248:2","MUT",175,982.682003082114,5.61532573189779
"1530",2020,"VL1218","OTB","1400:248:2","NEP",819.333333333333,13072.2218807155,15.9547053059994
"1531",2020,"VL1218","OTB","1400:248:2","OCC",36,0,0
"1532",2020,"VL1218","OTB","1400:249:1","ARA",77221.25,103480.159432207,1.34004771267244
"1533",2020,"VL1218","OTB","1400:249:1","CTC",24,0,0
"1534",2020,"VL1218","OTB","1400:249:1","DPS",26559.75,147093.996625941,5.53822971322927
"1535",2020,"VL1218","OTB","1400:249:1","HKE",4407.25,0,0
"1536",2020,"VL1218","OTB","1400:249:1","MUT",416.666666666667,2331.9949746492,5.59678793915809
"1537",2020,"VL1218","OTB","1400:249:1","NEP",7076.25,97305.526624452,13.7510018193891
"1538",2020,"VL1218","OTB","1400:249:1","OCC",90,0,0
"1539",2020,"VL1218","OTB","1400:249:2","ARA",96,130.26068462419,1.35688213150197
"1540",2020,"VL1218","OTB","1400:249:2","CTC",654.666666666667,0,0
"1541",2020,"VL1218","OTB","1400:249:2","DPS",1807.75,10711.3530443689,5.9252402402815
"1542",2020,"VL1218","OTB","1400:249:2","HKE",286,0,0
"1543",2020,"VL1218","OTB","1400:249:2","MUT",1740.25,9722.04253582164,5.58657809844657
"1544",2020,"VL1218","OTB","1400:249:2","NEP",4070.25,56837.4610341577,13.9641203941177
"1545",2020,"VL1218","OTB","1400:249:2","OCC",510,0,0
"1546",2020,"VL1218","OTB","1401:110:3","HKE",12,0,0
"1547",2020,"VL1218","OTB","1401:110:3","MUR",16,0,0
"1548",2020,"VL1218","OTB","1401:110:3","NEP",156,4142.1430911074,26.5521993019705
"1549",2020,"VL1218","OTB","1401:110:4","ARA",2669,3578.14953396381,1.34063302134275
"1550",2020,"VL1218","OTB","1401:110:4","DPS",2626.66666666667,15223.5548815137,5.79576962494178
"1551",2020,"VL1218","OTB","1401:110:4","HKE",1287.75,0,0
"1552",2020,"VL1218","OTB","1401:110:4","MUT",9.5,58.6352577261695,6.17213239222837
"1553",2020,"VL1218","OTB","1401:110:4","NEP",1646.25,24204.5298994694,14.7028275775061
"1554",2020,"VL1218","OTB","1401:110:4","OCC",38,0,0
"1555",2020,"VL1218","OTB","1401:111:3","ARA",8825,11827.3542586178,1.34021011429097
"1556",2020,"VL1218","OTB","1401:111:3","DPS",8655,48439.4580970483,5.5967022642459
"1557",2020,"VL1218","OTB","1401:111:3","HKE",4384.5,0,0
"1558",2020,"VL1218","OTB","1401:111:3","MUT",41.5,237.302906375053,5.71814232229043
"1559",2020,"VL1218","OTB","1401:111:3","NEP",4904.75,68071.859149627,13.8787622508032
"1560",2020,"VL1218","OTB","1401:111:3","OCC",134,0,0
"1561",2020,"VL1218","OTB","1401:113:1","CTC",146.9957407,0,0
"1562",2020,"VL1218","OTB","1401:113:1","DPS",287.150460233333,2332.90342161921,8.12432415996663
"1563",2020,"VL1218","OTB","1401:113:1","HKE",545.375513033333,0,0
"1564",2020,"VL1218","OTB","1401:113:1","MUT",3162.34189005,17662.0992282554,5.58513274096879
"1565",2020,"VL1218","OTB","1401:113:1","NEP",14.8735698,2242.23835595847,150.753207609815
"1566",2020,"VL1218","OTB","1401:113:1","OCC",694.5559644,0,0
"1567",2020,"VL1218","OTB","1401:120:1","DPS",1931.33333333333,11392.2928351988,5.89866732923653
"1568",2020,"VL1218","OTB","1401:120:1","HKE",2809.66666666667,0,0
"1569",2020,"VL1218","OTB","1401:120:1","HOM",180,185.237645531207,1.02909803072893
"1570",2020,"VL1218","OTB","1401:120:1","MUR",72,0,0
"1571",2020,"VL1218","OTB","1401:120:1","MUT",1411,7883.71993214524,5.58732808798387
"1572",2020,"VL1218","OTB","1401:120:1","NEP",4688.5,65160.608589447,13.8979649332296
"1573",2020,"VL1218","OTB","1401:120:1","OCC",155,0,0
"1574",2020,"VL1218","OTB","1401:120:2","ARA",5664,7591.52967534436,1.34031244268086
"1575",2020,"VL1218","OTB","1401:120:2","DPS",13574.5,75545.7289074694,5.56526788518689
"1576",2020,"VL1218","OTB","1401:120:2","HKE",12656,0,0
"1577",2020,"VL1218","OTB","1401:120:2","HOM",130,134.53470960978,1.03488238161369
"1578",2020,"VL1218","OTB","1401:120:2","MUR",4,0,0
"1579",2020,"VL1218","OTB","1401:120:2","MUT",148,831.931174534618,5.62115658469337
"1580",2020,"VL1218","OTB","1401:120:2","NEP",11632.5,158643.724843274,13.6379733370534
"1581",2020,"VL1218","OTB","1401:120:2","OCC",335.333333333333,0,0
"1582",2020,"VL1218","OTB","1401:120:3","CTC",247,0,0
"1583",2020,"VL1218","OTB","1401:120:3","DPS",5419.5,30611.9676595815,5.64848559084446
"1584",2020,"VL1218","OTB","1401:120:3","HKE",6627,0,0
"1585",2020,"VL1218","OTB","1401:120:3","HOM",3427.5,3478.39333362793,1.01484852914017
"1586",2020,"VL1218","OTB","1401:120:3","MUT",7104.5,39672.6029815958,5.58415130995789
"1587",2020,"VL1218","OTB","1401:120:3","OCC",1512,0,0
"1588",2020,"VL1218","OTB","1401:120:4","CTC",1965.5,0,0
"1589",2020,"VL1218","OTB","1401:120:4","DPS",17472.5,97023.5708871466,5.55293008368273
"1590",2020,"VL1218","OTB","1401:120:4","HKE",35738.5,0,0
"1591",2020,"VL1218","OTB","1401:120:4","HOM",8152.5,8269.82077820284,1.01439077316196
"1592",2020,"VL1218","OTB","1401:120:4","MUR",46,0,0
"1593",2020,"VL1218","OTB","1401:120:4","MUT",29276,163464.158357181,5.58355507436743
"1594",2020,"VL1218","OTB","1401:120:4","OCC",8104.5,0,0
"1595",2020,"VL1218","OTB","1401:121:1","ARA",5530,7411.96608971999,1.34031936522966
"1596",2020,"VL1218","OTB","1401:121:1","CTC",1680,0,0
"1597",2020,"VL1218","OTB","1401:121:1","DPS",32124,177752.817107064,5.53333386586553
"1598",2020,"VL1218","OTB","1401:121:1","HKE",33341,0,0
"1599",2020,"VL1218","OTB","1401:121:1","HOM",552.5,562.974518145843,1.01895840388388
"1600",2020,"VL1218","OTB","1401:121:1","MUR",875,0,0
"1601",2020,"VL1218","OTB","1401:121:1","MUT",20800,116139.564921308,5.58363292890903
"1602",2020,"VL1218","OTB","1401:121:1","NEP",16128.75,219174.17724193,13.5890367971436
"1603",2020,"VL1218","OTB","1401:121:1","OCC",12670.75,0,0
"1604",2020,"VL1218","OTB","1401:121:2","CTC",28,0,0
"1605",2020,"VL1218","OTB","1401:121:2","DPS",64,1103.35228704154,17.239879485024
"1606",2020,"VL1218","OTB","1401:121:2","HKE",135.5,0,0
"1607",2020,"VL1218","OTB","1401:121:2","MUR",3,0,0
"1608",2020,"VL1218","OTB","1401:121:2","MUT",188,1055.26573534572,5.61311561354108
"1609",2020,"VL1218","OTB","1401:121:2","OCC",44.5,0,0
"1610",2020,"VL1218","OTB","1401:121:3","DPS",180,1742.50817971536,9.68060099841865
"1611",2020,"VL1218","OTB","1401:130:1","CTC",889.5,0,0
"1612",2020,"VL1218","OTB","1401:130:1","DPS",1267,7731.83969123641,6.10247805148888
"1613",2020,"VL1218","OTB","1401:130:1","HKE",2680,0,0
"1614",2020,"VL1218","OTB","1401:130:1","MUR",1,0,0
"1615",2020,"VL1218","OTB","1401:130:1","MUT",2632.5,14703.7990829143,5.58548873045179
"1616",2020,"VL1218","OTB","1401:130:1","NEP",98,3361.32213161404,34.299205424633
"1617",2020,"VL1218","OTB","1401:130:1","OCC",305,0,0
"1618",2020,"VL1218","OTB","1401:130:3","CTC",3334.33333333333,0,0
"1619",2020,"VL1218","OTB","1401:130:3","DPS",2761,15963.7267917078,5.78186410420422
"1620",2020,"VL1218","OTB","1401:130:3","HKE",579.5,0,0
"1621",2020,"VL1218","OTB","1401:130:3","HOM",511,520.891081331058,1.01935632354414
"1622",2020,"VL1218","OTB","1401:130:3","MUT",377.333333333333,2112.38265651828,5.59818725225693
"1623",2020,"VL1218","OTB","1401:130:3","NEP",185,4532.55357085409,24.5002895721843
"1624",2020,"VL1218","OTB","1401:130:3","OCC",558,0,0
"1625",2020,"VL1824","OTB","1400:219:2","DPS",7272.91666666667,0,0
"1626",2020,"VL1824","OTB","1400:219:2","HKE",9968.08333333333,0,0
"1627",2020,"VL1824","OTB","1400:219:2","MUR",183,948.820091214005,5.18480924160658
"1628",2020,"VL1824","OTB","1400:219:2","MUT",2501.71428571429,0,0
"1629",2020,"VL1824","OTB","1400:219:2","NEP",7873.18181818182,0,0
"1630",2020,"VL1824","OTB","1400:219:4","DPS",372.833333333333,8.94783333333333,0.0239995529727313
"1631",2020,"VL1824","OTB","1400:219:4","HKE",427.714285714286,16.3105714285714,0.0381342685370741
"1632",2020,"VL1824","OTB","1400:219:4","HOM",1,0.523,0.523
"1633",2020,"VL1824","OTB","1400:219:4","MUR",4,17.3755,4.343875
"1634",2020,"VL1824","OTB","1400:219:4","MUT",255,1.542,0.00604705882352941
"1635",2020,"VL1824","OTB","1400:219:4","NEP",554.833333333333,119.121833333333,0.214698407930309
"1636",2020,"VL1824","OTB","1400:229:2","DPS",31,231.714,7.47464516129032
"1637",2020,"VL1824","OTB","1400:229:2","HKE",59,519.324,8.80210169491525
"1638",2020,"VL1824","OTB","1400:229:2","HOM",2,2.096,1.048
"1639",2020,"VL1824","OTB","1400:229:2","MUR",21.5,94.816,4.41004651162791
"1640",2020,"VL1824","OTB","1400:229:2","MUT",2,11.896,5.948
"1641",2020,"VL1824","OTB","1400:229:2","NEP",162,3273.066,20.2041111111111
"1642",2020,"VL1824","OTB","1400:229:4","DPS",29,217.31,7.49344827586207
"1643",2020,"VL1824","OTB","1400:229:4","HKE",55,485.365,8.82481818181818
"1644",2020,"VL1824","OTB","1400:229:4","HOM",2,1.875,0.9375
"1645",2020,"VL1824","OTB","1400:229:4","MUR",19.5,86.341,4.42774358974359
"1646",2020,"VL1824","OTB","1400:229:4","MUT",2,10.9835,5.49175
"1647",2020,"VL1824","OTB","1400:229:4","NEP",152,3058.091,20.1190197368421
"1648",2020,"VL1824","OTB","1400:239:1","DPS",19,144.445,7.60236842105263
"1649",2020,"VL1824","OTB","1400:239:1","HKE",36,321.8,8.93888888888889
"1650",2020,"VL1824","OTB","1400:239:1","HOM",1.5,1.202,0.801333333333333
"1651",2020,"VL1824","OTB","1400:239:1","MUR",13,56.1275,4.3175
"1652",2020,"VL1824","OTB","1400:239:1","MUT",1.5,7.216,4.81066666666667
"1653",2020,"VL1824","OTB","1400:239:1","NEP",101,2027.074,20.0700396039604
"1654",2020,"VL1824","OTB","1400:239:2","DPS",7,50.741,7.24871428571429
"1655",2020,"VL1824","OTB","1400:239:2","HKE",24.5,56.1085,2.29014285714286
"1656",2020,"VL1824","OTB","1400:239:2","HOM",1,0.555,0.555
"1657",2020,"VL1824","OTB","1400:239:2","MUR",4,18.4445,4.611125
"1658",2020,"VL1824","OTB","1400:239:2","MUT",88.5,1.8415,0.0208079096045198
"1659",2020,"VL1824","OTB","1400:239:2","NEP",1217,235.468,0.193482333607231
"1660",2020,"VL1824","OTB","1400:239:3","DPS",84,0,0
"1661",2020,"VL1824","OTB","1400:239:3","HKE",2689.33333333333,0,0
"1662",2020,"VL1824","OTB","1400:239:3","MUT",302,0,0
"1663",2020,"VL1824","OTB","1400:239:3","NEP",6831.25,0,0
"1664",2020,"VL1824","OTB","1400:239:4","DPS",1538.66666666667,0,0
"1665",2020,"VL1824","OTB","1400:239:4","HKE",7209.5,0,0
"1666",2020,"VL1824","OTB","1400:239:4","HOM",160,146.622521499067,0.916390759369167
"1667",2020,"VL1824","OTB","1400:239:4","MUT",6299.75,0,0
"1668",2020,"VL1824","OTB","1400:239:4","NEP",18865.5,0,0
"1669",2020,"VL1824","OTB","1400:248:2","DPS",167,0,0
"1670",2020,"VL1824","OTB","1400:248:2","HKE",271.666666666667,0,0
"1671",2020,"VL1824","OTB","1400:248:2","HOM",178,163.145578078758,0.916548191453697
"1672",2020,"VL1824","OTB","1400:248:2","MUR",84,435.783123848222,5.18789433152646
"1673",2020,"VL1824","OTB","1400:248:2","MUT",619,0,0
"1674",2020,"VL1824","OTB","1400:248:2","NEP",210,0,0
"1675",2020,"VL1824","OTB","1400:249:1","DPS",2745.75,0,0
"1676",2020,"VL1824","OTB","1400:249:1","HKE",2388.25,0,0
"1677",2020,"VL1824","OTB","1400:249:1","HOM",211,193.437848474859,0.916767054383218
"1678",2020,"VL1824","OTB","1400:249:1","MUR",132,684.528320146783,5.1858206071726
"1679",2020,"VL1824","OTB","1400:249:1","MUT",1814,0,0
"1680",2020,"VL1824","OTB","1400:249:1","NEP",2455.5,0,0
"1681",2020,"VL1824","OTB","1400:249:2","DPS",401.333333333333,0,0
"1682",2020,"VL1824","OTB","1400:249:2","HKE",1895.66666666667,0,0
"1683",2020,"VL1824","OTB","1400:249:2","HOM",5,4.3406453961686,0.868129079233721
"1684",2020,"VL1824","OTB","1400:249:2","MUT",1609.25,0,0
"1685",2020,"VL1824","OTB","1400:249:2","NEP",3426.5,0,0
"1686",2020,"VL1824","OTB","1401:110:1","DPS",975.25,0,0
"1687",2020,"VL1824","OTB","1401:110:1","HKE",1040,0,0
"1688",2020,"VL1824","OTB","1401:110:1","MUT",45,0,0
"1689",2020,"VL1824","OTB","1401:110:1","NEP",1283.5,0,0
"1690",2020,"VL1824","OTB","1401:110:3","DPS",105,0,0
"1691",2020,"VL1824","OTB","1401:110:3","HKE",273.5,0,0
"1692",2020,"VL1824","OTB","1401:110:3","NEP",728.5,0,0
"1693",2020,"VL1824","OTB","1401:110:4","DPS",2127.5,0,0
"1694",2020,"VL1824","OTB","1401:110:4","HKE",846.5,0,0
"1695",2020,"VL1824","OTB","1401:110:4","HOM",27,24.5354923269025,0.908721938033427
"1696",2020,"VL1824","OTB","1401:110:4","MUR",33,171.491352781001,5.19670766003034
"1697",2020,"VL1824","OTB","1401:110:4","MUT",98.6666666666667,0,0
"1698",2020,"VL1824","OTB","1401:110:4","NEP",1883,0,0
"1699",2020,"VL1824","OTB","1401:111:3","DPS",25116,0,0
"1700",2020,"VL1824","OTB","1401:111:3","HKE",24035.25,0,0
"1701",2020,"VL1824","OTB","1401:111:3","HOM",1261,1157.28281562352,0.917750052040859
"1702",2020,"VL1824","OTB","1401:111:3","MUR",9,47.1187546317206,5.23541718130229
"1703",2020,"VL1824","OTB","1401:111:3","MUT",31.6666666666667,0,0
"1704",2020,"VL1824","OTB","1401:111:3","NEP",18815.5,0,0
"1705",2020,"VL1824","OTB","1401:111:4","DPS",28408.25,0,0
"1706",2020,"VL1824","OTB","1401:111:4","HKE",16572.25,0,0
"1707",2020,"VL1824","OTB","1401:111:4","HOM",230.333333333333,211.184835171565,0.916866144015476
"1708",2020,"VL1824","OTB","1401:111:4","MUR",126.75,657.321814301628,5.18597092151186
"1709",2020,"VL1824","OTB","1401:111:4","MUT",4891,0,0
"1710",2020,"VL1824","OTB","1401:111:4","NEP",8634,0,0
"1711",2020,"VL1824","OTB","1401:112:1","DPS",11156.056353425,0,0
"1712",2020,"VL1824","OTB","1401:112:1","HKE",9802.536007125,0,0
"1713",2020,"VL1824","OTB","1401:112:1","HOM",482.414311571429,442.581961065565,0.917431242087091
"1714",2020,"VL1824","OTB","1401:112:1","MUR",39.031994625,202.750304594907,5.19446435015252
"1715",2020,"VL1824","OTB","1401:112:1","MUT",11025.629105275,0,0
"1716",2020,"VL1824","OTB","1401:112:1","NEP",2318.1796052625,0,0
"1717",2020,"VL1824","OTB","1401:112:2","DPS",8893.80989065,0,0
"1718",2020,"VL1824","OTB","1401:112:2","HKE",18762.223503875,0,0
"1719",2020,"VL1824","OTB","1401:112:2","HOM",1912.898711725,1755.69166551575,0.917817370441175
"1720",2020,"VL1824","OTB","1401:112:2","MUR",935.6900873375,4849.40433135458,5.18270354359906
"1721",2020,"VL1824","OTB","1401:112:2","MUT",31873.170859325,0,0
"1722",2020,"VL1824","OTB","1401:112:2","NEP",234.25792225,0,0
"1723",2020,"VL1824","OTB","1401:112:3","DPS",23729.75,0,0
"1724",2020,"VL1824","OTB","1401:112:3","HKE",28879,0,0
"1725",2020,"VL1824","OTB","1401:112:3","HOM",1481.25,1359.4607718278,0.91777942401877
"1726",2020,"VL1824","OTB","1401:112:3","MUR",423,2192.54607270681,5.18332404895227
"1727",2020,"VL1824","OTB","1401:112:3","MUT",41325.25,0,0
"1728",2020,"VL1824","OTB","1401:112:3","NEP",1802,0,0
"1729",2020,"VL1824","OTB","1401:112:4","DPS",454.666666666667,0,0
"1730",2020,"VL1824","OTB","1401:112:4","HKE",515.666666666667,0,0
"1731",2020,"VL1824","OTB","1401:112:4","HOM",13.3333333333333,11.9902086275072,0.899265647063041
"1732",2020,"VL1824","OTB","1401:112:4","MUR",13,67.847520989934,5.21904007614877
"1733",2020,"VL1824","OTB","1401:112:4","MUT",847.75,0,0
"1734",2020,"VL1824","OTB","1401:112:4","NEP",60.5,0,0
"1735",2020,"VL1824","OTB","1401:113:1","DPS",620.611498525,0,0
"1736",2020,"VL1824","OTB","1401:113:1","HKE",683.760986775,0,0
"1737",2020,"VL1824","OTB","1401:113:1","HOM",115.62886045,105.892140982954,0.91579334580352
"1738",2020,"VL1824","OTB","1401:113:1","MUR",255.560388875,1324.84192817675,5.18406602059429
"1739",2020,"VL1824","OTB","1401:113:1","MUT",1162.629500575,0,0
"1740",2020,"VL1824","OTB","1401:113:1","NEP",31.667529125,0,0
"1741",2020,"VL1824","OTB","1401:120:1","DPS",4637.33333333333,0,0
"1742",2020,"VL1824","OTB","1401:120:1","HKE",8679.75,0,0
"1743",2020,"VL1824","OTB","1401:120:1","HOM",508.666666666667,466.680247098274,0.917457890756764
"1744",2020,"VL1824","OTB","1401:120:1","MUT",97,0,0
"1745",2020,"VL1824","OTB","1401:120:1","NEP",16258.6666666667,0,0
"1746",2020,"VL1824","OTB","1401:120:2","DPS",15871.75,0,0
"1747",2020,"VL1824","OTB","1401:120:2","HKE",22526.5,0,0
"1748",2020,"VL1824","OTB","1401:120:2","HOM",2600.66666666667,2387.02660069352,0.917851807495585
"1749",2020,"VL1824","OTB","1401:120:2","MUR",177,917.726941676685,5.18489797557449
"1750",2020,"VL1824","OTB","1401:120:2","MUT",3026,0,0
"1751",2020,"VL1824","OTB","1401:120:2","NEP",24741.5,0,0
"1752",2020,"VL1824","OTB","1401:120:3","HKE",540,0,0
"1753",2020,"VL1824","OTB","1401:120:4","DPS",1842.25,0,0
"1754",2020,"VL1824","OTB","1401:120:4","HKE",2270.5,0,0
"1755",2020,"VL1824","OTB","1401:120:4","HOM",831.5,763.024326680332,0.91764801765524
"1756",2020,"VL1824","OTB","1401:120:4","MUR",4,21.2077966839538,5.30194917098845
"1757",2020,"VL1824","OTB","1401:120:4","MUT",528.75,0,0
"1758",2020,"VL1824","OTB","1401:121:1","DPS",190564.75,0,0
"1759",2020,"VL1824","OTB","1401:121:1","HKE",144182.75,0,0
"1760",2020,"VL1824","OTB","1401:121:1","HOM",4955.66666666667,4548.79316986981,0.917897323576338
"1761",2020,"VL1824","OTB","1401:121:1","MUR",1717.5,8900.89308538363,5.18247050095117
"1762",2020,"VL1824","OTB","1401:121:1","MUT",79974.25,0,0
"1763",2020,"VL1824","OTB","1401:121:1","NEP",31674.5,0,0
"1764",2020,"VL1824","OTB","1401:121:2","DPS",267750.75,0,0
"1765",2020,"VL1824","OTB","1401:121:2","HKE",157910,0,0
"1766",2020,"VL1824","OTB","1401:121:2","HOM",9275,8513.71478393724,0.917920731421805
"1767",2020,"VL1824","OTB","1401:121:2","MUR",1570,8136.51982592451,5.18249670441052
"1768",2020,"VL1824","OTB","1401:121:2","MUT",48053.25,0,0
"1769",2020,"VL1824","OTB","1401:121:2","NEP",5480.33333333333,0,0
"1770",2020,"VL1824","OTB","1401:121:3","DPS",369.333333333333,0,0
"1771",2020,"VL1824","OTB","1401:121:3","HKE",378,0,0
"1772",2020,"VL1824","OTB","1401:121:3","HOM",108,98.8892469355138,0.915641175328831
"1773",2020,"VL1824","OTB","1401:121:3","MUR",8,41.9365630421672,5.2420703802709
"1774",2020,"VL1824","OTB","1401:121:3","MUT",234.666666666667,0,0
"1775",2020,"VL1824","OTB","1401:130:3","DPS",1702.5,0,0
"1776",2020,"VL1824","OTB","1401:130:3","HKE",945.5,0,0
"1777",2020,"VL1824","OTB","1401:130:3","HOM",13,11.6842260982537,0.89878662294259
"1778",2020,"VL1824","OTB","1401:130:3","MUT",1750.66666666667,0,0
"1779",2020,"VL1824","OTB","1401:130:3","NEP",1975,0,0
"1780",2020,"VL2440","OTB","1400:219:2","ANE",6.2,5.6832,0.916645161290323
"1781",2020,"VL2440","OTB","1400:219:2","ARA",22655.4166666667,0,0
"1782",2020,"VL2440","OTB","1400:219:2","ARS",26449.5,-415.352269396752,-0.0157035962644569
"1783",2020,"VL2440","OTB","1400:219:2","ARY",36.7142857142857,176.907,4.81847859922179
"1784",2020,"VL2440","OTB","1400:219:2","BOG",36.75,14.511875,0.394880952380952
"1785",2020,"VL2440","OTB","1400:219:2","CTC",578.4,3.3222,0.00574377593360996
"1786",2020,"VL2440","OTB","1400:219:2","DPS",17017.3333333333,0,0
"1787",2020,"VL2440","OTB","1400:219:2","HKE",4633.45,243.17895,0.0524833439445769
"1788",2020,"VL2440","OTB","1400:219:2","HOM",48.875,47.9405,0.980879795396419
"1789",2020,"VL2440","OTB","1400:219:2","ILL",33.75,169.527,5.02302222222222
"1790",2020,"VL2440","OTB","1400:219:2","MAC",65.4,166.6836,2.54867889908257
"1791",2020,"VL2440","OTB","1400:219:2","MUR",1235.46666666667,49.4258,0.040005773796676
"1792",2020,"VL2440","OTB","1400:219:2","MUT",1127.83333333333,12.1915,0.0108096645485444
"1793",2020,"VL2440","OTB","1400:219:2","NEP",16811.8888888889,453.582611111111,0.0269798720482199
"1794",2020,"VL2440","OTB","1400:219:2","PIL",22,20.6006666666667,0.936393939393939
"1795",2020,"VL2440","OTB","1400:219:2","SPC",38.4,17.5322,0.456567708333333
"1796",2020,"VL2440","OTB","1400:219:4","ANE",38.2,34.916,0.914031413612565
"1797",2020,"VL2440","OTB","1400:219:4","ARA",4480.5,0,0
"1798",2020,"VL2440","OTB","1400:219:4","ARS",3744,8424.70121559428,2.25018729048992
"1799",2020,"VL2440","OTB","1400:219:4","ARY",237,1140.18728571429,4.81091681735986
"1800",2020,"VL2440","OTB","1400:219:4","BOG",230.25,90.654625,0.393722584147666
"1801",2020,"VL2440","OTB","1400:219:4","CTC",5,51.0265,10.2053
"1802",2020,"VL2440","OTB","1400:219:4","DPS",2698.875,0,0
"1803",2020,"VL2440","OTB","1400:219:4","HKE",481.133333333333,2040.78106666667,4.24161230428156
"1804",2020,"VL2440","OTB","1400:219:4","HOM",337.111111111111,278.044444444444,0.824785761371127
"1805",2020,"VL2440","OTB","1400:219:4","ILL",213.125,1069.23825,5.01695366568915
"1806",2020,"VL2440","OTB","1400:219:4","MAC",337.5,858.873,2.54480888888889
"1807",2020,"VL2440","OTB","1400:219:4","MUR",131.125,577.636,4.4052316491897
"1808",2020,"VL2440","OTB","1400:219:4","MUT",41.2,208.9216,5.07091262135922
"1809",2020,"VL2440","OTB","1400:219:4","NEP",3771.57142857143,3677.84371428571,0.975148895875156
"1810",2020,"VL2440","OTB","1400:219:4","PIL",134.666666666667,126.5425,0.93967202970297
"1811",2020,"VL2440","OTB","1400:219:4","SPC",242.2,109.7588,0.453174236168456
"1812",2020,"VL2440","OTB","1400:229:2","ARA",3219.5,0,0
"1813",2020,"VL2440","OTB","1400:229:2","ARS",29736.5,-1695.09752077485,-0.0570039352571706
"1814",2020,"VL2440","OTB","1400:229:2","ARY",90.5,434.7525,4.80389502762431
"1815",2020,"VL2440","OTB","1400:229:2","BOG",36,13.81925,0.383868055555555
"1816",2020,"VL2440","OTB","1400:229:2","DPS",6062.5,0,0
"1817",2020,"VL2440","OTB","1400:229:2","HKE",1925.57142857143,558.916428571429,0.290260034127161
"1818",2020,"VL2440","OTB","1400:229:2","HOM",172.25,167.19625,0.970660377358491
"1819",2020,"VL2440","OTB","1400:229:2","ILL",54,272.0845,5.03860185185185
"1820",2020,"VL2440","OTB","1400:229:2","MAC",28.5,71.618,2.51291228070175
"1821",2020,"VL2440","OTB","1400:229:2","MUR",23,101.972333333333,4.43357971014493
"1822",2020,"VL2440","OTB","1400:229:2","MUT",29,150.02325,5.17321551724138
"1823",2020,"VL2440","OTB","1400:229:2","NEP",15101.7142857143,1043.044,0.0690679203874678
"1824",2020,"VL2440","OTB","1400:229:2","SPC",35,15.9446666666667,0.455561904761905
"1825",2020,"VL2440","OTB","1400:229:4","ARA",2279.5,0,0
"1826",2020,"VL2440","OTB","1400:229:4","ARS",23124,879.382392440146,0.038028991197031
"1827",2020,"VL2440","OTB","1400:229:4","ARY",86.25,414.232,4.80268985507246
"1828",2020,"VL2440","OTB","1400:229:4","BOG",34.5,13.167,0.381652173913043
"1829",2020,"VL2440","OTB","1400:229:4","DPS",34944.5,0,0
"1830",2020,"VL2440","OTB","1400:229:4","HKE",2633.16666666667,621.291666666667,0.235948477751756
"1831",2020,"VL2440","OTB","1400:229:4","HOM",164,159.30475,0.971370426829268
"1832",2020,"VL2440","OTB","1400:229:4","ILL",51.25,259.242,5.05838048780488
"1833",2020,"VL2440","OTB","1400:229:4","MAC",27,68.238,2.52733333333333
"1834",2020,"VL2440","OTB","1400:229:4","MUR",22,97.159,4.41631818181818
"1835",2020,"VL2440","OTB","1400:229:4","MUT",27.75,142.942,5.15106306306306
"1836",2020,"VL2440","OTB","1400:229:4","NEP",8196.66666666667,1159.44816666667,0.141453619357462
"1837",2020,"VL2440","OTB","1400:229:4","SPC",33.3333333333333,15.1916666666667,0.45575
"1838",2020,"VL2440","OTB","1400:237:2","ARY",1,3.059,3.059
"1839",2020,"VL2440","OTB","1400:237:2","HKE",6,52.008,8.668
"1840",2020,"VL2440","OTB","1400:237:2","ILL",1,6.95,6.95
"1841",2020,"VL2440","OTB","1400:237:2","NEP",6,112.846,18.8076666666667
"1842",2020,"VL2440","OTB","1400:238:1","ARY",1,4.395,4.395
"1843",2020,"VL2440","OTB","1400:238:1","HKE",9,74.722,8.30244444444444
"1844",2020,"VL2440","OTB","1400:238:1","ILL",2,9.986,4.993
"1845",2020,"VL2440","OTB","1400:238:1","NEP",9,162.13,18.0144444444444
"1846",2020,"VL2440","OTB","1400:238:2","ARY",1,4.395,4.395
"1847",2020,"VL2440","OTB","1400:238:2","HKE",9,74.722,8.30244444444444
"1848",2020,"VL2440","OTB","1400:238:2","ILL",2,9.986,4.993
"1849",2020,"VL2440","OTB","1400:238:2","NEP",9,162.13,18.0144444444444
"1850",2020,"VL2440","OTB","1400:239:1","ARY",58,278.94575,4.80940948275862
"1851",2020,"VL2440","OTB","1400:239:1","BOG",23.5,8.8605,0.377042553191489
"1852",2020,"VL2440","OTB","1400:239:1","HKE",73.25,633.61475,8.65003071672355
"1853",2020,"VL2440","OTB","1400:239:1","HOM",110.5,107.13175,0.969518099547511
"1854",2020,"VL2440","OTB","1400:239:1","ILL",34.75,175.238,5.04282014388489
"1855",2020,"VL2440","OTB","1400:239:1","MAC",18.5,45.886,2.48032432432432
"1856",2020,"VL2440","OTB","1400:239:1","MUR",14.6666666666667,65.3696666666667,4.45702272727273
"1857",2020,"VL2440","OTB","1400:239:1","MUT",24.6666666666667,127.526666666667,5.17
"1858",2020,"VL2440","OTB","1400:239:1","NEP",84.6666666666667,1579.01766666667,18.6498149606299
"1859",2020,"VL2440","OTB","1400:239:1","SPC",22.6666666666667,10.2333333333333,0.451470588235294
"1860",2020,"VL2440","OTB","1400:239:2","ARY",21.25,101.396,4.77157647058824
"1861",2020,"VL2440","OTB","1400:239:2","BOG",8.25,3.218,0.390060606060606
"1862",2020,"VL2440","OTB","1400:239:2","HKE",27,233.1105,8.63372222222222
"1863",2020,"VL2440","OTB","1400:239:2","HOM",40,38.87525,0.97188125
"1864",2020,"VL2440","OTB","1400:239:2","ILL",12.5,64.005,5.1204
"1865",2020,"VL2440","OTB","1400:239:2","MAC",6.5,16.649,2.56138461538462
"1866",2020,"VL2440","OTB","1400:239:2","MUR",5.33333333333333,23.7353333333333,4.450375
"1867",2020,"VL2440","OTB","1400:239:2","MUT",9,46.2733333333333,5.14148148148148
"1868",2020,"VL2440","OTB","1400:239:2","NEP",31,582.039333333333,18.7754623655914
"1869",2020,"VL2440","OTB","1400:239:2","SPC",8.33333333333333,3.72133333333333,0.44656
"1870",2020,"VL2440","OTB","1400:239:4","DPS",2178,0,0
"1871",2020,"VL2440","OTB","1401:110:1","ARA",8602.4,0,0
"1872",2020,"VL2440","OTB","1401:110:1","ARS",5079,7904.93854124388,1.55639664131598
"1873",2020,"VL2440","OTB","1401:110:1","DPS",1270,0,0
"1874",2020,"VL2440","OTB","1401:110:1","HKE",5015.6,0,0
"1875",2020,"VL2440","OTB","1401:110:1","HOM",9,10.6087925365725,1.17875472628583
"1876",2020,"VL2440","OTB","1401:110:1","MUR",188.75,0,0
"1877",2020,"VL2440","OTB","1401:110:1","MUT",170,0,0
"1878",2020,"VL2440","OTB","1401:110:1","NEP",2074.6,0,0
"1879",2020,"VL2440","OTB","1401:110:3","ARA",8070.5,0,0
"1880",2020,"VL2440","OTB","1401:110:3","ARS",43495.25,-7051.86508311087,-0.162129544791922
"1881",2020,"VL2440","OTB","1401:110:3","DPS",9569.5,0,0
"1882",2020,"VL2440","OTB","1401:110:3","HKE",3929.25,0,0
"1883",2020,"VL2440","OTB","1401:110:3","HOM",297,285.22280634348,0.960346149304646
"1884",2020,"VL2440","OTB","1401:110:3","NEP",32658.25,0,0
"1885",2020,"VL2440","OTB","1401:111:4","ANE",639,620.909139384401,0.971688794028797
"1886",2020,"VL2440","OTB","1401:111:4","DPS",2326.25,0,0
"1887",2020,"VL2440","OTB","1401:111:4","HKE",3018.5,0,0
"1888",2020,"VL2440","OTB","1401:111:4","HOM",632,604.652301570264,0.956728325269406
"1889",2020,"VL2440","OTB","1401:111:4","MUT",1476.33333333333,0,0
"1890",2020,"VL2440","OTB","1401:112:1","CTC",1252.33333333333,0,0
"1891",2020,"VL2440","OTB","1401:112:1","DPS",1627.25,0,0
"1892",2020,"VL2440","OTB","1401:112:1","HKE",1981.25,0,0
"1893",2020,"VL2440","OTB","1401:112:1","HOM",121.5,117.879891679896,0.97020486979338
"1894",2020,"VL2440","OTB","1401:112:1","MUR",883,0,0
"1895",2020,"VL2440","OTB","1401:112:1","MUT",4219.25,0,0
"1896",2020,"VL2440","OTB","1401:112:2","CTC",1126.956133625,0,0
"1897",2020,"VL2440","OTB","1401:112:2","DPS",4337.84800856667,0,0
"1898",2020,"VL2440","OTB","1401:112:2","HKE",6738.37225101429,0,0
"1899",2020,"VL2440","OTB","1401:112:2","HOM",164.5,158.881289574677,0.965843705621137
"1900",2020,"VL2440","OTB","1401:112:2","MUR",710.64328784,0,0
"1901",2020,"VL2440","OTB","1401:112:2","MUT",10053.1263772714,0,0
"1902",2020,"VL2440","OTB","1401:112:3","CTC",1482,0,0
"1903",2020,"VL2440","OTB","1401:112:3","DPS",674,0,0
"1904",2020,"VL2440","OTB","1401:112:3","HKE",5046,0,0
"1905",2020,"VL2440","OTB","1401:112:3","HOM",612,585.581883944785,0.956833143700629
"1906",2020,"VL2440","OTB","1401:112:3","MUR",499,0,0
"1907",2020,"VL2440","OTB","1401:112:3","MUT",6254.5,0,0
"1908",2020,"VL2440","OTB","1401:112:4","CTC",25,0,0
"1909",2020,"VL2440","OTB","1401:112:4","HKE",20,0,0
"1910",2020,"VL2440","OTB","1401:112:4","HOM",18,19.1904804680384,1.06613780377991
"1911",2020,"VL2440","OTB","1401:112:4","MUR",46,0,0
"1912",2020,"VL2440","OTB","1401:112:4","MUT",60.5,0,0
"1913",2020,"VL2440","OTB","1401:113:1","CTC",1.9658284,0,0
"1914",2020,"VL2440","OTB","1401:113:1","DPS",4.0822791,0,0
"1915",2020,"VL2440","OTB","1401:113:1","MUT",4.9728059,0,0
"1916",2020,"VL2440","OTB","1401:120:1","ARA",5976.25,0,0
"1917",2020,"VL2440","OTB","1401:120:1","ARS",49581.75,-9421.55460927844,-0.190020614626923
"1918",2020,"VL2440","OTB","1401:120:1","DPS",4902.75,0,0
"1919",2020,"VL2440","OTB","1401:120:1","HKE",7723.66666666667,0,0
"1920",2020,"VL2440","OTB","1401:120:1","NEP",38469.25,0,0
"1921",2020,"VL2440","OTB","1401:120:2","ARA",3320,0,0
"1922",2020,"VL2440","OTB","1401:120:2","ARS",12263,5107.95348316651,0.416533758718626
"1923",2020,"VL2440","OTB","1401:120:2","DPS",2066,0,0
"1924",2020,"VL2440","OTB","1401:120:2","HKE",1092,0,0
"1925",2020,"VL2440","OTB","1401:120:2","NEP",14469.5,0,0
"1926",2020,"VL2440","OTB","1401:120:3","ARS",57.3333333333333,9860.05082316367,171.977630636576
"1927",2020,"VL2440","OTB","1401:120:3","DPS",160,0,0
"1928",2020,"VL2440","OTB","1401:120:3","NEP",7,0,0
"1929",2020,"VL2440","OTB","1401:121:1","ANE",857.666666666667,830.368996079796,0.968172167990435
"1930",2020,"VL2440","OTB","1401:121:1","DPS",2396.25,0,0
"1931",2020,"VL2440","OTB","1401:121:1","HKE",3782.75,0,0
"1932",2020,"VL2440","OTB","1401:121:1","HOM",168,162.218612659136,0.965586980113904
"1933",2020,"VL2440","OTB","1401:121:1","MUT",2863,0,0
"1934",2020,"VL2440","OTB","1401:121:2","ANE",5430.66666666667,5210.82596864705,0.959518653691453
"1935",2020,"VL2440","OTB","1401:121:2","CTC",540,0,0
"1936",2020,"VL2440","OTB","1401:121:2","DPS",15067,0,0
"1937",2020,"VL2440","OTB","1401:121:2","HKE",20452,0,0
"1938",2020,"VL2440","OTB","1401:121:2","HOM",2203,2102.63360605169,0.954441037699361
"1939",2020,"VL2440","OTB","1401:121:2","MUT",8978.25,0,0
"1940",2020,"VL2440","OTB","1401:121:3","DPS",575,0,0
"1941",2020,"VL2440","OTB","1401:121:3","HKE",115,0,0
"1942",2020,"VL2440","OTB","1401:130:3","DPS",726,0,0
"1943",2021,"VL1218","OTB","1400:219:2","DPS",4.4,43.4902,9.88413636363636
"1944",2021,"VL1218","OTB","1400:219:2","HKE",2.66666666666667,19.3021666666667,7.2383125
"1945",2021,"VL1218","OTB","1400:219:2","HOM",4,5.0975,1.274375
"1946",2021,"VL1218","OTB","1400:219:2","MUR",4,22.586,5.6465
"1947",2021,"VL1218","OTB","1400:219:2","NEP",10,229.12,22.912
"1948",2021,"VL1218","OTB","1400:219:2","ROL",1,0.432333333333333,0.432333333333333
"1949",2021,"VL1218","OTB","1400:219:2","WHB",1,3.983,3.983
"1950",2021,"VL1218","OTB","1400:219:4","ARY",31.2,127.6954,4.09280128205128
"1951",2021,"VL1218","OTB","1400:219:4","BOG",8,5.7715,0.7214375
"1952",2021,"VL1218","OTB","1400:219:4","DAB",52.4,446.6054,8.52300381679389
"1953",2021,"VL1218","OTB","1400:219:4","DPS",82.5,823.999833333333,9.98787676767677
"1954",2021,"VL1218","OTB","1400:219:4","HKE",59.1428571428571,459.97,7.77727053140097
"1955",2021,"VL1218","OTB","1400:219:4","HOM",12.8333333333333,17.9778333333333,1.40087012987013
"1956",2021,"VL1218","OTB","1400:219:4","ILL",33.6,166.3114,4.94974404761905
"1957",2021,"VL1218","OTB","1400:219:4","MUR",26.125,145.282,5.56103349282296
"1958",2021,"VL1218","OTB","1400:219:4","MUT",30.2,190.0198,6.29204635761589
"1959",2021,"VL1218","OTB","1400:219:4","NEP",242,5685.8346,23.4951842975207
"1960",2021,"VL1218","OTB","1400:219:4","ROL",74.25,37.0495,0.498983164983165
"1961",2021,"VL1218","OTB","1400:219:4","WHB",66.8,230.872,3.45616766467066
"1962",2021,"VL1218","OTB","1400:229:2","ARY",156.2,638.793,4.08958386683739
"1963",2021,"VL1218","OTB","1400:229:2","BOG",40.6666666666667,29.4701666666667,0.724676229508197
"1964",2021,"VL1218","OTB","1400:229:2","DAB",260,2208.334,8.49359230769231
"1965",2021,"VL1218","OTB","1400:229:2","DPS",360.4,3596.7426,9.97986293007769
"1966",2021,"VL1218","OTB","1400:229:2","HKE",317,2503.0544,7.89607066246057
"1967",2021,"VL1218","OTB","1400:229:2","HOM",40.25,57.10025,1.4186397515528
"1968",2021,"VL1218","OTB","1400:229:2","ILL",167.4,827.21,4.94151732377539
"1969",2021,"VL1218","OTB","1400:229:2","MUR",132.666666666667,746.5945,5.62759673366834
"1970",2021,"VL1218","OTB","1400:229:2","MUT",152.2,951.8762,6.25411432325887
"1971",2021,"VL1218","OTB","1400:229:2","NEP",1134.75,26653.95125,23.4888312403613
"1972",2021,"VL1218","OTB","1400:229:2","ROL",350.25,175.127,0.500005710206995
"1973",2021,"VL1218","OTB","1400:229:2","WHB",321.8,1115.002,3.46489123679304
"1974",2021,"VL1218","OTB","1400:229:4","ARY",145.6,594.2604,4.08145879120879
"1975",2021,"VL1218","OTB","1400:229:4","BOG",37.6666666666667,27.2741666666667,0.724092920353982
"1976",2021,"VL1218","OTB","1400:229:4","DAB",242,2055.6288,8.49433388429752
"1977",2021,"VL1218","OTB","1400:229:4","DPS",335.4,3349.087,9.98535181872391
"1978",2021,"VL1218","OTB","1400:229:4","HKE",295,2330.081,7.89857966101695
"1979",2021,"VL1218","OTB","1400:229:4","HOM",37.5,52.9935,1.41316
"1980",2021,"VL1218","OTB","1400:229:4","ILL",156,770.6656,4.9401641025641
"1981",2021,"VL1218","OTB","1400:229:4","MUR",123.166666666667,692.4315,5.62190663058187
"1982",2021,"VL1218","OTB","1400:229:4","MUT",141.6,885.2086,6.25147316384181
"1983",2021,"VL1218","OTB","1400:229:4","NEP",806.666666666667,16545.9453333333,20.5115024793388
"1984",2021,"VL1218","OTB","1400:229:4","ROL",326,162.97525,0.499924079754601
"1985",2021,"VL1218","OTB","1400:229:4","WHB",299.8,1039.0734,3.46588859239493
"1986",2021,"VL1218","OTB","1400:237:4","ARA",17026.75,22817.9187242498,1.34012179213589
"1987",2021,"VL1218","OTB","1400:237:4","DPS",734.5,4797.78354598805,6.53204022598782
"1988",2021,"VL1218","OTB","1400:237:4","HKE",382.75,0,0
"1989",2021,"VL1218","OTB","1400:237:4","MUR",793,0,0
"1990",2021,"VL1218","OTB","1400:237:4","NEP",834.5,13276.4020741462,15.9094093159331
"1991",2021,"VL1218","OTB","1400:237:4","OCC",176,0,0
"1992",2021,"VL1218","OTB","1400:238:3","ARA",3892.66666666667,5217.89561064806,1.34044244150918
"1993",2021,"VL1218","OTB","1400:238:3","DPS",4994.75,28271.6101991229,5.6602653184089
"1994",2021,"VL1218","OTB","1400:238:3","HKE",248,0,0
"1995",2021,"VL1218","OTB","1400:238:3","HOM",1328.5,1349.8840836464,1.01609641222913
"1996",2021,"VL1218","OTB","1400:238:3","MUR",10,0,0
"1997",2021,"VL1218","OTB","1400:238:3","MUT",800.5,4475.07619776576,5.59035127765866
"1998",2021,"VL1218","OTB","1400:238:3","NEP",210.75,4879.21115200847,23.1516543393047
"1999",2021,"VL1218","OTB","1400:238:3","OCC",73.3333333333333,0,0
"2000",2021,"VL1218","OTB","1400:239:1","ARY",96,392.6432,4.09003333333333
"2001",2021,"VL1218","OTB","1400:239:1","BOG",25,17.9508333333333,0.718033333333333
"2002",2021,"VL1218","OTB","1400:239:1","DAB",159.8,1358.821,8.50326032540676
"2003",2021,"VL1218","OTB","1400:239:1","DPS",221.8,2214.3504,9.98354553651938
"2004",2021,"VL1218","OTB","1400:239:1","HKE",195,1540.2958,7.89895282051282
"2005",2021,"VL1218","OTB","1400:239:1","HOM",24.75,34.95175,1.41219191919192
"2006",2021,"VL1218","OTB","1400:239:1","ILL",103.2,509.7532,4.93946899224806
"2007",2021,"VL1218","OTB","1400:239:1","MUR",81,456.463166666667,5.63534773662551
"2008",2021,"VL1218","OTB","1400:239:1","MUT",93.4,584.7272,6.2604625267666
"2009",2021,"VL1218","OTB","1400:239:1","NEP",698.75,16409.89925,23.4846500894454
"2010",2021,"VL1218","OTB","1400:239:1","ROL",215.25,107.70975,0.500393728222997
"2011",2021,"VL1218","OTB","1400:239:1","WHB",198.4,687.432,3.46487903225806
"2012",2021,"VL1218","OTB","1400:239:2","ARY",33.2,135.5514,4.0828734939759
"2013",2021,"VL1218","OTB","1400:239:2","BOG",8.5,6.12633333333333,0.720745098039216
"2014",2021,"VL1218","OTB","1400:239:2","DAB",55.4,469.7262,8.47881227436823
"2015",2021,"VL1218","OTB","1400:239:2","DPS",76.8,765.9996,9.973953125
"2016",2021,"VL1218","OTB","1400:239:2","HKE",67.2,532.5158,7.92434226190476
"2017",2021,"VL1218","OTB","1400:239:2","HOM",8.75,12.0035,1.37182857142857
"2018",2021,"VL1218","OTB","1400:239:2","ILL",35.8,176.543,4.9313687150838
"2019",2021,"VL1218","OTB","1400:239:2","MUR",28,156.5265,5.59023214285714
"2020",2021,"VL1218","OTB","1400:239:2","MUT",32.2,201.71,6.26428571428571
"2021",2021,"VL1218","OTB","1400:239:2","NEP",241.75,5676.719,23.4817745604964
"2022",2021,"VL1218","OTB","1400:239:2","ROL",74.25,37.213,0.501185185185185
"2023",2021,"VL1218","OTB","1400:239:2","WHB",68.8,238.2222,3.46253197674419
"2024",2021,"VL1218","OTB","1400:239:3","ARA",329,442.486919329254,1.34494504355396
"2025",2021,"VL1218","OTB","1400:239:3","CTC",108,0,0
"2026",2021,"VL1218","OTB","1400:239:3","DPS",8876.25,49658.5377630318,5.59454023523805
"2027",2021,"VL1218","OTB","1400:239:3","HKE",274,0,0
"2028",2021,"VL1218","OTB","1400:239:3","MUT",202.25,1134.82867263468,5.61101939497987
"2029",2021,"VL1218","OTB","1400:239:3","NEP",4826,67011.6927606597,13.8855558973601
"2030",2021,"VL1218","OTB","1400:239:3","OCC",55.5,0,0
"2031",2021,"VL1218","OTB","1400:239:4","CTC",3187.25,0,0
"2032",2021,"VL1218","OTB","1400:239:4","DPS",12415,69156.9249630273,5.57043294104126
"2033",2021,"VL1218","OTB","1400:239:4","HKE",1501.5,0,0
"2034",2021,"VL1218","OTB","1400:239:4","HOM",271.5,278.02401826742,1.02402953321333
"2035",2021,"VL1218","OTB","1400:239:4","MUT",14068.5,78555.1500188091,5.58376159638974
"2036",2021,"VL1218","OTB","1400:239:4","NEP",9449.5,129255.239419584,13.6785268447625
"2037",2021,"VL1218","OTB","1400:239:4","OCC",2404,0,0
"2038",2021,"VL1218","OTB","1400:248:1","ARA",968,1298.764017941,1.34169836564153
"2039",2021,"VL1218","OTB","1400:248:1","CTC",16.5,0,0
"2040",2021,"VL1218","OTB","1400:248:1","DPS",10641,59382.2477767914,5.58051384050291
"2041",2021,"VL1218","OTB","1400:248:1","HKE",921.25,0,0
"2042",2021,"VL1218","OTB","1400:248:1","HOM",2125.5,2158.08888223396,1.01533233697199
"2043",2021,"VL1218","OTB","1400:248:1","MUT",5609.25,31324.0779302757,5.58436117667704
"2044",2021,"VL1218","OTB","1400:248:1","NEP",787.25,12640.3022407658,16.0562746786483
"2045",2021,"VL1218","OTB","1400:248:1","OCC",399.75,0,0
"2046",2021,"VL1218","OTB","1400:248:2","ARA",2359,3162.74123886265,1.34071269133644
"2047",2021,"VL1218","OTB","1400:248:2","DPS",317.25,2498.75081996951,7.87628312047127
"2048",2021,"VL1218","OTB","1400:248:2","HKE",210.75,0,0
"2049",2021,"VL1218","OTB","1400:248:2","NEP",99.6666666666667,3383.75951550752,33.9507643696407
"2050",2021,"VL1218","OTB","1400:249:1","ARA",76644.75,102707.634005995,1.34004787028459
"2051",2021,"VL1218","OTB","1400:249:1","CTC",72,0,0
"2052",2021,"VL1218","OTB","1400:249:1","DPS",32736.75,181129.047910822,5.53289645156657
"2053",2021,"VL1218","OTB","1400:249:1","HKE",8551,0,0
"2054",2021,"VL1218","OTB","1400:249:1","HOM",168,173.068940910065,1.03017226732181
"2055",2021,"VL1218","OTB","1400:249:1","MUT",1296.25,7243.02891081838,5.58767900545295
"2056",2021,"VL1218","OTB","1400:249:1","NEP",17061.75,231734.624745504,13.5821134845783
"2057",2021,"VL1218","OTB","1400:249:1","OCC",787.5,0,0
"2058",2021,"VL1218","OTB","1400:249:2","ARA",235.5,317.194417419711,1.34689773851257
"2059",2021,"VL1218","OTB","1400:249:2","CTC",424.333333333333,0,0
"2060",2021,"VL1218","OTB","1400:249:2","DPS",6955,39072.5182906216,5.61790342065012
"2061",2021,"VL1218","OTB","1400:249:2","HKE",2169.66666666667,0,0
"2062",2021,"VL1218","OTB","1400:249:2","HOM",202,207.546937336636,1.02746008582493
"2063",2021,"VL1218","OTB","1400:249:2","MUT",2445.5,13659.7100111224,5.58565120062254
"2064",2021,"VL1218","OTB","1400:249:2","NEP",5954.25,82200.6797873561,13.8053793151709
"2065",2021,"VL1218","OTB","1400:249:2","OCC",542,0,0
"2066",2021,"VL1218","OTB","1401:110:4","ARA",763.5,1024.72854585007,1.34214609803546
"2067",2021,"VL1218","OTB","1401:110:4","DPS",2163.5,12671.5229479785,5.85695537230343
"2068",2021,"VL1218","OTB","1401:110:4","HKE",741.75,0,0
"2069",2021,"VL1218","OTB","1401:110:4","MUT",6,39.0934836551979,6.51558060919965
"2070",2021,"VL1218","OTB","1401:110:4","NEP",1127.75,17224.2597702054,15.2731188385771
"2071",2021,"VL1218","OTB","1401:110:4","OCC",6,0,0
"2072",2021,"VL1218","OTB","1401:111:3","ARA",1145.25,1536.28376086577,1.34143965148725
"2073",2021,"VL1218","OTB","1401:111:3","DPS",4733.25,26830.7544583108,5.66856905050669
"2074",2021,"VL1218","OTB","1401:111:3","HKE",2384.5,0,0
"2075",2021,"VL1218","OTB","1401:111:3","MUT",18,106.093851898529,5.89410288325162
"2076",2021,"VL1218","OTB","1401:111:3","NEP",2545,36303.8891640325,14.2647894554155
"2077",2021,"VL1218","OTB","1401:111:3","OCC",60,0,0
"2078",2021,"VL1218","OTB","1401:113:1","CTC",20.0758108,0,0
"2079",2021,"VL1218","OTB","1401:113:1","DPS",446.219918375,3209.37050365091,7.192351509853
"2080",2021,"VL1218","OTB","1401:113:1","HKE",174.949152725,0,0
"2081",2021,"VL1218","OTB","1401:113:1","MUR",46.392322,0,0
"2082",2021,"VL1218","OTB","1401:113:1","MUT",508.151203425,2842.78644559744,5.5943711762104
"2083",2021,"VL1218","OTB","1401:113:1","NEP",26.6019416333333,2400.13074472051,90.2238933459297
"2084",2021,"VL1218","OTB","1401:113:1","OCC",605.4981312,0,0
"2085",2021,"VL1218","OTB","1401:120:1","ARA",205,276.323601288791,1.34792000628678
"2086",2021,"VL1218","OTB","1401:120:1","DPS",7889,44218.8252195643,5.60512425143418
"2087",2021,"VL1218","OTB","1401:120:1","HKE",7467.25,0,0
"2088",2021,"VL1218","OTB","1401:120:1","MUT",156,876.598086696839,5.61921850446692
"2089",2021,"VL1218","OTB","1401:120:1","NEP",11643.75,158795.177184555,13.6378037302892
"2090",2021,"VL1218","OTB","1401:120:2","ARA",817.75,1097.42499749278,1.34200549983831
"2091",2021,"VL1218","OTB","1401:120:2","DPS",13104.25,72954.6680580741,5.56725246069589
"2092",2021,"VL1218","OTB","1401:120:2","HKE",7650.5,0,0
"2093",2021,"VL1218","OTB","1401:120:2","MUR",82,0,0
"2094",2021,"VL1218","OTB","1401:120:2","MUT",2211.5,12353.2028303775,5.58589320840039
"2095",2021,"VL1218","OTB","1401:120:2","NEP",8261,113255.140965138,13.7096163860474
"2096",2021,"VL1218","OTB","1401:120:2","OCC",166,0,0
"2097",2021,"VL1218","OTB","1401:120:4","DPS",585,3974.04383948171,6.79323733244736
"2098",2021,"VL1218","OTB","1401:120:4","MUT",2350,13126.4987471859,5.58574414773869
"2099",2021,"VL1218","OTB","1401:121:1","ARA",1206.75,1618.69540650681,1.34136764574834
"2100",2021,"VL1218","OTB","1401:121:1","CTC",3269,0,0
"2101",2021,"VL1218","OTB","1401:121:1","DPS",42856.25,236887.134599725,5.52748162986087
"2102",2021,"VL1218","OTB","1401:121:1","HKE",33673,0,0
"2103",2021,"VL1218","OTB","1401:121:1","MUR",409.5,0,0
"2104",2021,"VL1218","OTB","1401:121:1","MUT",29283.25,163504.637746328,5.58355502706591
"2105",2021,"VL1218","OTB","1401:121:1","NEP",7685.5,105507.512306716,13.7281259913755
"2106",2021,"VL1218","OTB","1401:121:1","OCC",11301,0,0
"2107",2021,"VL1218","OTB","1401:121:2","HKE",26,0,0
"2108",2021,"VL1218","OTB","1401:121:2","MUT",56,318.261684669078,5.68324436909069
"2109",2021,"VL1218","OTB","1401:121:2","OCC",6,0,0
"2110",2021,"VL1218","OTB","1401:121:3","DPS",360,2734.30180627818,7.59528279521717
"2111",2021,"VL1218","OTB","1401:121:3","MUT",752,4204.28304278229,5.59080191859348
"2112",2021,"VL1218","OTB","1401:130:1","DPS",4701,26653.0581002183,5.66965711555377
"2113",2021,"VL1218","OTB","1401:130:1","MUT",6696,37391.7987793124,5.58419933980173
"2114",2021,"VL1218","OTB","1401:130:3","CTC",66,0,0
"2115",2021,"VL1218","OTB","1401:130:3","HKE",100,0,0
"2116",2021,"VL1218","OTB","1401:130:3","MUT",1024.25,5724.35389730287,5.58882489363229
"2117",2021,"VL1218","OTB","1401:130:3","OCC",43,0,0
"2118",2021,"VL1824","OTB","1400:219:2","DPS",7967.38461538462,4.97261538461539,0.000624121418089133
"2119",2021,"VL1824","OTB","1400:219:2","HKE",7822,2.02892307692308,0.000259386739570836
"2120",2021,"VL1824","OTB","1400:219:2","MUR",949.75,4922.26549250404,5.18269596473182
"2121",2021,"VL1824","OTB","1400:219:2","MUT",2547,0,0
"2122",2021,"VL1824","OTB","1400:219:2","NEP",10837.4615384615,51.8204615384615,0.00478160511615692
"2123",2021,"VL1824","OTB","1400:219:4","DPS",1313,162.564333333333,0.123811373445037
"2124",2021,"VL1824","OTB","1400:219:4","HKE",1338,61.908,0.0462690582959641
"2125",2021,"VL1824","OTB","1400:219:4","MUR",6,31.5721798630605,5.26202997717675
"2126",2021,"VL1824","OTB","1400:219:4","MUT",596.5,0,0
"2127",2021,"VL1824","OTB","1400:219:4","NEP",1767.33333333333,1509.17333333333,0.853926820067899
"2128",2021,"VL1824","OTB","1400:229:2","DPS",400.333333333333,889.994333333333,2.22313322231474
"2129",2021,"VL1824","OTB","1400:229:2","HKE",1686,482.6055,0.286242882562278
"2130",2021,"VL1824","OTB","1400:229:2","NEP",10943.6666666667,7565.13233333333,0.69127949194359
"2131",2021,"VL1824","OTB","1400:229:4","DPS",1141.66666666667,845.473666666667,0.740560875912409
"2132",2021,"VL1824","OTB","1400:229:4","HKE",342.666666666667,305.788333333333,0.892378404669261
"2133",2021,"VL1824","OTB","1400:229:4","HOM",82.5,75.4815834476177,0.914928284213547
"2134",2021,"VL1824","OTB","1400:229:4","MUR",460,2384.28716152028,5.18323295982671
"2135",2021,"VL1824","OTB","1400:229:4","MUT",836,0,0
"2136",2021,"VL1824","OTB","1400:229:4","NEP",10350,4312.2884,0.416646222222222
"2137",2021,"VL1824","OTB","1400:239:1","DPS",179,1701.825,9.50740223463687
"2138",2021,"VL1824","OTB","1400:239:1","HKE",85,615.723,7.2438
"2139",2021,"VL1824","OTB","1400:239:1","NEP",548,14467.412,26.4003868613139
"2140",2021,"VL1824","OTB","1400:239:2","DPS",65,613.802,9.44310769230769
"2141",2021,"VL1824","OTB","1400:239:2","HKE",255.5,111.143,0.435001956947162
"2142",2021,"VL1824","OTB","1400:239:2","NEP",123,2609.326,21.2140325203252
"2143",2021,"VL1824","OTB","1400:239:3","DPS",402,0,0
"2144",2021,"VL1824","OTB","1400:239:3","HKE",626.5,0,0
"2145",2021,"VL1824","OTB","1400:239:3","NEP",2545.75,0,0
"2146",2021,"VL1824","OTB","1400:239:4","DPS",772,0,0
"2147",2021,"VL1824","OTB","1400:239:4","HKE",7810.5,0,0
"2148",2021,"VL1824","OTB","1400:239:4","HOM",237.5,217.763459550516,0.916898777054803
"2149",2021,"VL1824","OTB","1400:239:4","MUT",6319.5,0,0
"2150",2021,"VL1824","OTB","1400:239:4","NEP",12991.5,0,0
"2151",2021,"VL1824","OTB","1400:248:2","DPS",781.333333333333,0,0
"2152",2021,"VL1824","OTB","1400:248:2","HKE",56,0,0
"2153",2021,"VL1824","OTB","1400:248:2","HOM",30,27.2893350901844,0.909644503006148
"2154",2021,"VL1824","OTB","1400:248:2","MUT",124,0,0
"2155",2021,"VL1824","OTB","1400:248:2","NEP",162.666666666667,0,0
"2156",2021,"VL1824","OTB","1400:249:1","DPS",13313,0,0
"2157",2021,"VL1824","OTB","1400:249:1","HKE",2120.5,0,0
"2158",2021,"VL1824","OTB","1400:249:1","HOM",102.666666666667,93.9935264674571,0.915521361696011
"2159",2021,"VL1824","OTB","1400:249:1","MUR",6,31.5721798630605,5.26202997717675
"2160",2021,"VL1824","OTB","1400:249:1","MUT",1080,0,0
"2161",2021,"VL1824","OTB","1400:249:1","NEP",5999,0,0
"2162",2021,"VL1824","OTB","1400:249:2","DPS",4783.25,0,0
"2163",2021,"VL1824","OTB","1400:249:2","HKE",2358,0,0
"2164",2021,"VL1824","OTB","1400:249:2","HOM",65,59.4175006618066,0.914115394797024
"2165",2021,"VL1824","OTB","1400:249:2","MUT",1129.25,0,0
"2166",2021,"VL1824","OTB","1400:249:2","NEP",4506.25,0,0
"2167",2021,"VL1824","OTB","1401:110:1","DPS",4179,0,0
"2168",2021,"VL1824","OTB","1401:110:1","HKE",2236.6,0,0
"2169",2021,"VL1824","OTB","1401:110:1","MUR",913.666666666667,4735.27474598099,5.18271588396314
"2170",2021,"VL1824","OTB","1401:110:1","MUT",154,0,0
"2171",2021,"VL1824","OTB","1401:110:1","NEP",4137.25,0,0
"2172",2021,"VL1824","OTB","1401:110:3","DPS",765,0,0
"2173",2021,"VL1824","OTB","1401:110:3","HKE",4578,0,0
"2174",2021,"VL1824","OTB","1401:110:3","NEP",11446,0,0
"2175",2021,"VL1824","OTB","1401:110:4","DPS",1188.33333333333,0,0
"2176",2021,"VL1824","OTB","1401:110:4","HKE",223.666666666667,0,0
"2177",2021,"VL1824","OTB","1401:110:4","MUT",11,0,0
"2178",2021,"VL1824","OTB","1401:110:4","NEP",994.333333333333,0,0
"2179",2021,"VL1824","OTB","1401:111:3","DPS",26354.75,0,0
"2180",2021,"VL1824","OTB","1401:111:3","HKE",12821,0,0
"2181",2021,"VL1824","OTB","1401:111:3","HOM",592,543.17587941166,0.917526823330507
"2182",2021,"VL1824","OTB","1401:111:3","MUR",69.5,360.641345799699,5.18908411222588
"2183",2021,"VL1824","OTB","1401:111:3","MUT",143.5,0,0
"2184",2021,"VL1824","OTB","1401:111:3","NEP",14792,0,0
"2185",2021,"VL1824","OTB","1401:111:4","DPS",48755.75,0,0
"2186",2021,"VL1824","OTB","1401:111:4","HKE",33472.25,0,0
"2187",2021,"VL1824","OTB","1401:111:4","HOM",349.333333333333,320.42059811508,0.917234536588969
"2188",2021,"VL1824","OTB","1401:111:4","MUR",3087.75,16001.7911109691,5.182346728514
"2189",2021,"VL1824","OTB","1401:111:4","MUT",25860.75,0,0
"2190",2021,"VL1824","OTB","1401:111:4","NEP",5428.75,0,0
"2191",2021,"VL1824","OTB","1401:112:1","DPS",12446.052444275,0,0
"2192",2021,"VL1824","OTB","1401:112:1","HKE",11674.6979909625,0,0
"2193",2021,"VL1824","OTB","1401:112:1","HOM",251.582577233333,230.690527351307,0.916957485244895
"2194",2021,"VL1824","OTB","1401:112:1","MUR",40.1659849857143,208.626859904835,5.19411785815876
"2195",2021,"VL1824","OTB","1401:112:1","MUT",16719.9935478125,0,0
"2196",2021,"VL1824","OTB","1401:112:1","NEP",3080.33516645,0,0
"2197",2021,"VL1824","OTB","1401:112:2","DPS",7794.716535675,0,0
"2198",2021,"VL1824","OTB","1401:112:2","HKE",27955.4473999875,0,0
"2199",2021,"VL1824","OTB","1401:112:2","HOM",1873.690124475,1719.70023743011,0.917814645531082
"2200",2021,"VL1824","OTB","1401:112:2","MUR",1114.88268405,5778.01469894832,5.18262125837196
"2201",2021,"VL1824","OTB","1401:112:2","MUT",48243.7442343375,0,0
"2202",2021,"VL1824","OTB","1401:112:2","NEP",211.994822257143,0,0
"2203",2021,"VL1824","OTB","1401:112:3","DPS",14052.25,0,0
"2204",2021,"VL1824","OTB","1401:112:3","HKE",31354.75,0,0
"2205",2021,"VL1824","OTB","1401:112:3","HOM",1157.75,1062.50472718724,0.917732435488869
"2206",2021,"VL1824","OTB","1401:112:3","MUR",82.5,428.009836463892,5.18799801774415
"2207",2021,"VL1824","OTB","1401:112:3","MUT",58822.25,0,0
"2208",2021,"VL1824","OTB","1401:112:3","NEP",560,0,0
"2209",2021,"VL1824","OTB","1401:112:4","DPS",119.25,0,0
"2210",2021,"VL1824","OTB","1401:112:4","HKE",397.25,0,0
"2211",2021,"VL1824","OTB","1401:112:4","HOM",71.3333333333333,65.2311687176239,0.914455636228373
"2212",2021,"VL1824","OTB","1401:112:4","MUT",1278.25,0,0
"2213",2021,"VL1824","OTB","1401:113:1","DPS",692.235597225,0,0
"2214",2021,"VL1824","OTB","1401:113:1","HKE",1417.987012975,0,0
"2215",2021,"VL1824","OTB","1401:113:1","HOM",132.98176595,121.821198727317,0.916074454697201
"2216",2021,"VL1824","OTB","1401:113:1","MUR",184.150321425,954.781277227923,5.18479289006716
"2217",2021,"VL1824","OTB","1401:113:1","MUT",2044.588891875,0,0
"2218",2021,"VL1824","OTB","1401:113:1","NEP",11.18465,0,0
"2219",2021,"VL1824","OTB","1401:120:1","DPS",3513.75,0,0
"2220",2021,"VL1824","OTB","1401:120:1","HKE",2006.25,0,0
"2221",2021,"VL1824","OTB","1401:120:1","HOM",1994,1830.13839745207,0.917822666726212
"2222",2021,"VL1824","OTB","1401:120:1","MUR",1409,7302.18698000642,5.18253156849285
"2223",2021,"VL1824","OTB","1401:120:1","MUT",906.75,0,0
"2224",2021,"VL1824","OTB","1401:120:1","NEP",12367.25,0,0
"2225",2021,"VL1824","OTB","1401:120:2","DPS",30689.5,0,0
"2226",2021,"VL1824","OTB","1401:120:2","HKE",22456,0,0
"2227",2021,"VL1824","OTB","1401:120:2","HOM",12122,11127.1115662918,0.917927038961538
"2228",2021,"VL1824","OTB","1401:120:2","MUR",3238,16780.4153972995,5.18233952974043
"2229",2021,"VL1824","OTB","1401:120:2","MUT",10618,0,0
"2230",2021,"VL1824","OTB","1401:120:2","NEP",15558.25,0,0
"2231",2021,"VL1824","OTB","1401:120:3","DPS",476.666666666667,0,0
"2232",2021,"VL1824","OTB","1401:120:3","HKE",1168,0,0
"2233",2021,"VL1824","OTB","1401:120:3","HOM",626,574.386097395522,0.917549676350673
"2234",2021,"VL1824","OTB","1401:120:3","MUR",1529.66666666667,7927.50476514586,5.18250474949609
"2235",2021,"VL1824","OTB","1401:120:3","MUT",315,0,0
"2236",2021,"VL1824","OTB","1401:120:3","NEP",456,0,0
"2237",2021,"VL1824","OTB","1401:120:4","DPS",5057.25,0,0
"2238",2021,"VL1824","OTB","1401:120:4","HKE",4486,0,0
"2239",2021,"VL1824","OTB","1401:120:4","HOM",6611.66666666667,6068.91437520142,0.917909913062982
"2240",2021,"VL1824","OTB","1401:120:4","MUR",1849.66666666667,9585.80607380293,5.18245057152799
"2241",2021,"VL1824","OTB","1401:120:4","MUT",1997.75,0,0
"2242",2021,"VL1824","OTB","1401:120:4","NEP",1613,0,0
"2243",2021,"VL1824","OTB","1401:121:1","DPS",273596.75,0,0
"2244",2021,"VL1824","OTB","1401:121:1","HKE",177383.5,0,0
"2245",2021,"VL1824","OTB","1401:121:1","HOM",8738,8020.77692930978,0.917919080946415
"2246",2021,"VL1824","OTB","1401:121:1","MUR",9960,51615.1072622772,5.18223968496759
"2247",2021,"VL1824","OTB","1401:121:1","MUT",124387,0,0
"2248",2021,"VL1824","OTB","1401:121:1","NEP",32374.25,0,0
"2249",2021,"VL1824","OTB","1401:121:2","DPS",442315.5,0,0
"2250",2021,"VL1824","OTB","1401:121:2","HKE",276256.75,0,0
"2251",2021,"VL1824","OTB","1401:121:2","HOM",7857.25,7212.2945913896,0.917915885505692
"2252",2021,"VL1824","OTB","1401:121:2","MUR",10892.75,56448.7964674331,5.18223556654041
"2253",2021,"VL1824","OTB","1401:121:2","MUT",203557,0,0
"2254",2021,"VL1824","OTB","1401:121:2","NEP",2705.5,0,0
"2255",2021,"VL1824","OTB","1401:121:3","DPS",192,0,0
"2256",2021,"VL1824","OTB","1401:121:3","HKE",1895,0,0
"2257",2021,"VL1824","OTB","1401:121:3","HOM",5,4.3406453961686,0.868129079233721
"2258",2021,"VL1824","OTB","1401:121:3","MUR",271,1404.8529510947,5.18395922913173
"2259",2021,"VL1824","OTB","1401:121:3","MUT",984.5,0,0
"2260",2021,"VL1824","OTB","1401:121:3","NEP",102,0,0
"2261",2021,"VL1824","OTB","1401:130:3","DPS",13953,0,0
"2262",2021,"VL1824","OTB","1401:130:3","HKE",866.75,0,0
"2263",2021,"VL1824","OTB","1401:130:3","HOM",1627,1493.25163274392,0.917794488471982
"2264",2021,"VL1824","OTB","1401:130:3","MUT",3193,0,0
"2265",2021,"VL1824","OTB","1401:130:3","NEP",36,0,0
"2266",2021,"VL2440","OTB","1400:219:2","ANE",13.1666666666667,8.25633333333333,0.627063291139241
"2267",2021,"VL2440","OTB","1400:219:2","ARA",21976.1118181818,1.77454545454545,8.07488362466964e-05
"2268",2021,"VL2440","OTB","1400:219:2","ARS",25888.8284615385,19.0653846153846,0.000736432884311816
"2269",2021,"VL2440","OTB","1400:219:2","ARY",34.3333333333333,139.297166666667,4.05719902912621
"2270",2021,"VL2440","OTB","1400:219:2","BOG",43.25,30.097,0.695884393063584
"2271",2021,"VL2440","OTB","1400:219:2","CTC",303.25,0,0
"2272",2021,"VL2440","OTB","1400:219:2","DPS",9979.15384615385,2.23076923076923,0.000223542924095615
"2273",2021,"VL2440","OTB","1400:219:2","HKE",1915.72222222222,276.541666666667,0.144353739523823
"2274",2021,"VL2440","OTB","1400:219:2","HOM",46.5,57.16325,1.22931720430108
"2275",2021,"VL2440","OTB","1400:219:2","ILL",30.5,160.491375,5.26201229508197
"2276",2021,"VL2440","OTB","1400:219:2","MAC",62.3333333333333,112.357333333333,1.80252406417112
"2277",2021,"VL2440","OTB","1400:219:2","MUR",676.714285714286,51.4002857142857,0.0759556681443952
"2278",2021,"VL2440","OTB","1400:219:2","MUT",206.785714285714,49.3434285714286,0.238621070811744
"2279",2021,"VL2440","OTB","1400:219:2","NEP",14509.7222222222,706.422,0.0486861146740691
"2280",2021,"VL2440","OTB","1400:219:2","PIL",1,0.856333333333333,0.856333333333333
"2281",2021,"VL2440","OTB","1400:219:2","SPC",35.75,25.55275,0.714762237762238
"2282",2021,"VL2440","OTB","1400:219:4","ANE",80.1666666666667,50.6221666666667,0.631461538461539
"2283",2021,"VL2440","OTB","1400:219:4","ARA",6523.6,0,0
"2284",2021,"VL2440","OTB","1400:219:4","ARS",6163.28571428571,7482.78779771049,1.2140906887322
"2285",2021,"VL2440","OTB","1400:219:4","ARY",224.5,912.696333333333,4.06546250927988
"2286",2021,"VL2440","OTB","1400:219:4","BOG",271,187.53,0.691992619926199
"2287",2021,"VL2440","OTB","1400:219:4","DPS",1838.71428571429,0,0
"2288",2021,"VL2440","OTB","1400:219:4","HKE",667.666666666667,2089.24093333333,3.12916764852721
"2289",2021,"VL2440","OTB","1400:219:4","HOM",294.25,361.35975,1.22807051826678
"2290",2021,"VL2440","OTB","1400:219:4","ILL",193.625,1013.833625,5.23606778566817
"2291",2021,"VL2440","OTB","1400:219:4","MAC",388,701.939,1.80912113402062
"2292",2021,"VL2440","OTB","1400:219:4","MUR",91.75,560.911625,6.11347820163488
"2293",2021,"VL2440","OTB","1400:219:4","MUT",111.375,544.198625,4.88618294051627
"2294",2021,"VL2440","OTB","1400:219:4","NEP",3033.42857142857,5528.01914285714,1.82236667608552
"2295",2021,"VL2440","OTB","1400:219:4","PIL",4.33333333333333,5.49233333333333,1.26746153846154
"2296",2021,"VL2440","OTB","1400:219:4","SPC",221.5,158.557625,0.715835778781038
"2297",2021,"VL2440","OTB","1400:229:2","ARA",5719.84666666667,2.83,0.000494768507780512
"2298",2021,"VL2440","OTB","1400:229:2","ARS",24726.492,28.978,0.00117194141409141
"2299",2021,"VL2440","OTB","1400:229:2","ARY",96.5,391.991,4.0620829015544
"2300",2021,"VL2440","OTB","1400:229:2","BOG",67,48.0845,0.717679104477612
"2301",2021,"VL2440","OTB","1400:229:2","DPS",6140.5,0,0
"2302",2021,"VL2440","OTB","1400:229:2","HKE",5266.375,438.777375,0.0833167738719708
"2303",2021,"VL2440","OTB","1400:229:2","HOM",103,123.944333333333,1.2033430420712
"2304",2021,"VL2440","OTB","1400:229:2","ILL",48.75,256.59975,5.26358461538462
"2305",2021,"VL2440","OTB","1400:229:2","MAC",38,79.8525,2.10138157894737
"2306",2021,"VL2440","OTB","1400:229:2","MUR",25,152.656,6.10624
"2307",2021,"VL2440","OTB","1400:229:2","MUT",22.3333333333333,166.795333333333,7.46844776119403
"2308",2021,"VL2440","OTB","1400:229:2","NEP",34965.25,1452.432375,0.0415393104582407
"2309",2021,"VL2440","OTB","1400:229:2","PIL",3,3.181,1.06033333333333
"2310",2021,"VL2440","OTB","1400:229:2","SPC",40.5,29.657,0.732271604938271
"2311",2021,"VL2440","OTB","1400:229:4","ARA",1160.66666666667,0,0
"2312",2021,"VL2440","OTB","1400:229:4","ARS",22817.2,998.83047370659,0.0437753306149129
"2313",2021,"VL2440","OTB","1400:229:4","ARY",92,373.48925,4.05966576086957
"2314",2021,"VL2440","OTB","1400:229:4","BOG",64,45.815,0.715859375
"2315",2021,"VL2440","OTB","1400:229:4","DPS",4764.33333333333,0,0
"2316",2021,"VL2440","OTB","1400:229:4","HKE",3999.2,334.4538,0.083630176035207
"2317",2021,"VL2440","OTB","1400:229:4","HOM",98.3333333333333,118.094666666667,1.20096271186441
"2318",2021,"VL2440","OTB","1400:229:4","ILL",46.5,244.48825,5.25781182795699
"2319",2021,"VL2440","OTB","1400:229:4","MAC",36,76.0835,2.11343055555556
"2320",2021,"VL2440","OTB","1400:229:4","MUR",24,145.4505,6.0604375
"2321",2021,"VL2440","OTB","1400:229:4","MUT",21.3333333333333,158.922666666667,7.4495
"2322",2021,"VL2440","OTB","1400:229:4","NEP",26080.7,1107.1024,0.0424491060439329
"2323",2021,"VL2440","OTB","1400:229:4","PIL",2,3.031,1.5155
"2324",2021,"VL2440","OTB","1400:229:4","SPC",38.5,28.257,0.733948051948052
"2325",2021,"VL2440","OTB","1400:237:2","NEP",1,14.539,14.539
"2326",2021,"VL2440","OTB","1400:238:1","ANE",1,0.346,0.346
"2327",2021,"VL2440","OTB","1400:238:1","NEP",1,20.889,20.889
"2328",2021,"VL2440","OTB","1400:238:2","ANE",1,0.346,0.346
"2329",2021,"VL2440","OTB","1400:238:2","NEP",1,20.889,20.889
"2330",2021,"VL2440","OTB","1400:239:1","ARY",62,251.23225,4.05213306451613
"2331",2021,"VL2440","OTB","1400:239:1","BOG",43,30.805,0.716395348837209
"2332",2021,"VL2440","OTB","1400:239:1","HKE",68,562.7295,8.27543382352941
"2333",2021,"VL2440","OTB","1400:239:1","HOM",65.6666666666667,79.4133333333333,1.20934010152284
"2334",2021,"VL2440","OTB","1400:239:1","ILL",31.25,164.51025,5.264328
"2335",2021,"VL2440","OTB","1400:239:1","MAC",24,51.1575,2.1315625
"2336",2021,"VL2440","OTB","1400:239:1","MUR",16,97.799,6.1124375
"2337",2021,"VL2440","OTB","1400:239:1","MUT",14.3333333333333,106.906666666667,7.45860465116279
"2338",2021,"VL2440","OTB","1400:239:1","NEP",78.25,1864.08875,23.8222204472843
"2339",2021,"VL2440","OTB","1400:239:1","PIL",2,2.038,1.019
"2340",2021,"VL2440","OTB","1400:239:1","SPC",26,19.029,0.731884615384615
"2341",2021,"VL2440","OTB","1400:239:2","ARS",140,9827.86576867206,70.1990412048005
"2342",2021,"VL2440","OTB","1400:239:2","ARY",30,121.268333333333,4.04227777777778
"2343",2021,"VL2440","OTB","1400:239:2","BOG",15.5,11.176,0.721032258064516
"2344",2021,"VL2440","OTB","1400:239:2","HKE",45.5,203.739,4.47778021978022
"2345",2021,"VL2440","OTB","1400:239:2","HOM",36,42.9845,1.19401388888889
"2346",2021,"VL2440","OTB","1400:239:2","ILL",15.3333333333333,79.1203333333333,5.16002173913043
"2347",2021,"VL2440","OTB","1400:239:2","MAC",9,18.56,2.06222222222222
"2348",2021,"VL2440","OTB","1400:239:2","MUR",6,35.4815,5.91358333333333
"2349",2021,"VL2440","OTB","1400:239:2","MUT",5.33333333333333,38.8083333333333,7.2765625
"2350",2021,"VL2440","OTB","1400:239:2","NEP",75.5,675.796,8.95094039735099
"2351",2021,"VL2440","OTB","1400:239:2","PIL",1,0.739,0.739
"2352",2021,"VL2440","OTB","1400:239:2","SPC",9.5,6.917,0.728105263157895
"2353",2021,"VL2440","OTB","1401:110:1","ARA",6627.5,0,0
"2354",2021,"VL2440","OTB","1401:110:1","ARS",5909,7581.79021187247,1.28309192957733
"2355",2021,"VL2440","OTB","1401:110:1","CTC",75,0,0
"2356",2021,"VL2440","OTB","1401:110:1","DPS",2516.25,0,0
"2357",2021,"VL2440","OTB","1401:110:1","HKE",1022.25,0,0
"2358",2021,"VL2440","OTB","1401:110:1","MUR",535.333333333333,0,0
"2359",2021,"VL2440","OTB","1401:110:1","MUT",49,0,0
"2360",2021,"VL2440","OTB","1401:110:1","NEP",3346.25,0,0
"2361",2021,"VL2440","OTB","1401:110:3","ARA",5475.5,0,0
"2362",2021,"VL2440","OTB","1401:110:3","ARS",23675.75,664.566620475476,0.0280695065827049
"2363",2021,"VL2440","OTB","1401:110:3","DPS",6698.66666666667,0,0
"2364",2021,"VL2440","OTB","1401:110:3","HKE",8007.75,0,0
"2365",2021,"VL2440","OTB","1401:110:3","NEP",30733.75,0,0
"2366",2021,"VL2440","OTB","1401:111:4","ANE",1136,1096.98329537957,0.965654309313006
"2367",2021,"VL2440","OTB","1401:111:4","CTC",73,0,0
"2368",2021,"VL2440","OTB","1401:111:4","DPS",11828.75,0,0
"2369",2021,"VL2440","OTB","1401:111:4","HKE",8400,0,0
"2370",2021,"VL2440","OTB","1401:111:4","MUR",658,0,0
"2371",2021,"VL2440","OTB","1401:111:4","MUT",3561.75,0,0
"2372",2021,"VL2440","OTB","1401:112:1","CTC",1230.5,0,0
"2373",2021,"VL2440","OTB","1401:112:1","DPS",120,0,0
"2374",2021,"VL2440","OTB","1401:112:1","HKE",1828.5,0,0
"2375",2021,"VL2440","OTB","1401:112:1","HOM",84,82.1228586321213,0.977653078953825
"2376",2021,"VL2440","OTB","1401:112:1","MUT",1693.5,0,0
"2377",2021,"VL2440","OTB","1401:112:2","CTC",1085.6009527,0,0
"2378",2021,"VL2440","OTB","1401:112:2","DPS",13.50379,0,0
"2379",2021,"VL2440","OTB","1401:112:2","HKE",1693.24756213333,0,0
"2380",2021,"VL2440","OTB","1401:112:2","HOM",396,379.621373589604,0.95863983229698
"2381",2021,"VL2440","OTB","1401:112:2","MUT",1961.90141103333,0,0
"2382",2021,"VL2440","OTB","1401:112:3","CTC",3796,0,0
"2383",2021,"VL2440","OTB","1401:112:3","DPS",230,0,0
"2384",2021,"VL2440","OTB","1401:112:3","HKE",5502.5,0,0
"2385",2021,"VL2440","OTB","1401:112:3","HOM",944,902.150816527747,0.95566823784719
"2386",2021,"VL2440","OTB","1401:112:3","MUT",5808,0,0
"2387",2021,"VL2440","OTB","1401:112:4","CTC",11.5,0,0
"2388",2021,"VL2440","OTB","1401:112:4","HKE",8,0,0
"2389",2021,"VL2440","OTB","1401:112:4","HOM",8,9.65527165529852,1.20690895691232
"2390",2021,"VL2440","OTB","1401:112:4","MUT",56.5,0,0
"2391",2021,"VL2440","OTB","1401:113:1","CTC",2.0054943,0,0
"2392",2021,"VL2440","OTB","1401:113:1","HKE",2.6231558,0,0
"2393",2021,"VL2440","OTB","1401:120:1","ARA",3332,0,0
"2394",2021,"VL2440","OTB","1401:120:1","ARS",21541.25,1495.60289643123,0.0694297172369863
"2395",2021,"VL2440","OTB","1401:120:1","DPS",2599.75,173.97,0.0669179728820079
"2396",2021,"VL2440","OTB","1401:120:1","HKE",6915.25,0,0
"2397",2021,"VL2440","OTB","1401:120:1","NEP",36737,0,0
"2398",2021,"VL2440","OTB","1401:120:2","ARA",239.5,0,0
"2399",2021,"VL2440","OTB","1401:120:2","ARS",424.333333333333,9717.16475463439,22.8998383848415
"2400",2021,"VL2440","OTB","1401:120:2","DPS",640,0,0
"2401",2021,"VL2440","OTB","1401:120:2","HKE",477.333333333333,0,0
"2402",2021,"VL2440","OTB","1401:120:2","NEP",2993.33333333333,0,0
"2403",2021,"VL2440","OTB","1401:120:4","DPS",473,0,0
"2404",2021,"VL2440","OTB","1401:121:1","ANE",2910.66666666667,2796.92883965744,0.960923788246945
"2405",2021,"VL2440","OTB","1401:121:1","ARA",0.5,7.92,15.84
"2406",2021,"VL2440","OTB","1401:121:1","ARS",499.6,9698.23,19.4119895916733
"2407",2021,"VL2440","OTB","1401:121:1","CTC",1120,0,0
"2408",2021,"VL2440","OTB","1401:121:1","DPS",11008.75,0,0
"2409",2021,"VL2440","OTB","1401:121:1","HKE",8142.25,0,0
"2410",2021,"VL2440","OTB","1401:121:1","HOM",920,879.266315377172,0.955724255844752
"2411",2021,"VL2440","OTB","1401:121:1","MUR",1181,0,0
"2412",2021,"VL2440","OTB","1401:121:1","MUT",6381.25,0,0
"2413",2021,"VL2440","OTB","1401:121:2","ANE",7949.25,7623.36607874801,0.959004444286947
"2414",2021,"VL2440","OTB","1401:121:2","CTC",5145,0,0
"2415",2021,"VL2440","OTB","1401:121:2","DPS",61148,0,0
"2416",2021,"VL2440","OTB","1401:121:2","HKE",45899.75,0,0
"2417",2021,"VL2440","OTB","1401:121:2","HOM",2345,2238.0335711926,0.954385318205799
"2418",2021,"VL2440","OTB","1401:121:2","MUR",3534,0,0
"2419",2021,"VL2440","OTB","1401:121:2","MUT",25691.5,0,0
"2420",2021,"VL2440","OTB","1401:121:3","DPS",301,0,0
"2421",2022,"VL1218","OTB","1400:219:2","ARA",14.2,21.2824,1.49876056338028
"2422",2022,"VL1218","OTB","1400:219:2","BOG",1,0.8735,0.8735
"2423",2022,"VL1218","OTB","1400:219:2","DAB",3,23.803,7.93433333333333
"2424",2022,"VL1218","OTB","1400:219:2","DPS",5.66666666666667,69.1413333333333,12.2014117647059
"2425",2022,"VL1218","OTB","1400:219:2","HKE",24.7272727272727,38.9405454545455,1.57480147058824
"2426",2022,"VL1218","OTB","1400:219:2","HOM",15.5,20.721,1.33683870967742
"2427",2022,"VL1218","OTB","1400:219:2","ILL",1,3.991,3.991
"2428",2022,"VL1218","OTB","1400:219:2","MUR",12.6666666666667,25.4595,2.00996052631579
"2429",2022,"VL1218","OTB","1400:219:2","MUT",103.5,583.471475632265,5.63740556166439
"2430",2022,"VL1218","OTB","1400:219:2","NEP",19,485.708666666667,25.5636140350877
"2431",2022,"VL1218","OTB","1400:219:2","OCC",161,0,0
"2432",2022,"VL1218","OTB","1400:219:2","ROL",1.33333333333333,0.555,0.41625
"2433",2022,"VL1218","OTB","1400:219:2","WHB",1.5,2.7305,1.82033333333333
"2434",2022,"VL1218","OTB","1400:219:4","ARA",101.8,152.1808,1.49489980353635
"2435",2022,"VL1218","OTB","1400:219:4","ARY",21,95.3888,4.54232380952381
"2436",2022,"VL1218","OTB","1400:219:4","BOG",12.5,7.85783333333333,0.628626666666667
"2437",2022,"VL1218","OTB","1400:219:4","DAB",39,357.2846,9.16114358974359
"2438",2022,"VL1218","OTB","1400:219:4","DPS",64.75,783.48025,12.1000810810811
"2439",2022,"VL1218","OTB","1400:219:4","HKE",81,461.122375,5.69286882716049
"2440",2022,"VL1218","OTB","1400:219:4","HOM",32.6666666666667,44.6635,1.36725
"2441",2022,"VL1218","OTB","1400:219:4","ILL",28,149.3118,5.33256428571429
"2442",2022,"VL1218","OTB","1400:219:4","MUR",38.375,197.16475,5.13784364820847
"2443",2022,"VL1218","OTB","1400:219:4","MUT",16.6666666666667,91.7983333333333,5.5079
"2444",2022,"VL1218","OTB","1400:219:4","NEP",220.857142857143,5666.49242857143,25.6568221216041
"2445",2022,"VL1218","OTB","1400:219:4","ROL",34,16.8946666666667,0.496901960784314
"2446",2022,"VL1218","OTB","1400:219:4","WHB",27.8333333333333,63.4378333333333,2.27920359281437
"2447",2022,"VL1218","OTB","1400:229:2","ARA",124.666666666667,163.881,1.31455347593583
"2448",2022,"VL1218","OTB","1400:229:2","ARY",104.2,479.26,4.59942418426104
"2449",2022,"VL1218","OTB","1400:229:2","BOG",43.1428571428571,25.9425714285714,0.601317880794702
"2450",2022,"VL1218","OTB","1400:229:2","DAB",161.8,1478.798,9.13966625463535
"2451",2022,"VL1218","OTB","1400:229:2","DPS",219,2655.477,12.1254657534247
"2452",2022,"VL1218","OTB","1400:229:2","HKE",132.285714285714,752.714714285714,5.69006803455724
"2453",2022,"VL1218","OTB","1400:229:2","HOM",8,11.1704,1.3963
"2454",2022,"VL1218","OTB","1400:229:2","ILL",136.4,725.6406,5.31994574780059
"2455",2022,"VL1218","OTB","1400:229:2","MUR",93.1428571428571,480.183857142857,5.1553481595092
"2456",2022,"VL1218","OTB","1400:229:2","MUT",83.6666666666667,461.358666666667,5.51424701195219
"2457",2022,"VL1218","OTB","1400:229:2","NEP",604,15499.5855714286,25.6615655156102
"2458",2022,"VL1218","OTB","1400:229:2","ROL",149,74.527,0.500181208053691
"2459",2022,"VL1218","OTB","1400:229:2","WHB",124.333333333333,282.952166666667,2.27575469168901
"2460",2022,"VL1218","OTB","1400:229:4","ARA",118.333333333333,155.942,1.31781971830986
"2461",2022,"VL1218","OTB","1400:229:4","ARY",97,445.357,4.59130927835051
"2462",2022,"VL1218","OTB","1400:229:4","BOG",40,24.067,0.601675
"2463",2022,"VL1218","OTB","1400:229:4","CTC",216,0,0
"2464",2022,"VL1218","OTB","1400:229:4","DAB",150.2,1375.0602,9.15486151797603
"2465",2022,"VL1218","OTB","1400:229:4","DPS",256.6,1728.6041,6.73657092751364
"2466",2022,"VL1218","OTB","1400:229:4","HKE",206.1,490.6448,2.38061523532266
"2467",2022,"VL1218","OTB","1400:229:4","HOM",7.4,10.168,1.37405405405405
"2468",2022,"VL1218","OTB","1400:229:4","ILL",126.4,674.2872,5.33455063291139
"2469",2022,"VL1218","OTB","1400:229:4","MUR",85.4285714285714,439.880428571429,5.14910200668896
"2470",2022,"VL1218","OTB","1400:229:4","MUT",77.5,427.245333333333,5.51284301075269
"2471",2022,"VL1218","OTB","1400:229:4","NEP",441,11215.2193333333,25.4313363567649
"2472",2022,"VL1218","OTB","1400:229:4","OCC",36,0,0
"2473",2022,"VL1218","OTB","1400:229:4","ROL",138.666666666667,69.3363333333333,0.500021634615385
"2474",2022,"VL1218","OTB","1400:229:4","WHB",115.5,263.240833333333,2.27914141414141
"2475",2022,"VL1218","OTB","1400:237:4","ARA",4058.5,5440.11671474788,1.34042545638731
"2476",2022,"VL1218","OTB","1400:237:4","DPS",75,1163.96189755371,15.5194919673828
"2477",2022,"VL1218","OTB","1400:237:4","HKE",39,0,0
"2478",2022,"VL1218","OTB","1400:237:4","MUR",141,0,0
"2479",2022,"VL1218","OTB","1400:237:4","NEP",319,6336.51923589049,19.8636966642335
"2480",2022,"VL1218","OTB","1400:238:3","ARA",175,236.122798537066,1.34927313449752
"2481",2022,"VL1218","OTB","1400:238:3","DPS",585,3974.04383948171,6.79323733244736
"2482",2022,"VL1218","OTB","1400:238:3","NEP",23,2351.63985640709,102.245211148134
"2483",2022,"VL1218","OTB","1400:239:1","ARA",79.6666666666667,104.754666666667,1.31491213389121
"2484",2022,"VL1218","OTB","1400:239:1","ARY",63.8,294.0162,4.60840438871473
"2485",2022,"VL1218","OTB","1400:239:1","BOG",26.2857142857143,15.8684285714286,0.603690217391304
"2486",2022,"VL1218","OTB","1400:239:1","DAB",99.4,908.2186,9.13700804828974
"2487",2022,"VL1218","OTB","1400:239:1","DPS",134.571428571429,1631.16428571429,12.121178343949
"2488",2022,"VL1218","OTB","1400:239:1","HKE",81.5714285714286,463.452714285714,5.68155691768827
"2489",2022,"VL1218","OTB","1400:239:1","HOM",4.6,6.6078,1.43647826086957
"2490",2022,"VL1218","OTB","1400:239:1","ILL",83.6,445.1402,5.32464354066986
"2491",2022,"VL1218","OTB","1400:239:1","MUR",55.7142857142857,287.270571428571,5.15613846153846
"2492",2022,"VL1218","OTB","1400:239:1","MUT",51.3333333333333,281.329333333333,5.48044155844156
"2493",2022,"VL1218","OTB","1400:239:1","NEP",371.285714285714,9527.63014285714,25.6611816083109
"2494",2022,"VL1218","OTB","1400:239:1","ROL",91.8333333333333,45.8148333333333,0.49889110707804
"2495",2022,"VL1218","OTB","1400:239:1","WHB",76.3333333333333,173.937166666667,2.27865283842795
"2496",2022,"VL1218","OTB","1400:239:2","ARA",28.6666666666667,37.907,1.32233720930233
"2497",2022,"VL1218","OTB","1400:239:2","ARY",22,101.257,4.60259090909091
"2498",2022,"VL1218","OTB","1400:239:2","BOG",10.6666666666667,6.31233333333333,0.59178125
"2499",2022,"VL1218","OTB","1400:239:2","DAB",34.2,313.2202,9.15848538011696
"2500",2022,"VL1218","OTB","1400:239:2","DPS",46.4285714285714,562.664571428571,12.1189292307692
"2501",2022,"VL1218","OTB","1400:239:2","HKE",32.6666666666667,186.635,5.71331632653061
"2502",2022,"VL1218","OTB","1400:239:2","HOM",2,2.54375,1.271875
"2503",2022,"VL1218","OTB","1400:239:2","ILL",28.6,153.2916,5.35984615384615
"2504",2022,"VL1218","OTB","1400:239:2","MUR",18.4285714285714,95.7604285714286,5.19630232558139
"2505",2022,"VL1218","OTB","1400:239:2","MUT",17.5,96.1478333333333,5.49416190476191
"2506",2022,"VL1218","OTB","1400:239:2","NEP",128.142857142857,3289.46685714286,25.6703099219621
"2507",2022,"VL1218","OTB","1400:239:2","ROL",38,18.9426,0.49848947368421
"2508",2022,"VL1218","OTB","1400:239:2","WHB",26.1666666666667,60.0551666666667,2.29510191082803
"2509",2022,"VL1218","OTB","1400:239:3","ARA",204.5,275.653587909595,1.3479393051814
"2510",2022,"VL1218","OTB","1400:239:3","DPS",1751,10398.662553772,5.93869934538663
"2511",2022,"VL1218","OTB","1400:239:3","HKE",67,0,0
"2512",2022,"VL1218","OTB","1400:239:3","MUT",4,27.9267556146427,6.98168890366067
"2513",2022,"VL1218","OTB","1400:239:3","NEP",685,11263.7687389004,16.4434580129932
"2514",2022,"VL1218","OTB","1400:239:4","CTC",85,0,0
"2515",2022,"VL1218","OTB","1400:239:4","DPS",308,2447.78364749336,7.94734950484858
"2516",2022,"VL1218","OTB","1400:239:4","HKE",53,0,0
"2517",2022,"VL1218","OTB","1400:239:4","MUT",274,1535.4350410896,5.60377752222481
"2518",2022,"VL1218","OTB","1400:239:4","NEP",1008.5,15618.8649526263,15.4872235524307
"2519",2022,"VL1218","OTB","1400:239:4","OCC",44,0,0
"2520",2022,"VL1218","OTB","1400:248:1","ARA",153,206.642209852467,1.3506026787743
"2521",2022,"VL1218","OTB","1400:248:1","DPS",527,3654.4658931448,6.934470385474
"2522",2022,"VL1218","OTB","1400:248:1","HKE",6,0,0
"2523",2022,"VL1218","OTB","1400:248:1","HOM",172,177.125175783779,1.02979753362662
"2524",2022,"VL1218","OTB","1400:248:1","MUT",448,2506.9403806179,5.59584906387924
"2525",2022,"VL1218","OTB","1400:248:1","NEP",145,3994.05635741039,27.5452162580027
"2526",2022,"VL1218","OTB","1400:248:1","OCC",6,0,0
"2527",2022,"VL1218","OTB","1400:249:1","ARA",2428,3255.20308519162,1.34069319818436
"2528",2022,"VL1218","OTB","1400:249:1","DPS",3322,19054.8169278286,5.73594729916575
"2529",2022,"VL1218","OTB","1400:249:1","HKE",385,0,0
"2530",2022,"VL1218","OTB","1400:249:1","MUT",32,184.260948182416,5.75815463070049
"2531",2022,"VL1218","OTB","1400:249:1","NEP",2086,30124.6336397661,14.4413392328696
"2532",2022,"VL1218","OTB","1400:249:2","CTC",82,0,0
"2533",2022,"VL1218","OTB","1400:249:2","DPS",487,3434.06730946417,7.05147291471082
"2534",2022,"VL1218","OTB","1400:249:2","HKE",35,0,0
"2535",2022,"VL1218","OTB","1400:249:2","MUT",112,630.930069804624,5.63330419468415
"2536",2022,"VL1218","OTB","1400:249:2","NEP",186,4546.01600119018,24.440946242958
"2537",2022,"VL1218","OTB","1400:249:2","OCC",12,0,0
"2538",2022,"VL1218","OTB","1401:111:3","DPS",321,2519.41318718957,7.84863921242856
"2539",2022,"VL1218","OTB","1401:111:3","HKE",220,0,0
"2540",2022,"VL1218","OTB","1401:111:3","MUT",16,94.927123857974,5.93294524112337
"2541",2022,"VL1218","OTB","1401:111:3","NEP",212.5,4902.77040509663,23.0718607298665
"2542",2022,"VL1218","OTB","1401:111:4","CTC",132,0,0
"2543",2022,"VL1218","OTB","1401:111:4","DPS",964,6062.32041985565,6.28871412848097
"2544",2022,"VL1218","OTB","1401:111:4","HKE",303,0,0
"2545",2022,"VL1218","OTB","1401:111:4","MUT",348,1948.60397859014,5.59943672008661
"2546",2022,"VL1218","OTB","1401:111:4","NEP",36,2526.6514507763,70.1847625215638
"2547",2022,"VL1218","OTB","1401:112:3","ARA",170,229.422664745111,1.34954508673595
"2548",2022,"VL1218","OTB","1401:112:3","CTC",234,0,0
"2549",2022,"VL1218","OTB","1401:112:3","DPS",880,5599.48339412634,6.3630493115072
"2550",2022,"VL1218","OTB","1401:112:3","HKE",805,0,0
"2551",2022,"VL1218","OTB","1401:112:3","OCC",33,0,0
"2552",2022,"VL1218","OTB","1401:113:1","CTC",67,0,0
"2553",2022,"VL1218","OTB","1401:113:1","DPS",476,3373.457698952,7.08709600620168
"2554",2022,"VL1218","OTB","1401:113:1","HKE",451,0,0
"2555",2022,"VL1218","OTB","1401:113:1","MUT",883,4935.70372943866,5.5896984478354
"2556",2022,"VL1218","OTB","1401:113:1","NEP",185.5,4539.28478602214,24.4705379300385
"2557",2022,"VL1218","OTB","1401:113:1","OCC",265,0,0
"2558",2022,"VL1218","OTB","1401:120:1","DPS",408,2998.78010669493,7.34995124189934
"2559",2022,"VL1218","OTB","1401:120:1","HKE",1021,0,0
"2560",2022,"VL1218","OTB","1401:120:1","NEP",697,11425.3179029335,16.3921347244383
"2561",2022,"VL1218","OTB","1401:120:1","OCC",115,0,0
"2562",2022,"VL1218","OTB","1401:120:2","DPS",1284,7825.50908930067,6.0946332471189
"2563",2022,"VL1218","OTB","1401:120:2","HKE",771,0,0
"2564",2022,"VL1218","OTB","1401:120:2","MUT",510,2853.10894987511,5.59433127426493
"2565",2022,"VL1218","OTB","1401:120:2","NEP",843.5,13397.563947171,15.8833004708608
"2566",2022,"VL1218","OTB","1401:120:2","OCC",24,0,0
"2567",2022,"VL1218","OTB","1401:120:3","HKE",220,0,0
"2568",2022,"VL1218","OTB","1401:120:3","MUT",110,619.763341764069,5.63421219785517
"2569",2022,"VL1218","OTB","1401:120:4","DPS",725,4745.4388823639,6.54543294119159
"2570",2022,"VL1218","OTB","1401:120:4","HKE",775,0,0
"2571",2022,"VL1218","OTB","1401:120:4","MUT",285,1596.85204531265,5.60298963267597
"2572",2022,"VL1218","OTB","1401:121:1","ARA",135,182.521728201432,1.35201280149209
"2573",2022,"VL1218","OTB","1401:121:1","CTC",337,0,0
"2574",2022,"VL1218","OTB","1401:121:1","DPS",3865,22046.7277012932,5.70419862905386
"2575",2022,"VL1218","OTB","1401:121:1","HKE",5977,0,0
"2576",2022,"VL1218","OTB","1401:121:1","MUR",411,0,0
"2577",2022,"VL1218","OTB","1401:121:1","MUT",1957.5,10935.0283692269,5.58622138913254
"2578",2022,"VL1218","OTB","1401:121:1","NEP",1379.5,20613.4266073167,14.9426796718497
"2579",2022,"VL1218","OTB","1401:121:1","OCC",1468,0,0
"2580",2022,"VL1218","OTB","1401:121:2","ARA",135,182.521728201432,1.35201280149209
"2581",2022,"VL1218","OTB","1401:121:2","CTC",21,0,0
"2582",2022,"VL1218","OTB","1401:121:2","HKE",15,0,0
"2583",2022,"VL1218","OTB","1401:121:2","OCC",24,0,0
"2584",2022,"VL1218","OTB","1401:121:3","DPS",415,3037.34985883904,7.31891532250372
"2585",2022,"VL1218","OTB","1401:121:3","HKE",340,0,0
"2586",2022,"VL1218","OTB","1401:121:3","MUT",85,480.179241257129,5.64916754420152
"2587",2022,"VL1218","OTB","1401:130:1","ARA",45,61.9193199462569,1.3759848876946
"2588",2022,"VL1218","OTB","1401:130:1","CTC",114,0,0
"2589",2022,"VL1218","OTB","1401:130:1","HKE",167.5,0,0
"2590",2022,"VL1218","OTB","1401:130:1","OCC",30,0,0
"2591",2022,"VL1218","OTB","1401:130:3","ARA",90,122.220524073845,1.35800582304272
"2592",2022,"VL1218","OTB","1401:130:3","CTC",243,0,0
"2593",2022,"VL1218","OTB","1401:130:3","DPS",647,4315.66164418668,6.670265292406
"2594",2022,"VL1218","OTB","1401:130:3","HKE",526.5,0,0
"2595",2022,"VL1218","OTB","1401:130:3","MUR",64,0,0
"2596",2022,"VL1218","OTB","1401:130:3","MUT",108,608.596613723514,5.63515383077328
"2597",2022,"VL1218","OTB","1401:130:3","NEP",78,3092.07352489218,39.6419682678485
"2598",2022,"VL1218","OTB","1401:130:3","OCC",54,0,0
"2599",2022,"VL1824","OTB","1400:219:2","DPS",1918.83333333333,0,0
"2600",2022,"VL1824","OTB","1400:219:2","HKE",1330.33333333333,0,0
"2601",2022,"VL1824","OTB","1400:219:2","MUR",706,3659.10629255041,5.18287010276262
"2602",2022,"VL1824","OTB","1400:219:2","NEP",3223.33333333333,0,0
"2603",2022,"VL1824","OTB","1400:219:4","DPS",132,0,0
"2604",2022,"VL1824","OTB","1400:219:4","HKE",198,0,0
"2605",2022,"VL1824","OTB","1400:219:4","NEP",645.333333333333,0,0
"2606",2022,"VL1824","OTB","1400:229:4","DPS",1755.75,0,0
"2607",2022,"VL1824","OTB","1400:229:4","HKE",970,0,0
"2608",2022,"VL1824","OTB","1400:229:4","MUT",84,0,0
"2609",2022,"VL1824","OTB","1400:229:4","NEP",2523,0,0
"2610",2022,"VL1824","OTB","1400:239:2","DPS",8,0,0
"2611",2022,"VL1824","OTB","1400:239:3","DPS",219.5,0,0
"2612",2022,"VL1824","OTB","1400:239:3","HKE",153,0,0
"2613",2022,"VL1824","OTB","1400:239:3","NEP",240.5,0,0
"2614",2022,"VL1824","OTB","1400:239:4","DPS",371.5,0,0
"2615",2022,"VL1824","OTB","1400:239:4","HKE",106,0,0
"2616",2022,"VL1824","OTB","1400:239:4","MUT",156,0,0
"2617",2022,"VL1824","OTB","1400:248:2","HKE",1107,0,0
"2618",2022,"VL1824","OTB","1400:248:2","NEP",902,0,0
"2619",2022,"VL1824","OTB","1400:249:1","DPS",1762,0,0
"2620",2022,"VL1824","OTB","1400:249:1","HKE",335,0,0
"2621",2022,"VL1824","OTB","1400:249:1","MUR",81,420.236549079562,5.18810554419213
"2622",2022,"VL1824","OTB","1400:249:1","MUT",37.5,0,0
"2623",2022,"VL1824","OTB","1400:249:1","NEP",1333,0,0
"2624",2022,"VL1824","OTB","1400:249:2","DPS",304.5,0,0
"2625",2022,"VL1824","OTB","1400:249:2","HKE",13,0,0
"2626",2022,"VL1824","OTB","1400:249:2","MUT",10,0,0
"2627",2022,"VL1824","OTB","1401:110:1","DPS",1425,0,0
"2628",2022,"VL1824","OTB","1401:110:1","HKE",696,0,0
"2629",2022,"VL1824","OTB","1401:110:1","MUR",75,389.143399542242,5.18857866056323
"2630",2022,"VL1824","OTB","1401:110:1","NEP",975,0,0
"2631",2022,"VL1824","OTB","1401:110:3","DPS",6,0,0
"2632",2022,"VL1824","OTB","1401:110:3","HKE",270,0,0
"2633",2022,"VL1824","OTB","1401:110:3","NEP",483,0,0
"2634",2022,"VL1824","OTB","1401:110:4","DPS",16,0,0
"2635",2022,"VL1824","OTB","1401:110:4","HKE",15,0,0
"2636",2022,"VL1824","OTB","1401:110:4","NEP",17,0,0
"2637",2022,"VL1824","OTB","1401:111:3","DPS",2114,0,0
"2638",2022,"VL1824","OTB","1401:111:3","HKE",596.5,0,0
"2639",2022,"VL1824","OTB","1401:111:3","NEP",1622,0,0
"2640",2022,"VL1824","OTB","1401:111:4","DPS",4943.5,0,0
"2641",2022,"VL1824","OTB","1401:111:4","HKE",3498.5,0,0
"2642",2022,"VL1824","OTB","1401:111:4","HOM",73,66.7610813638916,0.914535361149201
"2643",2022,"VL1824","OTB","1401:111:4","MUR",215,1114.65022207971,5.18441963758006
"2644",2022,"VL1824","OTB","1401:111:4","MUT",2027,0,0
"2645",2022,"VL1824","OTB","1401:111:4","NEP",536.5,0,0
"2646",2022,"VL1824","OTB","1401:112:1","DPS",1485.5,0,0
"2647",2022,"VL1824","OTB","1401:112:1","HKE",2415.25,0,0
"2648",2022,"VL1824","OTB","1401:112:1","MUR",60,311.410525698942,5.1901754283157
"2649",2022,"VL1824","OTB","1401:112:1","MUT",2428.66666666667,0,0
"2650",2022,"VL1824","OTB","1401:112:1","NEP",318.5,0,0
"2651",2022,"VL1824","OTB","1401:112:2","DPS",3165,0,0
"2652",2022,"VL1824","OTB","1401:112:2","HKE",7238.25,0,0
"2653",2022,"VL1824","OTB","1401:112:2","HOM",216.75,198.716047104483,0.916798371877659
"2654",2022,"VL1824","OTB","1401:112:2","MUR",154.25,799.832083014346,5.18529713461488
"2655",2022,"VL1824","OTB","1401:112:2","MUT",9650.5,0,0
"2656",2022,"VL1824","OTB","1401:112:2","NEP",1362.5,0,0
"2657",2022,"VL1824","OTB","1401:112:3","DPS",448,0,0
"2658",2022,"VL1824","OTB","1401:112:3","HKE",6876.5,0,0
"2659",2022,"VL1824","OTB","1401:112:3","MUR",42,218.131077086981,5.19359707349956
"2660",2022,"VL1824","OTB","1401:112:3","MUT",8906,0,0
"2661",2022,"VL1824","OTB","1401:112:4","DPS",6,0,0
"2662",2022,"VL1824","OTB","1401:112:4","HKE",204,0,0
"2663",2022,"VL1824","OTB","1401:112:4","MUT",269,0,0
"2664",2022,"VL1824","OTB","1401:113:1","DPS",1332.5,0,0
"2665",2022,"VL1824","OTB","1401:113:1","HKE",6570,0,0
"2666",2022,"VL1824","OTB","1401:113:1","HOM",1420.5,1303.69545587134,0.917772232221995
"2667",2022,"VL1824","OTB","1401:113:1","MUR",12,62.6653294003807,5.22211078336506
"2668",2022,"VL1824","OTB","1401:113:1","MUT",3102.5,0,0
"2669",2022,"VL1824","OTB","1401:113:1","NEP",94,0,0
"2670",2022,"VL1824","OTB","1401:120:1","DPS",985,0,0
"2671",2022,"VL1824","OTB","1401:120:2","DPS",1162.5,0,0
"2672",2022,"VL1824","OTB","1401:120:2","HKE",1956.5,0,0
"2673",2022,"VL1824","OTB","1401:120:2","HOM",726,666.180856171585,0.917604485084828
"2674",2022,"VL1824","OTB","1401:120:2","MUR",650,3368.90356353542,5.18292855928527
"2675",2022,"VL1824","OTB","1401:120:2","MUT",705,0,0
"2676",2022,"VL1824","OTB","1401:120:2","NEP",484,0,0
"2677",2022,"VL1824","OTB","1401:120:3","HKE",48,0,0
"2678",2022,"VL1824","OTB","1401:120:3","MUT",30,0,0
"2679",2022,"VL1824","OTB","1401:120:4","DPS",486,0,0
"2680",2022,"VL1824","OTB","1401:120:4","HKE",936,0,0
"2681",2022,"VL1824","OTB","1401:120:4","HOM",512,469.740072390809,0.9174610788883
"2682",2022,"VL1824","OTB","1401:120:4","MUT",598.5,0,0
"2683",2022,"VL1824","OTB","1401:121:1","DPS",34086.5,0,0
"2684",2022,"VL1824","OTB","1401:121:1","HKE",20587,0,0
"2685",2022,"VL1824","OTB","1401:121:1","HOM",1772,1626.35403296921,0.917807016348311
"2686",2022,"VL1824","OTB","1401:121:1","MUR",2706,14023.4894716571,5.18236861480308
"2687",2022,"VL1824","OTB","1401:121:1","MUT",13600.5,0,0
"2688",2022,"VL1824","OTB","1401:121:1","NEP",6485,0,0
"2689",2022,"VL1824","OTB","1401:121:2","DPS",25367.5,0,0
"2690",2022,"VL1824","OTB","1401:121:2","HKE",25196.5,0,0
"2691",2022,"VL1824","OTB","1401:121:2","HOM",1722,1580.45665358118,0.91780293471613
"2692",2022,"VL1824","OTB","1401:121:2","MUR",1379.5,7149.3123281146,5.18253883879275
"2693",2022,"VL1824","OTB","1401:121:2","MUT",15650.5,0,0
"2694",2022,"VL1824","OTB","1401:121:2","NEP",528.5,0,0
"2695",2022,"VL1824","OTB","1401:121:3","HKE",387,0,0
"2696",2022,"VL1824","OTB","1401:130:1","DPS",450,0,0
"2697",2022,"VL1824","OTB","1401:130:1","HKE",620,0,0
"2698",2022,"VL1824","OTB","1401:130:1","MUT",720,0,0
"2699",2022,"VL1824","OTB","1401:130:1","NEP",48,0,0
"2700",2022,"VL1824","OTB","1401:130:3","DPS",132,0,0
"2701",2022,"VL1824","OTB","1401:130:3","HKE",6,0,0
"2702",2022,"VL1824","OTB","1401:130:3","NEP",68,0,0
"2703",2022,"VL2440","OTB","1400:219:2","ANE",7.75,27.97425,3.60958064516129
"2704",2022,"VL2440","OTB","1400:219:2","ARA",1187.8,99.9324,0.0841323455127126
"2705",2022,"VL2440","OTB","1400:219:2","ARS",859.333333333333,9547.80388321684,11.1107104924944
"2706",2022,"VL2440","OTB","1400:219:2","ARY",35.6,152.4078,4.28111797752809
"2707",2022,"VL2440","OTB","1400:219:2","BOG",24,12.964375,0.540182291666667
"2708",2022,"VL2440","OTB","1400:219:2","CTC",80,0,0
"2709",2022,"VL2440","OTB","1400:219:2","DPS",3553,0,0
"2710",2022,"VL2440","OTB","1400:219:2","HKE",202.545454545455,227.322,1.12232585278276
"2711",2022,"VL2440","OTB","1400:219:2","HOM",35.7142857142857,42.6165714285714,1.193264
"2712",2022,"VL2440","OTB","1400:219:2","ILL",35.2857142857143,183.489571428571,5.20010931174089
"2713",2022,"VL2440","OTB","1400:219:2","MAC",14,56.4465,4.03189285714286
"2714",2022,"VL2440","OTB","1400:219:2","MUR",70,89.9978333333333,1.28568333333333
"2715",2022,"VL2440","OTB","1400:219:2","MUT",29.125,44.231125,1.5186652360515
"2716",2022,"VL2440","OTB","1400:219:2","NEP",2466.375,1802.916625,0.730998580913284
"2717",2022,"VL2440","OTB","1400:219:2","PIL",7.5,10.6965,1.4262
"2718",2022,"VL2440","OTB","1400:219:2","SPC",35.375,17.238125,0.487296819787986
"2719",2022,"VL2440","OTB","1400:219:4","ANE",48.75,171.4965,3.51787692307692
"2720",2022,"VL2440","OTB","1400:219:4","ARA",474.333333333333,998.737666666667,2.10556078706957
"2721",2022,"VL2440","OTB","1400:219:4","ARS",611,9644.4888251372,15.784760761272
"2722",2022,"VL2440","OTB","1400:219:4","ARY",223.6,959.5634,4.29142844364937
"2723",2022,"VL2440","OTB","1400:219:4","BOG",147.625,79.70975,0.53994750211685
"2724",2022,"VL2440","OTB","1400:219:4","DPS",836.5,0,0
"2725",2022,"VL2440","OTB","1400:219:4","HKE",344.2,1559.0378,4.52945322486926
"2726",2022,"VL2440","OTB","1400:219:4","HOM",220.571428571429,262.522714285714,1.19019365284974
"2727",2022,"VL2440","OTB","1400:219:4","ILL",220,1149.38614285714,5.22448246753247
"2728",2022,"VL2440","OTB","1400:219:4","MAC",85.5,346.094,4.04788304093567
"2729",2022,"VL2440","OTB","1400:219:4","MUR",123.4,665.1154,5.38991410048622
"2730",2022,"VL2440","OTB","1400:219:4","MUT",64.2857142857143,312.953571428571,4.86816666666667
"2731",2022,"VL2440","OTB","1400:219:4","NEP",1164.85714285714,12851.8538571429,11.0329871228845
"2732",2022,"VL2440","OTB","1400:219:4","PIL",46,65.7175,1.42864130434783
"2733",2022,"VL2440","OTB","1400:219:4","SPC",216.875,105.759875,0.487653602305475
"2734",2022,"VL2440","OTB","1400:229:2","ARA",578,0,0
"2735",2022,"VL2440","OTB","1400:229:2","ARS",2234,9012.59757384829,4.03428718614516
"2736",2022,"VL2440","OTB","1400:229:2","ARY",47,201.708,4.29165957446808
"2737",2022,"VL2440","OTB","1400:229:2","BOG",9,4.746,0.527333333333333
"2738",2022,"VL2440","OTB","1400:229:2","DPS",2492.5,0,0
"2739",2022,"VL2440","OTB","1400:229:2","HKE",158.5,352.799,2.22586119873817
"2740",2022,"VL2440","OTB","1400:229:2","HOM",7,8.44666666666667,1.20666666666667
"2741",2022,"VL2440","OTB","1400:229:2","ILL",54,282.308333333333,5.22793209876543
"2742",2022,"VL2440","OTB","1400:229:2","MUR",9,47.275,5.25277777777778
"2743",2022,"VL2440","OTB","1400:229:2","MUT",8,38.9515,4.8689375
"2744",2022,"VL2440","OTB","1400:229:2","NEP",1114.4,1579.8478,1.41766672648959
"2745",2022,"VL2440","OTB","1400:229:4","ARA",156,0,0
"2746",2022,"VL2440","OTB","1400:229:4","ARS",2907,8750.57489232183,3.01017368156926
"2747",2022,"VL2440","OTB","1400:229:4","ARY",45,192.187333333333,4.27082962962963
"2748",2022,"VL2440","OTB","1400:229:4","BOG",9,4.522,0.502444444444444
"2749",2022,"VL2440","OTB","1400:229:4","DPS",2305,0,0
"2750",2022,"VL2440","OTB","1400:229:4","HKE",81.25,336.14725,4.13719692307692
"2751",2022,"VL2440","OTB","1400:229:4","HOM",7,8.048,1.14971428571429
"2752",2022,"VL2440","OTB","1400:229:4","ILL",51.6666666666667,268.983333333333,5.20612903225807
"2753",2022,"VL2440","OTB","1400:229:4","MUR",8,45.044,5.6305
"2754",2022,"VL2440","OTB","1400:229:4","MUT",8,37.113,4.639125
"2755",2022,"VL2440","OTB","1400:229:4","NEP",1256,1075.19957142857,0.856050614194723
"2756",2022,"VL2440","OTB","1400:237:2","ARA",1,15.5975,15.5975
"2757",2022,"VL2440","OTB","1400:237:2","ARY",1,5.453,5.453
"2758",2022,"VL2440","OTB","1400:237:2","HKE",3,16.4365,5.47883333333333
"2759",2022,"VL2440","OTB","1400:237:2","ILL",2,10.982,5.491
"2760",2022,"VL2440","OTB","1400:237:2","NEP",3.5,79.3185,22.6624285714286
"2761",2022,"VL2440","OTB","1400:237:2","SPC",1,0.336,0.336
"2762",2022,"VL2440","OTB","1400:238:1","ARA",1.5,22.4095,14.9396666666667
"2763",2022,"VL2440","OTB","1400:238:1","ARY",2,7.835,3.9175
"2764",2022,"VL2440","OTB","1400:238:1","HKE",4.5,23.6145,5.24766666666667
"2765",2022,"VL2440","OTB","1400:238:1","ILL",3,15.778,5.25933333333333
"2766",2022,"VL2440","OTB","1400:238:1","NEP",5,113.96,22.792
"2767",2022,"VL2440","OTB","1400:238:1","SPC",1,0.483,0.483
"2768",2022,"VL2440","OTB","1400:238:2","ARA",1.5,22.4095,14.9396666666667
"2769",2022,"VL2440","OTB","1400:238:2","ARY",2,7.835,3.9175
"2770",2022,"VL2440","OTB","1400:238:2","HKE",4.5,23.6145,5.24766666666667
"2771",2022,"VL2440","OTB","1400:238:2","ILL",3,15.778,5.25933333333333
"2772",2022,"VL2440","OTB","1400:238:2","NEP",5,113.96,22.792
"2773",2022,"VL2440","OTB","1400:238:2","SPC",1,0.483,0.483
"2774",2022,"VL2440","OTB","1400:239:1","ARA",1,11.296,11.296
"2775",2022,"VL2440","OTB","1400:239:1","ARY",30.6666666666667,130.447,4.25370652173913
"2776",2022,"VL2440","OTB","1400:239:1","BOG",6,3.048,0.508
"2777",2022,"VL2440","OTB","1400:239:1","HKE",58.6666666666667,307.149333333333,5.2355
"2778",2022,"VL2440","OTB","1400:239:1","HOM",4.66666666666667,5.45366666666667,1.16864285714286
"2779",2022,"VL2440","OTB","1400:239:1","ILL",35.3333333333333,182.991666666667,5.17900943396226
"2780",2022,"VL2440","OTB","1400:239:1","MUR",6,30.355,5.05916666666667
"2781",2022,"VL2440","OTB","1400:239:1","MUT",5.5,24.9675,4.53954545454545
"2782",2022,"VL2440","OTB","1400:239:1","NEP",74,1715.03566666667,23.1761576576577
"2783",2022,"VL2440","OTB","1400:239:2","ARA",1,9.327,9.327
"2784",2022,"VL2440","OTB","1400:239:2","ARY",11,47.892,4.35381818181818
"2785",2022,"VL2440","OTB","1400:239:2","BOG",2,1.11,0.555
"2786",2022,"VL2440","OTB","1400:239:2","HKE",21.6666666666667,114.112333333333,5.26672307692308
"2787",2022,"VL2440","OTB","1400:239:2","HOM",2.5,2.8175,1.127
"2788",2022,"VL2440","OTB","1400:239:2","ILL",12.6666666666667,67.375,5.31907894736842
"2789",2022,"VL2440","OTB","1400:239:2","MUR",2,11.044,5.522
"2790",2022,"VL2440","OTB","1400:239:2","MUT",2,9.064,4.532
"2791",2022,"VL2440","OTB","1400:239:2","NEP",27.3333333333333,635.242333333333,23.2405731707317
"2792",2022,"VL2440","OTB","1400:239:4","NEP",90,0,0
"2793",2022,"VL2440","OTB","1401:110:1","ARA",146,0,0
"2794",2022,"VL2440","OTB","1401:110:1","ARS",40,9866.79930233127,246.669982558282
"2795",2022,"VL2440","OTB","1401:110:1","DPS",30,0,0
"2796",2022,"VL2440","OTB","1401:110:1","HKE",680,0,0
"2797",2022,"VL2440","OTB","1401:110:3","ARA",204,0,0
"2798",2022,"VL2440","OTB","1401:110:3","ARS",1133,9441.25577943615,8.33297067911399
"2799",2022,"VL2440","OTB","1401:110:3","DPS",3558,0,0
"2800",2022,"VL2440","OTB","1401:110:3","HKE",448,0,0
"2801",2022,"VL2440","OTB","1401:110:3","NEP",2978,0,0
"2802",2022,"VL2440","OTB","1401:111:4","ANE",309.5,305.282510812149,0.986373217486749
"2803",2022,"VL2440","OTB","1401:111:4","CTC",26,0,0
"2804",2022,"VL2440","OTB","1401:111:4","DPS",3473,0,0
"2805",2022,"VL2440","OTB","1401:111:4","HKE",2284.5,0,0
"2806",2022,"VL2440","OTB","1401:111:4","HOM",135,130.752423577094,0.96853647094144
"2807",2022,"VL2440","OTB","1401:111:4","MUR",83,0,0
"2808",2022,"VL2440","OTB","1401:111:4","MUT",1883,0,0
"2809",2022,"VL2440","OTB","1401:112:1","CTC",56,0,0
"2810",2022,"VL2440","OTB","1401:112:1","HKE",168,0,0
"2811",2022,"VL2440","OTB","1401:112:1","MUT",180,0,0
"2812",2022,"VL2440","OTB","1401:112:2","HKE",290,0,0
"2813",2022,"VL2440","OTB","1401:112:2","MUT",72,0,0
"2814",2022,"VL2440","OTB","1401:112:3","CTC",32,0,0
"2815",2022,"VL2440","OTB","1401:112:3","HKE",96,0,0
"2816",2022,"VL2440","OTB","1401:112:3","MUT",234,0,0
"2817",2022,"VL2440","OTB","1401:120:1","ARA",192,0,0
"2818",2022,"VL2440","OTB","1401:120:1","ARS",1030,9481.35731910513,9.20520128068459
"2819",2022,"VL2440","OTB","1401:120:1","DPS",2764,0,0
"2820",2022,"VL2440","OTB","1401:120:1","HKE",430,0,0
"2821",2022,"VL2440","OTB","1401:120:1","NEP",1296,0,0
"2822",2022,"VL2440","OTB","1401:121:1","ANE",16,24.1401269397478,1.50875793373424
"2823",2022,"VL2440","OTB","1401:121:1","DPS",3230.5,0,0
"2824",2022,"VL2440","OTB","1401:121:1","HKE",893.5,0,0
"2825",2022,"VL2440","OTB","1401:121:1","HOM",702.5,671.87552370008,0.956406439430719
"2826",2022,"VL2440","OTB","1401:121:1","MUR",528,0,0
"2827",2022,"VL2440","OTB","1401:121:1","MUT",1208.5,0,0
"2828",2022,"VL2440","OTB","1401:121:2","ANE",1860.5,1790.97871996409,0.96263301261171
"2829",2022,"VL2440","OTB","1401:121:2","CTC",88,0,0
"2830",2022,"VL2440","OTB","1401:121:2","DPS",9941.5,0,0
"2831",2022,"VL2440","OTB","1401:121:2","HKE",7644.5,0,0
"2832",2022,"VL2440","OTB","1401:121:2","HOM",1323.5,1264.01199097122,0.955052505456157
"2833",2022,"VL2440","OTB","1401:121:2","MUR",313,0,0
"2834",2022,"VL2440","OTB","1401:121:2","MUT",2861,0,0
"2835",2022,"VL2440","OTB","1401:130:1","DPS",42,0,0
"2836",2022,"VL2440","OTB","1401:130:1","HKE",294,0,0
"2837",2022,"VL2440","OTB","1401:130:1","MUT",210,0,0
"2838",2022,"VL2440","OTB","1401:130:3","DPS",24,0,0
"2839",2022,"VL2440","OTB","1401:130:3","HKE",168,0,0
"2840",2022,"VL2440","OTB","1401:130:3","HOM",84,82.1228586321213,0.977653078953825
"2841",2022,"VL2440","OTB","1401:130:3","MUT",120,0,0
"2842",2022,"VL2440","OTB","1401:130:3","NEP",140,0,0
