"cscode","year","vessel_length","gear_type","supra_region","GVL_disagg","Other_income_disagg","Repair_maintenance_costs_disagg","Other_variable_costs_disagg","Other_non_variable_costs_disagg","Personnel_costs_disagg","Value_of_unpaid_labour_disagg","totfishdays","Fuel_cost","m","q","loa","loaFC","yFC","EC","GVA","Gross_profit"
"1300:370:1",2018,"VL1824","OTB","MBS",2200.72811706904,15.0334442128295,180.603280308294,220.213375024024,131.14686186386,712.951181482631,81.0797149657752,1,0.502828358672181,1.47,12.811,21,43.681,43.681,21.9640455351595,1661.83399855053,867.803102102122
"1300:370:1",2018,"VL2440","OTB","MBS",103931.59381733,287.939675836315,10182.2734305042,6115.66365036073,6931.66912771033,41202.0501730307,1911.98297358594,43,0.502828358672181,1.47,12.811,32,59.851,2573.593,1294.07554408021,79695.8517405113,36581.8185938947
"1300:370:1",2019,"VL1824","OTB","MBS",967.728777464285,15.3444519909612,93.6587025239694,86.2374792222548,54.8889512185781,329.393417891202,45.3350668334844,0.5,0.500663831533424,1.47,12.811,21,43.681,21.8405,10.9347484126057,737.353348077838,362.624863353151
"1300:370:1",2019,"VL2440","OTB","MBS",104733.211196971,2947.79781728307,7280.82280537193,12132.6830122288,5122.04256149127,40499.5373275366,3552.02003156453,47,0.500663831533424,1.47,12.811,32,59.851,2812.997,1408.36585611203,81737.0947790497,37685.5374199486
"1300:370:2",2018,"VL1824","OTB","MBS",1100.36405853452,7.51672210641475,90.3016401541471,110.106687512012,65.5734309319298,356.475590741316,40.5398574828876,0.5,0.502828358672181,1.47,12.811,21,43.681,21.8405,10.9820227675798,830.916999275264,433.901551051061
"1300:370:2",2019,"VL1824","OTB","MBS",967.728777464285,15.3444519909612,93.6587025239694,86.2374792222548,54.8889512185781,329.393417891202,45.3350668334844,0.5,0.500663831533424,1.47,12.811,21,43.681,21.8405,10.9347484126057,737.353348077838,362.624863353151
"1300:370:3",2017,"VL1824","OTB","MBS",211.922361964713,0.325637330277716,19.624683780587,22.8804572706439,9.73126294842414,73.347258369434,7.28256757940908,0.1,0.423215748104041,1.47,12.811,21,43.681,4.3681,1.84864870929326,158.162946586042,77.5331206371989
"1300:370:3",2017,"VL2440","OTB","MBS",6333.8335882848,52.3237364409609,511.110874732581,458.070006700175,449.692939087178,2453.5706699282,110.110231633291,3,0.423215748104041,1.47,12.811,32,59.851,179.553,75.9896572193249,4891.2938469865,2327.61294542501
"1300:370:3",2018,"VL1218","OTB","MBS",1525.342988121,0.177205053647101,86.7515091064827,163.161414660536,72.9261749391398,483.317421783428,130.44297234244,1,0.502828358672181,1.47,12.811,15,34.861,34.861,17.5290994116709,1185.15199505682,571.391600930949
"1300:370:3",2018,"VL1824","OTB","MBS",28609.4655218975,195.434774766783,2347.84264400783,2862.77387531231,1704.90920423018,9268.36535927421,1054.03629455508,13,0.502828358672181,1.47,12.811,21,43.681,567.853,285.532591957074,21603.8419811569,11281.4403273276
"1300:370:3",2018,"VL2440","OTB","MBS",24170.1380970536,66.9627153107709,2367.97056523354,1422.24736054901,1612.0160762117,9581.87213326295,444.647203159521,10,0.502828358672181,1.47,12.811,32,59.851,598.51,300.947800948887,18533.9190094212,8507.39967299876
"1300:370:3",2019,"VL1218","OTB","MBS",620.072243002601,0.550769491563104,54.1307968920211,59.2633962117338,18.7600820346368,199.471784753563,42.9981481069785,0.5,0.500663831533424,1.47,12.811,15,34.861,17.4305,8.72682091554335,479.741916440229,237.271983579688
"1300:370:3",2019,"VL1824","OTB","MBS",9677.28777464285,153.444519909612,936.587025239694,862.374792222548,548.88951218578,3293.93417891202,453.350668334844,5,0.500663831533424,1.47,12.811,21,43.681,218.405,109.347484126057,7373.53348077838,3626.24863353151
"1300:370:3",2019,"VL2440","OTB","MBS",23397.8450546424,658.550576201537,1626.56679694479,2710.49301337026,1144.28610416294,9047.76897742838,793.536390030373,10.5,0.500663831533424,1.47,12.811,32,59.851,628.4355,314.634925301623,18260.4147910643,8419.10942360553
"1300:370:3",2020,"VL1824","OTB","MBS",15156.076154415,193.071453220859,1749.6243577454,1369.57873233457,1032.86747713081,5640.14958917616,650.063424353637,7.5,0.335314196709714,1.47,12.811,21,43.681,327.6075,109.851445698578,11087.2255947265,4797.01258119669
"1300:370:3",2020,"VL2440","OTB","MBS",69101.7714305284,1977.23085981338,6579.33016327971,5351.22175008035,4681.39917438105,27894.1835861473,774.786194196958,33,0.335314196709714,1.47,12.811,32,59.851,1975.083,662.273369580011,53804.7778330207,25135.8080526764
"1300:370:3",2021,"VL1824","OTB","MBS",24811.617550319,144.483228252621,2083.70130238624,2796.65786982209,1411.88770698446,8750.55057617134,1403.37623083279,12,0.49821880876196,1.47,12.811,21,43.681,524.172,261.152349426374,18402.7015499525,8248.77474294834
"1300:370:3",2021,"VL2440","OTB","MBS",32591.3196431915,469.384070638516,3137.15067416006,2707.94846123065,1956.85904951464,14355.3532303807,998.385974219382,11.5,0.49821880876196,1.47,12.811,32,59.851,688.2865,342.917280116939,24915.8282488077,9562.08904420761
"1300:370:3",2022,"VL1824","OTB","MBS",0,0,0,0,0,0,0,9,NA,1.47,12.811,21,43.681,393.129,NA,NA,NA
"1300:370:3",2022,"VL2440","OTB","MBS",0,0,0,0,0,0,0,25,NA,1.47,12.811,32,59.851,1496.275,NA,NA,NA
"1300:370:4",2017,"VL2440","OTB","MBS",2111.2778627616,17.4412454803203,170.370291577527,152.690002233392,149.897646362393,817.856889976068,36.7034105444304,1,0.423215748104041,1.47,12.811,32,59.851,59.851,25.329885739775,1630.43128232883,775.870981808337
"1300:370:4",2018,"VL1824","OTB","MBS",101233.493385176,691.538433790157,8307.75089418154,10129.8152511051,6032.75564573755,32795.754348201,3729.66688842566,46,0.502828358672181,1.47,12.811,21,43.681,2009.326,1010.34609461734,76444.3639333243,39918.9426966976
"1300:370:4",2018,"VL2440","OTB","MBS",4834.02761941072,13.3925430621542,473.594113046709,284.449472109801,322.403215242341,1916.37442665259,88.9294406319041,2,0.502828358672181,1.47,12.811,32,59.851,119.702,60.1895601897774,3706.78380188425,1701.47993459975
"1300:370:4",2019,"VL1824","OTB","MBS",3870.91510985714,61.3778079638448,374.634810095878,344.949916889019,219.555804874312,1317.57367156481,181.340267333938,2,0.500663831533424,1.47,12.811,21,43.681,87.362,43.738993650423,2949.41339231135,1450.49945341261
"1300:370:4",2019,"VL2440","OTB","MBS",1114.18309784011,31.3595512476922,77.4555617592758,129.071095874774,54.4898144839497,430.846141782304,37.7874471443035,0.5,0.500663831533424,1.47,12.811,32,59.851,29.9255,14.9826154905535,869.543561479252,400.909972552644
"1300:370:4",2021,"VL2440","OTB","MBS",2834.02779506013,40.8160061424796,272.795710796527,235.473779237448,170.161656479534,1248.2915852505,86.8161716712506,1,0.49821880876196,1.47,12.811,32,59.851,59.851,29.8188939232121,2166.59376076589,831.48600384414
"1300:380:1",2017,"VL1218","OTB","MBS",17585.6978183714,0,2132.17621918678,1602.92924569584,956.276082569912,4796.55333634871,1533.71143350846,13,0.423215748104041,1.47,12.811,15,34.861,453.193,191.798414530515,12702.5178563883,6372.25308653116
"1300:380:1",2017,"VL1824","OTB","MBS",2966065.37805812,4557.62007456691,274667.074193095,320234.879959932,136198.756226144,1026568.2281386,101926.81584141,1399.6,0.423215748104041,1.47,12.811,21,43.681,61135.9276,25873.6873352685,2213648.60041824,1085153.55643824
"1300:380:1",2017,"VL2440","OTB","MBS",1866369.63068126,15418.0610046031,150607.337754534,134977.961974318,132509.519384355,722985.490738844,32445.8149212765,884,0.423215748104041,1.47,12.811,32,59.851,52908.284,22391.6189939611,1441301.25357869,685869.94791857
"1300:380:1",2018,"VL1218","OTB","MBS",46980.5640341268,5.45791565233072,2671.94648047967,5025.3715715445,2246.12618812551,14886.1765909296,4017.64354814715,30.8,0.502828358672181,1.47,12.811,15,34.861,1073.7188,539.896261879464,36502.68144775,17598.8613086732
"1300:380:1",2018,"VL1824","OTB","MBS",2426962.96750373,16578.8822779084,199169.297523987,242851.309976494,144628.759263464,786242.562939046,89414.7096642569,1102.8,0.502828358672181,1.47,12.811,21,43.681,48171.4068,24221.9494161739,1832670.53360152,957013.26099822
"1300:380:1",2018,"VL2440","OTB","MBS",1355944.74724471,3756.60832893425,132843.148709602,79788.0769267992,90434.1018754766,537543.026676051,24944.7080972491,561,0.502828358672181,1.47,12.811,32,59.851,33576.411,16883.1716332326,1039752.85642853,477265.12165523
"1300:380:1",2019,"VL1218","OTB","MBS",8060.93915903381,7.16000339032036,703.700359596274,770.42415075254,243.881066450279,2593.13320179631,558.97592539072,6.5,0.500663831533424,1.47,12.811,15,34.861,226.5965,113.448671902063,6236.64491372298,3084.53578653594
"1300:380:1",2019,"VL1824","OTB","MBS",1124500.8394135,17830.2532134969,108831.412332852,100207.95085626,63780.9613159877,382755.151589577,52679.3476605089,581,0.500663831533424,1.47,12.811,21,43.681,25378.661,12706.1776554479,856804.590466448,421370.091216362
"1300:380:1",2019,"VL2440","OTB","MBS",1168778.06963428,32896.1692588291,81250.8842854803,135395.579572638,57159.8153936633,451957.602729637,39639.0320543744,524.5,0.500663831533424,1.47,12.811,32,59.851,31391.8495,15716.7636495906,912151.195991735,420554.561207724
"1300:380:1",2020,"VL1218","OTB","MBS",5901.52601750271,5.14492394894047,443.699410263737,615.688055764132,251.397410476374,2190.32655972782,473.140494115927,3.5,0.335314196709714,1.47,12.811,15,34.861,122.0135,40.9128587402407,4554.97320620717,1891.50615236341
"1300:380:1",2020,"VL1824","OTB","MBS",1757094.42883518,22383.4171434049,202839.783874617,158779.827701988,119743.769515365,653881.342371823,75364.0196633983,869.5,0.335314196709714,1.47,12.811,21,43.681,37980.6295,12735.4442713218,1285379.02061529,556133.65858007
"1300:380:1",2020,"VL2440","OTB","MBS",1026056.60608966,29358.8824638956,97693.0842426382,79457.5350769506,69511.6847105065,414186.362339763,11504.4010653488,490,0.335314196709714,1.47,12.811,32,59.851,29326.99,9833.75609376381,798919.428429701,373228.665024589
"1300:380:1",2021,"VL1218","OTB","MBS",4954.8936761811,1.43968503937008,366.867106299213,490.511823326772,238.390046751968,1616.36464320866,377.531736003937,3,0.49821880876196,1.47,12.811,15,34.861,104.583,52.1052176767521,3808.45916716577,1814.56278795317
"1300:380:1",2021,"VL1824","OTB","MBS",2834727.30512395,16507.2088278619,238062.873797628,319518.161627173,161308.170522974,999750.403327575,160335.734372647,1371,0.49821880876196,1.47,12.811,21,43.681,59886.651,29836.6559219633,2102508.65208207,942422.514381848
"1300:380:1",2021,"VL2440","OTB","MBS",4028570.51067798,58019.9527315348,387779.102897263,334725.977186032,241884.794685658,1774446.48843358,123409.188030683,1421.5,0.49821880876196,1.47,12.811,32,59.851,85078.1965,42387.557711846,3079813.03092871,1181957.35446444
"1300:380:1",2022,"VL1218","OTB","MBS",0,0,0,0,0,0,0,9,NA,1.47,12.811,15,34.861,313.749,NA,NA,NA
"1300:380:1",2022,"VL1824","OTB","MBS",0,0,0,0,0,0,0,1273.5,NA,1.47,12.811,21,43.681,55627.7535,NA,NA,NA
"1300:380:1",2022,"VL2440","OTB","MBS",0,0,0,0,0,0,0,1369.5,NA,1.47,12.811,32,59.851,81965.9445,NA,NA,NA
"1300:380:2",2017,"VL1824","OTB","MBS",93245.8392644735,143.280425322195,8634.86086345827,10067.4011990833,4281.75569730662,32272.7936825509,3204.32973494,44,0.423215748104041,1.47,12.811,21,43.681,1921.964,813.405432089035,69591.6964978585,34114.5730803675
"1300:380:2",2017,"VL2440","OTB","MBS",134066.144285362,1107.51908800034,10818.513515173,9695.81514182038,9518.50054401192,51933.9125134803,2330.66656957133,63.5,0.423215748104041,1.47,12.811,32,59.851,3800.5385,1608.44774447571,103532.386427881,49267.8073448294
"1300:380:2",2018,"VL1824","OTB","MBS",110256.478665159,753.175555062758,9048.22434344554,11032.6900887036,6570.45777937937,35718.8541922798,4062.09371978534,50.1,0.502828358672181,1.47,12.811,21,43.681,2188.4181,1100.39868131149,83257.8833273815,43476.9354153163
"1300:380:2",2018,"VL2440","OTB","MBS",8459.54833396876,23.4369503587698,828.78969783174,497.786576192152,564.205626674096,3353.65524664203,155.626521105832,3.5,0.502828358672181,1.47,12.811,32,59.851,209.4785,105.33173033211,6486.87165329743,2977.58988554957
"1300:380:2",2019,"VL1824","OTB","MBS",26128.6769915357,414.300203755953,2528.78496814717,2328.41193900088,1482.00168290161,8893.62228306247,1224.04680450408,13.5,0.500663831533424,1.47,12.811,21,43.681,589.6935,295.238207140355,19908.5403981016,9790.87131053509
"1300:380:2",2019,"VL2440","OTB","MBS",47909.8732071248,1348.46070365077,3330.58915564886,5550.05712261529,2343.06202280984,18526.3840966391,1624.86022720505,21.5,0.500663831533424,1.47,12.811,32,59.851,1286.7965,644.252466093799,37390.3731436078,17239.1288197637
"1300:380:2",2020,"VL1824","OTB","MBS",24249.721847064,308.914325153374,2799.39897239264,2191.32597173532,1652.58796340929,9024.23934268186,1040.10147896582,12,0.335314196709714,1.47,12.811,21,43.681,524.172,175.762313117724,17739.5609515624,7675.22012991471
"1300:380:2",2020,"VL2440","OTB","MBS",27221.9099574809,778.90912659315,2591.85733704958,2108.05705306196,1844.18755354405,10988.6177763611,305.218803774559,13,0.335314196709714,1.47,12.811,32,59.851,778.063,260.89556983455,21195.8215705839,9901.98499044828
"1300:380:2",2021,"VL1824","OTB","MBS",115787.548568155,674.255065178898,9723.93941113578,13051.0700591697,6588.8092992608,40835.9026887996,6549.08907721971,56,0.49821880876196,1.47,12.811,21,43.681,2446.136,1218.71096398975,85879.2738997782,38494.2821337589
"1300:380:2",2021,"VL2440","OTB","MBS",325913.196431915,4693.84070638516,31371.5067416006,27079.4846123065,19568.5904951464,143553.532303807,9983.85974219382,115,0.49821880876196,1.47,12.811,32,59.851,6882.865,3429.17280116939,249158.282488077,95620.8904420761
"1300:380:2",2022,"VL1824","OTB","MBS",0,0,0,0,0,0,0,32,NA,1.47,12.811,21,43.681,1397.792,NA,NA,NA
"1300:380:2",2022,"VL2440","OTB","MBS",0,0,0,0,0,0,0,102,NA,1.47,12.811,32,59.851,6104.802,NA,NA,NA
"1300:380:3",2017,"VL1218","OTB","MBS",815705.829575226,0,98900.1738592021,74351.256550353,44356.4982915121,222486.281678329,71140.6149542768,603,0.423215748104041,1.47,12.811,15,34.861,21021.183,8896.49568937695,589201.405184782,295574.508552176
"1300:380:3",2017,"VL1824","OTB","MBS",8211567.68140868,12617.7952736009,760417.247130184,886571.95832291,377066.976725539,2842059.56729883,282184.928566943,3874.8,0.423215748104041,1.47,12.811,21,43.681,169255.1388,71631.4401876953,6128497.85431596,3004253.35845018
"1300:380:3",2017,"VL2440","OTB","MBS",2309737.98186119,19080.7225554704,186385.098985814,167042.862443331,163988.025120457,894735.437633818,40153.5311356068,1094,0.423215748104041,1.47,12.811,32,59.851,65476.994,27710.8949993138,1783691.82286775,848802.85409832
"1300:380:3",2018,"VL1218","OTB","MBS",885004.001707804,102.814372126048,50333.2255835813,94666.2527860428,42311.7666996889,280420.768118745,75683.0125530836,580.2,0.502828358672181,1.47,12.811,15,34.861,20226.3522,10170.3834786515,687625.187531965,331521.406860137
"1300:380:3",2018,"VL1824","OTB","MBS",10048304.5097255,68641.2029313582,824616.517559641,1005472.24902219,598803.456584197,3255263.79953155,370201.870562233,4565.9,0.502828358672181,1.47,12.811,21,43.681,199443.0779,100285.635508985,7587767.85398186,3962302.18388808
"1300:380:3",2018,"VL2440","OTB","MBS",4717285.85240195,13069.1131472032,462156.815216631,277580.01735835,314617.177594238,1870093.98424893,86781.7946406436,1951.7,0.502828358672181,1.47,12.811,32,59.851,116811.1967,58735.9823111943,3617264.97306874,1660389.19417917
"1300:380:3",2019,"VL1218","OTB","MBS",1016918.47852427,903.261966163491,88774.5069029146,97191.9697872435,30766.5345368044,327133.726995843,70516.9628954447,820,0.500663831533424,1.47,12.811,15,34.861,28586.02,14311.9863014911,786776.742961976,389126.053070688
"1300:380:3",2019,"VL1824","OTB","MBS",9111166.43982625,144468.0154949,881796.684263172,811925.866877529,516779.475722912,3101239.02944567,426829.654237256,4707.5,0.500663831533424,1.47,12.811,21,43.681,205628.3075,102950.656304683,6942181.77215285,3414113.08846992
"1300:380:3",2019,"VL2440","OTB","MBS",3695745.33553565,104019.631488595,256920.098355518,428128.825016626,180742.714643261,1429116.6522919,125340.962177655,1658.5,0.500663831533424,1.47,12.811,32,59.851,99262.8835,49697.3355821659,2884275.99342668,1329818.37895712
"1300:380:3",2020,"VL1218","OTB","MBS",646638.636489225,563.736666976763,48616.778238898,67461.8198244413,27545.9734050541,239997.21018732,51842.6798552737,383.5,0.335314196709714,1.47,12.811,15,34.861,13369.1935,4482.88037910923,499094.921308699,207255.031266105
"1300:380:3",2020,"VL1824","OTB","MBS",9261372.93542452,117979.529348159,1069137.12420629,836903.910705248,631150.886358731,3446507.40895925,397232.089841696,4583,0.335314196709714,1.47,12.811,21,43.681,200190.023,67126.5567515441,6775033.98675087,2931294.48794993
"1300:380:3",2020,"VL2440","OTB","MBS",2743130.92648461,78490.0735259251,261179.470118074,212427.287654705,185837.361164823,1107314.560541,30756.6640726671,1310,0.335314196709714,1.47,12.811,32,59.851,78404.81,26290.2458833277,2135886.63518961,997815.410575942
"1300:380:3",2021,"VL1218","OTB","MBS",614406.815846457,178.52094488189,45491.5211811024,60823.4660925197,29560.3657972441,200429.215757874,46813.9352644882,372,0.49821880876196,1.47,12.811,15,34.861,12968.292,6461.04699191726,472248.936728555,225005.785706193
"1300:380:3",2021,"VL1824","OTB","MBS",7495176.1349922,43645.9752013126,629451.435095843,844823.731508755,426507.744818221,2643395.48655176,423936.56973074,3625,0.49821880876196,1.47,12.811,21,43.681,158343.625,78889.7722225506,5559149.42654814,2491817.37026564
"1300:380:3",2021,"VL2440","OTB","MBS",1314988.8969079,18938.6268501106,126577.209809589,109259.833566176,78955.0086065038,579207.295556231,40282.7036554603,464,0.49821880876196,1.47,12.811,32,59.851,27770.864,13835.9667803704,1005299.50499537,385809.505783681
"1300:380:3",2022,"VL1218","OTB","MBS",0,0,0,0,0,0,0,346,NA,1.47,12.811,15,34.861,12061.906,NA,NA,NA
"1300:380:3",2022,"VL1824","OTB","MBS",0,0,0,0,0,0,0,3506.5,NA,1.47,12.811,21,43.681,153167.4265,NA,NA,NA
"1300:380:3",2022,"VL2440","OTB","MBS",0,0,0,0,0,0,0,400.5,NA,1.47,12.811,32,59.851,23970.3255,NA,NA,NA
"1300:380:4",2017,"VL1824","OTB","MBS",1547457.08706633,2377.80378568788,143299.440965846,167073.098990242,71057.6820493931,535581.680613607,53177.3084648451,730.2,0.423215748104041,1.47,12.811,21,43.681,31895.8662,13498.8328752594,1154905.83597128,566146.846892826
"1300:380:4",2017,"VL2440","OTB","MBS",1488239.76546065,12294.3339390778,120094.018532999,107631.182574318,105662.85092085,576507.32174413,25872.234092769,704.9,0.423215748104041,1.47,12.811,32,59.851,42188.9699,17855.0364579674,1149291.0109136,546911.455076697
"1300:380:4",2018,"VL1824","OTB","MBS",629628.314293451,4301.06838929052,51670.598496203,63003.0465943732,37521.1171792503,203975.333022181,23196.9064517083,286.1,0.502828358672181,1.47,12.811,21,43.681,12497.1341,6283.91342760914,475450.706985306,248278.467511417
"1300:380:4",2018,"VL2440","OTB","MBS",422977.416698438,1171.84751793849,41439.484891587,24889.3288096076,28210.2813337048,167682.762332102,7781.32605529161,175,0.502828358672181,1.47,12.811,32,59.851,10473.925,5266.58651660552,324343.582664871,148879.494277478
"1300:380:4",2019,"VL1218","OTB","MBS",1860.2167290078,1.65230847468931,162.392390676063,177.790188635202,56.2802461039105,598.415354260688,128.994444320935,1.5,0.500663831533424,1.47,12.811,15,34.861,52.2915,26.18046274663,1439.22574932069,711.815950739064
"1300:380:4",2019,"VL1824","OTB","MBS",298060.463459,4726.09121321605,28846.8803773826,26561.1436004545,16905.796975322,101453.17271049,13963.2005847132,154,0.500663831533424,1.47,12.811,21,43.681,6726.874,3367.90251108257,227104.831207974,111688.457912771
"1300:380:4",2019,"VL2440","OTB","MBS",454586.703918766,12794.6969090584,31601.8691977845,52661.0071169079,22231.8443094515,175785.22584718,15417.2784348758,204,0.500663831533424,1.47,12.811,32,59.851,12209.604,6112.90712014582,354773.773083535,163571.268801479
"1300:380:4",2020,"VL1218","OTB","MBS",7587.67630821777,6.61490222006632,570.47067033909,791.598928839598,323.225242041052,2816.13414822149,608.323492434763,4.5,0.335314196709714,1.47,12.811,15,34.861,156.8745,52.602246951738,5856.39412226635,2431.9364816101
"1300:380:4",2020,"VL1824","OTB","MBS",315246.384011832,4015.88622699386,36392.1866411043,28487.2376325592,21483.6435243208,117315.111454864,13521.3192265557,156,0.335314196709714,1.47,12.811,21,43.681,6814.236,2284.91007053041,230614.292370311,99777.8616888912
"1300:380:4",2020,"VL2440","OTB","MBS",438900.948237538,12558.411764148,41788.7152188918,33988.3660247528,29733.9777863718,177170.32968656,4921.06625162674,209.6,0.335314196709714,1.47,12.811,32,59.851,12544.7696,4206.43934133244,341741.861630337,159650.465692151
"1300:380:4",2021,"VL1218","OTB","MBS",13213.0498031496,3.83916010498688,978.312283464567,1308.03152887139,635.706791338583,4310.3057152231,1006.7512960105,8,0.49821880876196,1.47,12.811,15,34.861,278.888,138.947247138006,10155.891112442,4838.83410120845
"1300:380:4",2021,"VL1824","OTB","MBS",1258155.77328076,7326.50369930999,105661.020208502,141813.859482228,71594.4724750035,443725.835466688,71162.8697051463,608.5,0.49821880876196,1.47,12.811,21,43.681,26579.8885,13242.6003854957,933170.32442884,418281.619257005
"1300:380:4",2021,"VL2440","OTB","MBS",1220048.96577339,17571.2906443375,117438.553497905,101371.461961721,73254.5931144394,537389.52745034,37374.3619044734,430.5,0.49821880876196,1.47,12.811,32,59.851,25765.8555,12837.0338339428,932718.614009715,357954.724654902
"1300:380:4",2022,"VL1218","OTB","MBS",0,0,0,0,0,0,0,4,NA,1.47,12.811,15,34.861,139.444,NA,NA,NA
"1300:380:4",2022,"VL1824","OTB","MBS",0,0,0,0,0,0,0,796.5,NA,1.47,12.811,21,43.681,34791.9165,NA,NA,NA
"1300:380:4",2022,"VL2440","OTB","MBS",0,0,0,0,0,0,0,501.5,NA,1.47,12.811,32,59.851,30015.2765,NA,NA,NA
"1300:390:1",2017,"VL1218","OTB","MBS",317895.306716713,0,38543.1855006841,28976.0286721939,17286.5291849176,86706.9256955344,27724.7836057298,235,0.423215748104041,1.47,12.811,15,34.861,8192.335,3467.12518574392,229622.438173174,115190.728871909
"1300:390:1",2017,"VL1824","OTB","MBS",4041359.44266707,6209.90388839605,374242.719695794,436330.320151179,185575.184426448,1398732.21710511,138878.563739331,1907,0.423215748104041,1.47,12.811,21,43.681,83299.667,35253.7308862225,3016167.39139582,1478556.61055138
"1300:390:1",2017,"VL2440","OTB","MBS",629160.803102957,5197.49115313545,50770.346890103,45501.6206655508,44669.498615993,243721.353212868,10937.6163422403,298,0.423215748104041,1.47,12.811,32,59.851,17835.598,7548.30595045294,485868.522133993,231209.552578885
"1300:390:1",2018,"VL1218","OTB","MBS",212785.346842879,24.7201049837706,12101.8355203543,22761.0173451447,10173.20140401,67422.7803387882,18196.7946417704,139.5,0.502828358672181,1.47,12.811,15,34.861,4863.1095,2445.30936792809,165328.703310426,79709.1283298675
"1300:390:1",2018,"VL1824","OTB","MBS",3281505.69536164,22416.3686657501,269297.551267698,328360.163498322,195553.085725201,1063081.50670875,120897.962985467,1491.1,0.502828358672181,1.47,12.811,21,43.681,65132.7391,32750.5882974764,2477960.67523869,1293981.20554447
"1300:390:1",2018,"VL2440","OTB","MBS",511681.823514625,1417.60068312902,50129.9368659941,30108.9766228225,34126.3803334018,202848.233061177,9413.18129088705,211.7,0.502828358672181,1.47,12.811,32,59.851,12670.4567,6371.06494608794,392363.065429447,180101.651077384
"1300:390:1",2019,"VL1218","OTB","MBS",112233.075983471,99.6892779729219,9797.67423745581,10726.6747143238,3395.57484826927,36104.3930403948,7782.66480736311,90.5,0.500663831533424,1.47,12.811,15,34.861,3154.9205,1579.55458571335,86833.2868756815,42946.2290279235
"1300:390:1",2019,"VL1824","OTB","MBS",1531914.65472596,24290.2675016916,148261.726095444,136513.929608829,86889.209779009,521429.780521774,71765.4107974058,791.5,0.500663831533424,1.47,12.811,21,43.681,34573.5115,17309.7067371549,1167230.35000722,574035.158688039
"1300:390:1",2019,"VL2440","OTB","MBS",333140.746254194,9376.50582305997,23159.2129660235,38592.2576665575,16292.454530701,128822.996392909,11298.4466961467,149.5,0.500663831533424,1.47,12.811,32,59.851,8947.7245,4479.80203167549,259993.524882296,119872.081793241
"1300:390:1",2020,"VL1218","OTB","MBS",216670.312356885,188.892207839671,16290.1069196829,22604.5471901974,9229.87635606116,80416.2751214358,17371.0152839705,128.5,0.335314196709714,1.47,12.811,15,34.861,4479.6385,1502.08638517741,167232.587713606,69445.2973081996
"1300:390:1",2020,"VL1824","OTB","MBS",1319589.03051106,16810.0878604294,152333.960747699,119244.65496193,89928.3283421889,491069.024230938,56598.85548039,653,0.335314196709714,1.47,12.811,21,43.681,28523.693,9564.39920548948,965327.775114186,417659.895402859
"1300:390:1",2020,"VL2440","OTB","MBS",268031.113427504,7669.25909260947,25519.8260878728,20756.2540609177,18158.1543733568,108195.621182632,3005.23129870335,128,0.335314196709714,1.47,12.811,32,59.851,7660.928,2568.81791837095,208697.320079595,97496.46759826
"1300:390:1",2021,"VL1218","OTB","MBS",429424.118602362,124.772703412073,31795.1492125984,42511.0246883202,20660.4707185039,140084.935744751,32719.4171203412,260,0.49821880876196,1.47,12.811,15,34.861,9063.86,4515.78553198518,330066.461154366,157262.108289275
"1300:390:1",2021,"VL1824","OTB","MBS",4228313.15753353,24622.3501480508,355097.430281655,476597.111982181,240609.196731935,1491239.6606892,239158.699337755,2045,0.49821880876196,1.47,12.811,21,43.681,89327.645,44504.7128814113,3136127.0558044,1405728.69577745
"1300:390:1",2021,"VL2440","OTB","MBS",1621063.89877439,23346.7555134984,156039.146575613,134691.00172382,97332.4675062935,714022.786763285,49658.8501959553,572,0.49821880876196,1.47,12.811,32,59.851,34234.772,17056.4073240773,1239291.63115809,475609.994198848
"1300:390:1",2022,"VL1218","OTB","MBS",0,0,0,0,0,0,0,180,NA,1.47,12.811,15,34.861,6274.98,NA,NA,NA
"1300:390:1",2022,"VL1824","OTB","MBS",0,0,0,0,0,0,0,1645,NA,1.47,12.811,21,43.681,71855.245,NA,NA,NA
"1300:390:1",2022,"VL2440","OTB","MBS",0,0,0,0,0,0,0,539.5,NA,1.47,12.811,32,59.851,32289.6145,NA,NA,NA
"1300:390:2",2017,"VL1824","OTB","MBS",16953.788957177,26.0509864222173,1569.97470244696,1830.43658165151,778.501035873931,5867.78066955472,582.605406352727,8,0.423215748104041,1.47,12.811,21,43.681,349.448,147.891896743461,12653.0357268834,6202.64965097592
"1300:390:2",2017,"VL2440","OTB","MBS",14778.9450393312,122.088718362242,1192.59204104269,1068.83001563374,1049.28352453675,5724.99822983247,256.923873811013,7,0.423215748104041,1.47,12.811,32,59.851,418.957,177.309200178425,11413.0189763018,5431.09687265836
"1300:390:2",2018,"VL1218","OTB","MBS",762.6714940605,0.0886025268235506,43.3757545532414,81.5807073302678,36.4630874695699,241.658710891714,65.2214861712199,0.5,0.502828358672181,1.47,12.811,15,34.861,17.4305,8.76454970583545,592.575997528409,285.695800465475
"1300:390:2",2018,"VL1824","OTB","MBS",12104.0046438797,82.6839431705622,993.318041695619,1211.17356263213,721.307740251228,3921.23149815447,445.938432311764,5.5,0.502828358672181,1.47,12.811,21,43.681,240.2455,120.802250443377,9140.08699202791,4772.91706156167
"1300:390:2",2018,"VL2440","OTB","MBS",8459.54833396876,23.4369503587698,828.78969783174,497.786576192152,564.205626674096,3353.65524664203,155.626521105832,3.5,0.502828358672181,1.47,12.811,32,59.851,209.4785,105.33173033211,6486.87165329743,2977.58988554957
"1300:390:2",2019,"VL1824","OTB","MBS",967.728777464285,15.3444519909612,93.6587025239694,86.2374792222548,54.8889512185781,329.393417891202,45.3350668334844,0.5,0.500663831533424,1.47,12.811,21,43.681,21.8405,10.9347484126057,737.353348077838,362.624863353151
"1300:390:2",2019,"VL2440","OTB","MBS",6685.09858704068,188.157307486153,464.733370555655,774.426575248645,326.938886903698,2585.07685069382,226.724682865821,3,0.500663831533424,1.47,12.811,32,59.851,179.553,89.8956929433209,5217.26136887551,2405.45983531587
"1300:390:2",2020,"VL1824","OTB","MBS",1010.405076961,12.8714302147239,116.641623849693,91.305248822305,68.8578318087204,376.009972611744,43.3375616235758,0.5,0.335314196709714,1.47,12.811,21,43.681,21.8405,7.3234297132385,739.148372981766,319.800838746446
"1300:390:2",2020,"VL2440","OTB","MBS",3140.98961047856,89.8741299915173,299.06046196726,243.23735227638,212.790871562775,1267.91743573397,35.2175542816799,1.5,0.335314196709714,1.47,12.811,32,59.851,89.7765,30.1033349809096,2445.67171968276,1142.53672966711
"1300:390:2",2021,"VL1824","OTB","MBS",2067.63479585992,12.0402690210517,173.641775198853,233.054822485174,117.657308915371,729.212548014278,116.948019236066,1,0.49821880876196,1.47,12.811,21,43.681,43.681,21.7626957855312,1533.55846249604,687.397895245695
"1300:390:2",2021,"VL2440","OTB","MBS",2834.02779506013,40.8160061424796,272.795710796527,235.473779237448,170.161656479534,1248.2915852505,86.8161716712506,1,0.49821880876196,1.47,12.811,32,59.851,59.851,29.8188939232121,2166.59376076589,831.48600384414
"1300:390:2",2022,"VL1824","OTB","MBS",0,0,0,0,0,0,0,4,NA,1.47,12.811,21,43.681,174.724,NA,NA,NA
"1300:390:2",2022,"VL2440","OTB","MBS",0,0,0,0,0,0,0,6,NA,1.47,12.811,32,59.851,359.106,NA,NA,NA
"1300:390:3",2017,"VL1218","OTB","MBS",312484.322772599,0,37887.1312793958,28482.8196735183,16992.2903902807,85231.063130504,27252.8723954195,231,0.423215748104041,1.47,12.811,15,34.861,8052.891,3408.1102889653,225713.971140439,113230.035614515
"1300:390:3",2017,"VL1824","OTB","MBS",2375649.67762443,3650.3944724132,219992.70518038,256489.926003918,109087.457651835,822222.766321355,81637.5825651758,1121,0.423215748104041,1.47,12.811,21,43.681,48966.401,20723.3520311775,1773006.63122953,869146.282343
"1300:390:3",2017,"VL2440","OTB","MBS",3492053.58500769,28847.8200244498,281792.46226923,252549.26369403,247930.707083397,1352735.29602042,60707.4410404879,1654,0.423215748104041,1.47,12.811,32,59.851,98993.554,41895.6310135878,2696733.34097189,1283290.60391099
"1300:390:3",2018,"VL1218","OTB","MBS",189905.202021064,22.0620291790641,10800.5628837571,20313.5961252367,9079.30877992291,60173.0190120368,16240.1500566338,124.5,0.502828358672181,1.47,12.811,15,34.861,4340.1945,2182.37287675303,147551.423384574,71138.2543159032
"1300:390:3",2018,"VL1824","OTB","MBS",2378106.8033048,16245.1398163836,195159.904701143,237962.57305096,141717.298930087,770415.046710131,87614.7399920167,1080.6,0.502828358672181,1.47,12.811,21,43.681,47201.6886,23734.3476052934,1795777.8188337,937748.032131552
"1300:390:3",2018,"VL2440","OTB","MBS",3358924.09134754,9305.80854673784,329076.869450505,197649.715695495,224021.87411114,1331592.77035955,61792.6218230786,1389.7,0.502828358672181,1.47,12.811,32,59.851,83174.9347,41822.7158978668,2575658.72473927,1182273.33255664
"1300:390:3",2019,"VL1218","OTB","MBS",220745.718508926,196.073938996465,19270.5636935595,21097.7690513772,6678.58920433072,71011.9553722683,15307.3407260843,178,0.500663831533424,1.47,12.811,15,34.861,6205.258,3106.74824593343,170788.122252722,84468.8261543689
"1300:390:3",2019,"VL1824","OTB","MBS",2031262.70389753,32208.0047290276,196589.616597812,181012.468887513,115211.908607795,691396.784153634,95158.3052834838,1049.5,0.500663831533424,1.47,12.811,21,43.681,45843.2095,22952.0369180595,1547704.67761538,761149.588178265
"1300:390:3",2019,"VL2440","OTB","MBS",3116370.1246588,87712.6648397951,216643.206240694,361011.855161743,152408.011111607,1205076.6585651,105691.489662617,1398.5,0.500663831533424,1.47,12.811,32,59.851,83701.6235,41906.3755270781,2432113.34145747,1121345.19322975
"1300:390:3",2020,"VL1218","OTB","MBS",209925.711194025,183.012294755168,15783.0218793815,21900.9036978956,8942.56502980245,77913.0447674612,16830.2832906951,124.5,0.335314196709714,1.47,12.811,15,34.861,4340.1945,1455.32883233142,162026.904049369,67283.5759912129
"1300:390:3",2020,"VL1824","OTB","MBS",2000602.05238278,25485.4318251534,230950.415222393,180784.392668164,136338.506981266,744499.745771253,85808.3720146801,990,0.335314196709714,1.47,12.811,21,43.681,43244.19,14500.3908322122,1463513.7785039,633205.660717963
"1300:390:3",2020,"VL2440","OTB","MBS",2786057.78449449,79718.3533024758,265266.629764959,215751.531469149,188745.503076181,1124642.76549603,31237.9706478501,1330.5,0.335314196709714,1.47,12.811,32,59.851,79631.7555,26701.6581280668,2169310.81535861,1013430.07921473
"1300:390:3",2021,"VL1218","OTB","MBS",454198.586983268,131.971128608924,33629.4847440945,44963.5838049541,21852.4209522638,148166.758960794,34607.0758003609,275,0.49821880876196,1.47,12.811,15,34.861,9586.775,4776.31162036894,349108.756990195,166334.92222904
"1300:390:3",2021,"VL1824","OTB","MBS",2508454.53433725,14607.25437634,210662.201671249,282742.110639013,142741.847176129,884680.663250922,141881.336937196,1213.2,0.49821880876196,1.47,12.811,21,43.681,52993.7892,26402.5025270064,1860513.1267002,833951.126512078
"1300:390:3",2021,"VL2440","OTB","MBS",3604883.35531649,51917.9598132341,346996.144133182,299522.647190034,216445.627041967,1587826.89643863,110430.170365831,1272,0.49821880876196,1.47,12.811,32,59.851,76130.472,37929.6330703258,2755907.26369421,1057650.19688975
"1300:390:3",2022,"VL1218","OTB","MBS",0,0,0,0,0,0,0,214,NA,1.47,12.811,15,34.861,7460.254,NA,NA,NA
"1300:390:3",2022,"VL1824","OTB","MBS",0,0,0,0,0,0,0,1042.5,NA,1.47,12.811,21,43.681,45537.4425,NA,NA,NA
"1300:390:3",2022,"VL2440","OTB","MBS",0,0,0,0,0,0,0,1216.5,NA,1.47,12.811,32,59.851,72808.7415,NA,NA,NA
"1300:390:4",2017,"VL1218","OTB","MBS",64931.8073293712,0,7872.65065545887,5918.5079841077,3530.86553564275,17710.3507803645,5662.93452372353,48,0.423215748104041,1.47,12.811,15,34.861,1673.328,708.178761343439,46901.6043928184,23528.3190887304
"1300:390:4",2017,"VL1824","OTB","MBS",294572.08313095,452.635889086025,27278.3104550159,31803.835606195,13526.4554983096,101952.689133513,10122.7689353786,139,0.423215748104041,1.47,12.811,21,43.681,6071.659,2569.62170591763,219846.495754598,107771.037685707
"1300:390:4",2017,"VL2440","OTB","MBS",813264.232735769,6718.36775901938,65626.6363156634,58816.1888603025,57740.5733787936,315038.474018781,14138.1537417146,385.2,0.423215748104041,1.47,12.811,32,59.851,23054.6052,9757.07198696132,628042.129953067,298865.502192571
"1300:390:4",2018,"VL1218","OTB","MBS",6101.371952484,0.708820214588405,347.006036425931,652.645658642142,291.704699756559,1933.26968713371,521.771889369759,4,0.502828358672181,1.47,12.811,15,34.861,139.444,70.1163976466836,4740.60798022727,2285.5664037238
"1300:390:4",2018,"VL1824","OTB","MBS",212370.263297162,1450.72736653805,17428.2165497504,21250.5906898183,12655.6721698625,68799.7890130739,7824.19249419731,96.5,0.502828358672181,1.47,12.811,21,43.681,4215.2165,2119.53039414289,160366.980860126,83742.9993528548
"1300:390:4",2018,"VL2440","OTB","MBS",584917.341948697,1620.49771052066,57304.8876786517,34418.3861252859,39010.7890443232,231881.305624963,10760.4623164604,242,0.502828358672181,1.47,12.811,32,59.851,14483.942,7282.93678296306,448520.840027994,205879.07208657
"1300:390:4",2019,"VL1218","OTB","MBS",620.072243002601,0.550769491563104,54.1307968920211,59.2633962117338,18.7600820346368,199.471784753563,42.9981481069785,0.5,0.500663831533424,1.47,12.811,15,34.861,17.4305,8.72682091554335,479.741916440229,237.271983579688
"1300:390:4",2019,"VL1824","OTB","MBS",99676.0640788214,1580.478555069,9646.84635996885,8882.46035989225,5653.56197551354,33927.5220427939,4669.51188384889,51.5,0.500663831533424,1.47,12.811,21,43.681,2249.5715,1126.27908649839,75947.3948520173,37350.3609253746
"1300:390:4",2019,"VL2440","OTB","MBS",494697.29544101,13923.6407539753,34390.2694211185,57307.5665683997,24193.4776308737,191295.686951343,16777.6265320707,222,0.500663831533424,1.47,12.811,32,59.851,13286.922,6652.28127780574,386077.341296788,178004.027813374
"1300:390:4",2020,"VL1218","OTB","MBS",16861.5029071506,14.6997827112585,1267.71260075353,1759.10873075466,718.278315646783,6258.07588493664,1351.82998318836,10,0.335314196709714,1.47,12.811,15,34.861,348.61,116.893882114973,13014.2091605919,5404.3032924669
"1300:390:4",2020,"VL1824","OTB","MBS",45468.228463245,579.214359662577,5248.8730732362,4108.73619700372,3098.60243139242,16920.4487675285,1950.19027306091,22.5,0.335314196709714,1.47,12.811,21,43.681,982.8225,329.554337095733,33261.6767841795,14391.0377435901
"1300:390:4",2020,"VL2440","OTB","MBS",285830.054553549,8178.54582922807,27214.5020390206,22134.5990571505,19363.9693122125,115380.486651791,3204.79743963287,136.5,0.335314196709714,1.47,12.811,32,59.851,8169.6615,2739.40348326277,222556.126491131,103970.842399707
"1300:390:4",2021,"VL1218","OTB","MBS",26426.0996062992,7.67832020997375,1956.62456692913,2616.06305774278,1271.41358267717,8620.61143044619,2013.502592021,16,0.49821880876196,1.47,12.811,15,34.861,557.776,277.894494276011,20311.7822248841,9677.6682024169
"1300:390:4",2021,"VL1824","OTB","MBS",197459.123004622,1149.84569151044,16582.7895314905,22256.7355473341,11236.273001418,69639.7983353635,11168.5358370443,95.5,0.49821880876196,1.47,12.811,21,43.681,4171.5355,2078.33744751823,146454.833168372,65646.4989959639
"1300:390:4",2021,"VL2440","OTB","MBS",354253.474382516,5102.00076780996,34099.4638495659,29434.222404681,21270.2070599418,156036.448156312,10852.0214589063,125,0.49821880876196,1.47,12.811,32,59.851,7481.375,3727.36174040151,270824.220095736,103935.750480517
"1300:390:4",2022,"VL1218","OTB","MBS",0,0,0,0,0,0,0,7,NA,1.47,12.811,15,34.861,244.027,NA,NA,NA
"1300:390:4",2022,"VL1824","OTB","MBS",0,0,0,0,0,0,0,70,NA,1.47,12.811,21,43.681,3057.67,NA,NA,NA
"1300:390:4",2022,"VL2440","OTB","MBS",0,0,0,0,0,0,0,139,NA,1.47,12.811,32,59.851,8319.289,NA,NA,NA
"1300:391:1",2017,"VL1218","OTB","MBS",106866.932896257,0,12957.0708704427,9740.87772384392,5811.2161940787,29148.2856593499,9320.2464036283,79,0.423215748104041,1.47,12.811,15,34.861,2754.019,1165.54421137774,77192.2238965137,38723.6918335355
"1300:391:1",2017,"VL1824","OTB","MBS",616694.073317314,947.604631108154,57107.8298015081,66582.1306575737,28317.9751799142,213440.521855053,21192.2716560804,291,0.423215748104041,1.47,12.811,21,43.681,12711.171,5379.56774404339,460254.174565382,225621.381054249
"1300:391:1",2017,"VL2440","OTB","MBS",370107.009342109,3057.45033270015,29865.9121135405,26766.5573915136,26277.0574073274,143370.312812805,6434.10786843865,175.3,0.423215748104041,1.47,12.811,32,59.851,10491.8803,4440.32897018255,285814.603792245,136010.183111001
"1300:391:1",2018,"VL1218","OTB","MBS",28218.8452802385,3.27829349247137,1604.90291846993,3018.48617121991,1349.13423637409,8941.37230299342,2413.19498833514,18.5,0.502828358672181,1.47,12.811,15,34.861,644.9285,324.288339115912,21925.3119085511,10570.7446172226
"1300:391:1",2018,"VL1824","OTB","MBS",532136.058707293,3635.08681066217,43669.8731785456,53247.594080809,31711.3111986813,172391.5956825,19605.0750787244,241.8,0.502828358672181,1.47,12.811,21,43.681,10562.0658,5310.90621040157,401831.460849518,209834.790088293
"1300:391:1",2018,"VL2440","OTB","MBS",455607.10312946,1262.24718360803,44636.2451546523,26809.3627463488,30386.5030365906,180618.289712007,8381.59977955696,188.5,0.502828358672181,1.47,12.811,32,59.851,11281.9135,5672.86604788652,349364.37332759,160364.483836027
"1300:391:1",2019,"VL1218","OTB","MBS",13021.5171030546,11.5661593228252,1136.74673473244,1244.53132044641,393.961722727374,4188.90747982481,902.961110246548,10.5,0.500663831533424,1.47,12.811,15,34.861,366.0405,183.26323922641,10074.5802452448,4982.71165517345
"1300:391:1",2019,"VL1824","OTB","MBS",300963.649791393,4772.12456918893,29127.8564849545,26819.8560381213,17070.4638289778,102441.352964164,14099.2057852137,155.5,0.500663831533424,1.47,12.811,21,43.681,6792.3955,3400.70675632039,229316.891252208,112776.33250283
"1300:391:1",2019,"VL2440","OTB","MBS",440770.833505549,12405.838473587,30641.4202319695,51060.5255280607,21556.1706098505,170442.733689079,14948.7140902865,197.8,0.500663831533424,1.47,12.811,32,59.851,11838.5278,5927.12268806295,343991.432921192,158599.985141826
"1300:391:1",2020,"VL1218","OTB","MBS",35409.1561050162,30.8695436936428,2662.19646158242,3694.12833458479,1508.38446285824,13141.9593583669,2838.84296469556,21,0.335314196709714,1.47,12.811,15,34.861,732.081,245.477152441444,27329.839237243,11349.0369141805
"1300:391:1",2020,"VL1824","OTB","MBS",118217.394004437,1505.9573351227,13647.0699904141,10682.7141122097,8056.36632162029,43993.1667955741,5070.49470995837,58.5,0.335314196709714,1.47,12.811,21,43.681,2555.3385,856.841276448905,86480.3596388666,37416.6981333342
"1300:391:1",2020,"VL2440","OTB","MBS",329385.110485519,9424.80043177711,31361.4737783,25507.4903420497,22314.669397883,132962.275093969,3693.14752567217,157.3,0.335314196709714,1.47,12.811,32,59.851,9414.5623,3156.83639499805,256469.441004065,119814.018384424
"1300:391:1",2021,"VL1218","OTB","MBS",125523.973129921,36.4720209973753,9293.96669291339,12426.2995242782,6039.21451771654,40947.9042946194,9564.13731209974,76,0.49821880876196,1.47,12.811,15,34.861,2649.436,1319.99884781105,96480.9655681994,45968.9239614803
"1300:391:1",2021,"VL1824","OTB","MBS",227439.827544591,1324.42959231569,19100.5952718739,25636.0304733691,12942.3039806909,80213.3802815706,12864.2821159673,110,0.49821880876196,1.47,12.811,21,43.681,4804.91,2393.89653640843,168691.430874564,75613.7684770265
"1300:391:1",2021,"VL2440","OTB","MBS",422270.14146396,6081.58491522947,40646.5609086825,35085.5931063798,25354.0868154506,185995.446202324,12935.6095790163,149,0.49821880876196,1.47,12.811,32,59.851,8917.799,4443.0151945586,322822.470354118,123891.414572777
"1300:391:1",2022,"VL1218","OTB","MBS",0,0,0,0,0,0,0,83,NA,1.47,12.811,15,34.861,2893.463,NA,NA,NA
"1300:391:1",2022,"VL1824","OTB","MBS",0,0,0,0,0,0,0,102,NA,1.47,12.811,21,43.681,4455.462,NA,NA,NA
"1300:391:1",2022,"VL2440","OTB","MBS",0,0,0,0,0,0,0,188.5,NA,1.47,12.811,32,59.851,11281.9135,NA,NA,NA
"1300:391:2",2017,"VL1218","OTB","MBS",16232.9518323428,0,1968.16266386472,1479.62699602692,882.716383910688,4427.58769509112,1415.73363093088,12,0.423215748104041,1.47,12.811,15,34.861,418.332,177.04469033586,11725.4010982046,5882.07977218261
"1300:391:2",2017,"VL1824","OTB","MBS",290333.635891656,446.123142480471,26885.8167794042,31346.2264607821,13331.8302393411,100485.743966125,9977.11758379044,137,0.423215748104041,1.47,12.811,21,43.681,5984.297,2532.64873173177,216683.236822878,106220.375272963
"1300:391:2",2017,"VL2440","OTB","MBS",204793.952687875,1691.80081159107,16525.9182830201,14810.930216639,14540.0716971521,79332.1183276785,3560.23082280975,97,0.423215748104041,1.47,12.811,32,59.851,5805.547,2456.99891675817,158151.834385897,75259.4852354087
"1300:391:2",2018,"VL1218","OTB","MBS",762.6714940605,0.0886025268235506,43.3757545532414,81.5807073302678,36.4630874695699,241.658710891714,65.2214861712199,0.5,0.502828358672181,1.47,12.811,15,34.861,17.4305,8.76454970583545,592.575997528409,285.695800465475
"1300:391:2",2018,"VL1824","OTB","MBS",107835.677736383,736.638766428645,8849.56073510642,10790.4553761772,6426.19623132912,34934.6078926489,3972.90603332298,49,0.502828358672181,1.47,12.811,21,43.681,2140.369,1076.23823122282,81429.8659289759,42522.352003004
"1300:391:2",2018,"VL2440","OTB","MBS",129310.238819237,358.250526912624,12668.6425239995,7609.02337893718,8624.28600773261,51263.0159129568,2378.86253690344,53.5,0.502828358672181,1.47,12.811,32,59.851,3202.0285,1610.07073507654,99156.4667004036,45514.5882505433
"1300:391:2",2019,"VL1824","OTB","MBS",101611.52163375,1611.16745905093,9834.16376501679,9054.93531833676,5763.3398779507,34586.3088785763,4760.18201751586,52.5,0.500663831533424,1.47,12.811,21,43.681,2293.2525,1148.1485833236,77422.101548173,38075.6106520809
"1300:391:2",2019,"VL2440","OTB","MBS",175149.582980466,4929.72145613722,12176.0143085582,20289.9762715145,8565.7988368769,67729.0134881782,5940.18669108451,78.6,0.500663831533424,1.47,12.811,32,59.851,4704.2886,2355.26715511501,136692.247864538,63023.0476852757
"1300:391:2",2020,"VL1824","OTB","MBS",79822.0010799189,1016.84298696319,9214.68828412577,7213.1146569621,5439.76871288891,29704.7878363278,3423.66736826249,39.5,0.335314196709714,1.47,12.811,21,43.681,1725.3995,578.550947345842,58392.7214655595,25264.2662609692
"1300:391:2",2020,"VL2440","OTB","MBS",124173.789267586,3553.02393899798,11822.8569297723,9615.98332665953,8412.3324557817,50125.0026260162,1392.26731260241,59.3,0.335314196709714,1.47,12.811,32,59.851,3549.1643,1190.08517624529,96685.555318125,45168.2853795064
"1300:391:2",2021,"VL1218","OTB","MBS",13213.0498031496,3.83916010498688,978.312283464567,1308.03152887139,635.706791338583,4310.3057152231,1006.7512960105,8,0.49821880876196,1.47,12.811,15,34.861,278.888,138.947247138006,10155.891112442,4838.83410120845
"1300:391:2",2021,"VL1824","OTB","MBS",174715.140250163,1017.40273227887,14672.7300043031,19693.1324999972,9942.04260334889,61618.4603072065,9882.1076254476,84.5,0.49821880876196,1.47,12.811,21,43.681,3691.0445,1838.94779387739,129585.690080915,58085.1221482612
"1300:391:2",2021,"VL2440","OTB","MBS",277734.723915893,3999.968601963,26733.9796580596,23076.4303652699,16675.8423349943,122332.575354549,8507.98482378256,98,0.49821880876196,1.47,12.811,32,59.851,5865.398,2922.25160447478,212326.188555057,81485.6283767257
"1300:391:2",2022,"VL1218","OTB","MBS",0,0,0,0,0,0,0,32,NA,1.47,12.811,15,34.861,1115.552,NA,NA,NA
"1300:391:2",2022,"VL1824","OTB","MBS",0,0,0,0,0,0,0,68,NA,1.47,12.811,21,43.681,2970.308,NA,NA,NA
"1300:391:2",2022,"VL2440","OTB","MBS",0,0,0,0,0,0,0,99,NA,1.47,12.811,32,59.851,5925.249,NA,NA,NA
"1300:391:3",2017,"VL2440","OTB","MBS",7600.60030594176,62.7884837291531,613.333049679097,549.684008040211,539.631526904613,2944.28480391384,132.132277959949,3.6,0.423215748104041,1.47,12.811,32,59.851,215.4636,91.1875886631899,5869.55261638381,2793.13553451001
"1300:391:3",2018,"VL1824","OTB","MBS",1100.36405853452,7.51672210641475,90.3016401541471,110.106687512012,65.5734309319298,356.475590741316,40.5398574828876,0.5,0.502828358672181,1.47,12.811,21,43.681,21.8405,10.9820227675798,830.916999275264,433.901551051061
"1300:391:3",2018,"VL2440","OTB","MBS",8459.54833396876,23.4369503587698,828.78969783174,497.786576192152,564.205626674096,3353.65524664203,155.626521105832,3.5,0.502828358672181,1.47,12.811,32,59.851,209.4785,105.33173033211,6486.87165329743,2977.58988554957
"1300:391:3",2019,"VL1824","OTB","MBS",1935.45755492857,30.6889039819224,187.317405047939,172.47495844451,109.777902437156,658.786835782405,90.6701336669688,1,0.500663831533424,1.47,12.811,21,43.681,43.681,21.8694968252115,1474.70669615568,725.249726706303
"1300:391:3",2019,"VL2440","OTB","MBS",6685.09858704068,188.157307486153,464.733370555655,774.426575248645,326.938886903698,2585.07685069382,226.724682865821,3,0.500663831533424,1.47,12.811,32,59.851,179.553,89.8956929433209,5217.26136887551,2405.45983531587
"1300:391:3",2020,"VL1824","OTB","MBS",1010.405076961,12.8714302147239,116.641623849693,91.305248822305,68.8578318087204,376.009972611744,43.3375616235758,0.5,0.335314196709714,1.47,12.811,21,43.681,21.8405,7.3234297132385,739.148372981766,319.800838746446
"1300:391:3",2020,"VL2440","OTB","MBS",6281.97922095713,179.748259983035,598.12092393452,486.474704552759,425.58174312555,2535.83487146794,70.4351085633598,3,0.335314196709714,1.47,12.811,32,59.851,179.553,60.2066699618192,4891.34343936552,2285.07345933422
"1300:391:3",2021,"VL1218","OTB","MBS",3303.2624507874,0.959790026246719,244.578070866142,327.007882217848,158.926697834646,1077.57642880577,251.687824002625,2,0.49821880876196,1.47,12.811,15,34.861,69.722,34.7368117845014,2538.97277811051,1209.70852530211
"1300:391:3",2021,"VL1824","OTB","MBS",2067.63479585992,12.0402690210517,173.641775198853,233.054822485174,117.657308915371,729.212548014278,116.948019236066,1,0.49821880876196,1.47,12.811,21,43.681,43.681,21.7626957855312,1533.55846249604,687.397895245695
"1300:391:3",2021,"VL2440","OTB","MBS",2834.02779506013,40.8160061424796,272.795710796527,235.473779237448,170.161656479534,1248.2915852505,86.8161716712506,1,0.49821880876196,1.47,12.811,32,59.851,59.851,29.8188939232121,2166.59376076589,831.48600384414
"1300:391:3",2022,"VL1218","OTB","MBS",0,0,0,0,0,0,0,1,NA,1.47,12.811,15,34.861,34.861,NA,NA,NA
"1300:391:3",2022,"VL1824","OTB","MBS",0,0,0,0,0,0,0,1,NA,1.47,12.811,21,43.681,43.681,NA,NA,NA
"1300:391:3",2022,"VL2440","OTB","MBS",0,0,0,0,0,0,0,2,NA,1.47,12.811,32,59.851,119.702,NA,NA,NA
"1300:391:4",2017,"VL2440","OTB","MBS",6333.8335882848,52.3237364409609,511.110874732581,458.070006700175,449.692939087178,2453.5706699282,110.110231633291,3,0.423215748104041,1.47,12.811,32,59.851,179.553,75.9896572193249,4891.2938469865,2327.61294542501
"1300:391:4",2018,"VL1218","OTB","MBS",457.6028964363,0.0531615160941304,26.0254527319448,48.9484243981607,21.877852481742,144.995226535028,39.1328917027319,0.3,0.502828358672181,1.47,12.811,15,34.861,10.4583,5.25872982350127,355.545598517045,171.417480279285
"1300:391:4",2018,"VL1824","OTB","MBS",3301.09217560355,22.5501663192442,270.904920462441,330.320062536036,196.72029279579,1069.42677222395,121.619572448663,1.5,0.502828358672181,1.47,12.811,21,43.681,65.5215,32.9460683027393,2492.75099782579,1301.70465315318
"1300:391:4",2018,"VL2440","OTB","MBS",7251.04142911608,20.0888145932313,710.391169570063,426.674208164702,483.604822863511,2874.56163997888,133.394160947856,3,0.502828358672181,1.47,12.811,32,59.851,179.553,90.2843402846661,5560.17570282637,2552.21990189963
"1300:391:4",2019,"VL2440","OTB","MBS",2228.36619568023,62.7191024953844,154.911123518552,258.142191749548,108.979628967899,861.692283564608,75.574894288607,1,0.500663831533424,1.47,12.811,32,59.851,59.851,29.965230981107,1739.0871229585,801.819945105288
"1300:391:4",2020,"VL1824","OTB","MBS",6062.430461766,77.2285812883436,699.849743098159,547.83149293383,413.146990852323,2256.05983567046,260.025369741455,3,0.335314196709714,1.47,12.811,21,43.681,131.043,43.940578279431,4434.8902378906,1918.80503247868
"1300:391:4",2021,"VL1824","OTB","MBS",2067.63479585992,12.0402690210517,173.641775198853,233.054822485174,117.657308915371,729.212548014278,116.948019236066,1,0.49821880876196,1.47,12.811,21,43.681,43.681,21.7626957855312,1533.55846249604,687.397895245695
"1300:391:4",2021,"VL2440","OTB","MBS",2834.02779506013,40.8160061424796,272.795710796527,235.473779237448,170.161656479534,1248.2915852505,86.8161716712506,1,0.49821880876196,1.47,12.811,32,59.851,59.851,29.8188939232121,2166.59376076589,831.48600384414
"1300:391:4",2022,"VL1218","OTB","MBS",0,0,0,0,0,0,0,2,NA,1.47,12.811,15,34.861,69.722,NA,NA,NA
"1300:391:4",2022,"VL1824","OTB","MBS",0,0,0,0,0,0,0,3,NA,1.47,12.811,21,43.681,131.043,NA,NA,NA
"1300:391:4",2022,"VL2440","OTB","MBS",0,0,0,0,0,0,0,2,NA,1.47,12.811,32,59.851,119.702,NA,NA,NA
"1300:392:3",2017,"VL1218","OTB","MBS",127158.122686685,0,15417.2742002736,11590.4114688776,6914.61167396706,34682.7702782138,11089.9134422919,94,0.423215748104041,1.47,12.811,15,34.861,3276.934,1386.85007429757,91848.9752692694,46076.2915487638
"1300:392:3",2017,"VL1824","OTB","MBS",881597.025773204,1354.6512939553,81638.6845272418,95182.7022458786,40482.0538654444,305124.594816845,30295.4811303418,416,0.423215748104041,1.47,12.811,21,43.681,18171.296,7690.37863065997,657957.857797935,322537.781850748
"1300:392:3",2017,"VL2440","OTB","MBS",806508.143574932,6662.55577348235,65081.4513826153,58327.5808531557,57260.9009104339,312421.331970858,14020.7028279724,382,0.423215748104041,1.47,12.811,32,59.851,22863.082,9676.01635259404,622824.749849615,296382.715050785
"1300:392:3",2018,"VL1218","OTB","MBS",167787.72869331,19.4925559011811,9542.6660017131,17947.7556126589,8021.87924330538,53164.9163961771,14348.7269576684,110,0.502828358672181,1.47,12.811,15,34.861,3834.71,1928.2009352838,130366.71945625,62853.0761024044
"1300:392:3",2018,"VL1824","OTB","MBS",806566.854905802,5509.75730400201,66191.1022329899,80708.2019463048,48065.3248731046,261296.608013384,29715.7155349566,366.5,0.502828358672181,1.47,12.811,21,43.681,16009.0865,8049.82268863597,609062.160468769,318049.836920428
"1300:392:3",2018,"VL2440","OTB","MBS",1162583.64246828,3220.90660644808,113899.384187733,68410.0980424072,77537.9732657829,460888.049609948,21387.5304719729,481,0.502828358672181,1.47,12.811,32,59.851,28788.331,14475.5892256415,891481.504353161,409205.92427124
"1300:392:3",2019,"VL1218","OTB","MBS",155638.132993653,138.243142382339,13586.8300198973,14875.1124491452,4708.78059069385,50067.4179731442,10792.5351748516,125.5,0.500663831533424,1.47,12.811,15,34.861,4375.0555,2190.43204980138,120415.221026498,59555.2678785017
"1300:392:3",2019,"VL1824","OTB","MBS",587411.367920821,9314.08235851345,56850.8324320494,52346.1498879087,33317.5933896769,199941.80465996,27518.385567925,303.5,0.500663831533424,1.47,12.811,21,43.681,13257.1835,6637.39228645169,447573.482283248,220113.292055363
"1300:392:3",2019,"VL2440","OTB","MBS",731572.622041818,20590.6813492347,50857.3218511405,84748.0815513767,35778.0121901614,282893.576694261,24811.2377949497,328.3,0.500663831533424,1.47,12.811,32,59.851,19649.0833,9837.58533109741,570942.302467277,263237.487978066
"1300:392:3",2020,"VL1218","OTB","MBS",193064.208286874,168.31251204391,14515.309278628,20141.7949671409,8224.28671415566,71654.9688825245,15478.4533075068,114.5,0.335314196709714,1.47,12.811,15,34.861,3991.5845,1338.43495021644,149012.694888777,61879.272698746
"1300:392:3",2020,"VL1824","OTB","MBS",482973.626787358,6152.54364263804,55754.6962001534,43643.9089370618,32914.0436045684,179732.766908414,20715.3544560692,239,0.335314196709714,1.47,12.811,21,43.681,10439.759,3500.599402928,353312.922285284,152864.800920801
"1300:392:3",2020,"VL2440","OTB","MBS",666936.793958282,19083.2736015322,63500.5047577148,51647.3978000179,45182.5950618292,269221.135520846,7477.8606924767,318.5,0.335314196709714,1.47,12.811,32,59.851,19062.5435,6391.94146094647,519297.628479306,242598.632265983
"1300:392:3",2021,"VL1218","OTB","MBS",142040.285383858,41.2709711286089,10516.8570472441,14061.3389353675,6833.84800688976,46335.7864386483,10822.5764321129,86,0.49821880876196,1.47,12.811,15,34.861,2998.046,1493.68290673356,109175.829458752,52017.4665879908
"1300:392:3",2021,"VL1824","OTB","MBS",367005.176265135,2137.14775123668,30821.4150977964,41367.2309911184,20884.1723324784,129435.227272534,20758.2734144018,177.5,0.49821880876196,1.47,12.811,21,43.681,7753.3775,3862.87850193179,272206.627093047,122013.126406111
"1300:392:3",2021,"VL2440","OTB","MBS",614984.031528048,8857.07333291808,59196.6692428464,51097.8100945262,36925.0794560589,270879.273999358,18839.1092526614,217,0.49821880876196,1.47,12.811,32,59.851,12987.667,6470.69998133702,470150.846086198,180432.462834178
"1300:392:3",2022,"VL0612","OTB","MBS",0,0,0,0,0,0,0,1,NA,1.47,12.811,9,26.041,26.041,NA,NA,NA
"1300:392:3",2022,"VL1218","OTB","MBS",0,0,0,0,0,0,0,62,NA,1.47,12.811,15,34.861,2161.382,NA,NA,NA
"1300:392:3",2022,"VL1824","OTB","MBS",0,0,0,0,0,0,0,157,NA,1.47,12.811,21,43.681,6857.917,NA,NA,NA
"1300:392:3",2022,"VL2440","OTB","MBS",0,0,0,0,0,0,0,201.5,NA,1.47,12.811,32,59.851,12059.9765,NA,NA,NA
"1400:100:1",2017,"VL1218","OTB","MBS",2399771.37921468,0,290960.047141334,218738.190912647,130494.905421463,654545.04759097,209292.621772615,1774,0.423215748104041,1.47,12.811,15,34.861,61843.414,26173.1067213179,1733405.12901791,869567.459654329
"1400:100:1",2017,"VL1824","OTB","MBS",4174870.53070484,6415.05540647101,386606.270477563,450745.008231685,191705.880083956,1444940.98987785,143466.581314359,1970,0.423215748104041,1.47,12.811,21,43.681,86051.57,36418.3795730773,3115810.04774503,1527402.47655282
"1400:100:1",2017,"VL2440","OTB","MBS",1313214.83063772,10848.4546887592,105970.321361222,94973.1813891697,93236.3360374081,508706.985565114,22829.5213586357,622,0.423215748104041,1.47,12.811,32,59.851,37227.322,15755.18893014,1014128.25760854,482591.750684786
"1400:100:1",2018,"VL1218","OTB","MBS",3122682.16528131,362.774185826346,177597.689442791,334024.048093049,149294.465335407,989447.425875034,267042.852979443,2047.2,0.502828358672181,1.47,12.811,15,34.861,71367.4392,35885.5723155727,2426243.16428032,1169752.88542584
"1400:100:1",2018,"VL1824","OTB","MBS",4593579.7987582,31379.308105439,376973.226987503,459651.377687645,273742.844768434,1488143.0011087,169237.689048063,2087.3,0.502828358672181,1.47,12.811,21,43.681,91175.3513,45845.5522455385,3468746.10517452,1811365.41501776
"1400:100:1",2018,"VL2440","OTB","MBS",1630275.81464627,4516.6351477115,159719.614625002,95930.5844690305,108730.484340479,646297.275388586,29991.4538531097,674.5,0.502828358672181,1.47,12.811,32,59.851,40369.4995,20298.9291740024,1250112.83718546,573824.107943766
"1400:100:1",2019,"VL0612","OTB","MBS",180.156350466209,0,10.6108453417585,18.3659875163751,23.9943407567234,19.6675733990907,59.4424921014102,0.2,0.500663831533424,1.47,12.811,9,26.041,5.2082,2.60755736739238,124.57761948396,45.4675539834591
"1400:100:1",2019,"VL1218","OTB","MBS",2742827.55969771,2436.27376898024,239442.166972166,262145.706802983,82983.3468720126,882343.492678909,190198.008336409,2211.7,0.500663831533424,1.47,12.811,15,34.861,77102.0737,38602.2196378144,2122090.39318171,1049548.89216639
"1400:100:1",2019,"VL1824","OTB","MBS",4650904.50449335,73745.4362685595,450123.724330197,414457.325142157,263796.299556486,1583064.76638512,217880.331201726,2403,0.500663831533424,1.47,12.811,21,43.681,104965.443,52552.4008709832,3543720.19086209,1742775.09327525
"1400:100:1",2019,"VL2440","OTB","MBS",2021128.13948196,56886.2259633137,140504.389031326,234134.96791684,98844.5234738848,781554.901193099,68546.4291197665,907,0.500663831533424,1.47,12.811,32,59.851,54284.857,27178.464499864,1577352.02052336,727250.690210496
"1400:100:1",2020,"VL1218","OTB","MBS",3282428.77093501,2861.60670040069,246785.61198869,342445.69661601,139827.239706959,1218259.63252062,263160.742827279,1946.7,0.335314196709714,1.47,12.811,15,34.861,67863.9087,22755.7320313219,2533476.09729243,1052055.72194453
"1400:100:1",2020,"VL1824","OTB","MBS",4759007.91248631,60624.4363113497,549382.048332055,430047.721953057,324320.387819073,1771006.97100131,204119.915247042,2355,0.335314196709714,1.47,12.811,21,43.681,102868.755,34493.3539493533,3481388.83674412,1506261.95049576
"1400:100:1",2020,"VL2440","OTB","MBS",1903439.70395001,54463.7227748595,181230.639952159,147401.835479486,128951.268167042,768357.966054785,21341.837894698,909,0.335314196709714,1.47,12.811,32,59.851,54404.559,18242.6209984312,1482077.06212775,692377.258178268
"1400:100:1",2021,"VL1218","OTB","MBS",2178501.58629429,632.981522309711,161299.23773622,215661.698322671,104812.157221949,710661.654797408,165988.119929731,1319,0.49821880876196,1.47,12.811,15,34.861,45981.659,22908.9273718787,1674452.54716388,797802.772436743
"1400:100:1",2021,"VL1824","OTB","MBS",3260246.54611192,18985.0961923944,273798.351133552,367480.844094622,185522.044697758,1149822.34570891,184403.636731429,1576.8,0.49821880876196,1.47,12.811,21,43.681,68876.2008,34315.4187146256,2418114.98366375,1083889.00122341
"1400:100:1",2021,"VL2440","OTB","MBS",1561549.31507813,22489.6193845063,150310.436648886,129746.052359834,93759.0727202233,687808.663473025,47835.7105908591,551,0.49821880876196,1.47,12.811,32,59.851,32977.901,16430.2105516899,1193793.162182,458148.788118121
"1400:100:1",2022,"VL1218","OTB","MBS",0,0,0,0,0,0,0,1120.5,NA,1.47,12.811,15,34.861,39061.7505,NA,NA,NA
"1400:100:1",2022,"VL1824","OTB","MBS",0,0,0,0,0,0,0,1422.5,NA,1.47,12.811,21,43.681,62136.2225,NA,NA,NA
"1400:100:1",2022,"VL2440","OTB","MBS",0,0,0,0,0,0,0,292,NA,1.47,12.811,32,59.851,17476.492,NA,NA,NA
"1400:100:2",2017,"VL1218","OTB","MBS",4269266.33190616,0,517626.780596421,389141.899955081,232154.408968511,1164455.56380896,372337.944934822,3156,0.423215748104041,1.47,12.811,15,34.861,110021.316,46562.7535583311,3083780.48882781,1546986.98008403
"1400:100:2",2017,"VL1824","OTB","MBS",7743643.1061906,11898.7880483477,717085.945342648,836051.908669328,355580.348135418,2680108.82081912,266105.019351608,3654,0.423215748104041,1.47,12.811,21,43.681,159610.374,67549.6238375758,5779274.06825397,2833060.22808325
"1400:100:2",2017,"VL2440","OTB","MBS",4300039.62308655,35522.5846697683,346993.172855949,310983.727548749,305296.536346285,1665729.12781426,74753.8362558414,2036.7,0.423215748104041,1.47,12.811,32,59.851,121898.5317,51589.3782861997,3320699.39271914,1580216.42864904
"1400:100:2",2018,"VL1218","OTB","MBS",2142649.29541357,248.919938858083,121859.844841876,229192.839173654,102439.39793701,678915.982379181,183233.243249425,1404.7,0.502828358672181,1.47,12.811,15,34.861,48969.2467,24623.1259435741,1664783.00745631,802633.781827705
"1400:100:2",2018,"VL1824","OTB","MBS",5287469.37407007,36119.3530657441,433917.441268708,529084.65483272,315093.450314109,1712936.50863017,194802.123176771,2402.6,0.502828358672181,1.47,12.811,21,43.681,104947.9706,52770.8158027743,3992722.3649175,2084983.73311056
"1400:100:2",2018,"VL2440","OTB","MBS",3903960.7054361,10815.8177769957,382474.605696522,229721.393675875,260372.836629714,1547663.98696463,71819.4162543258,1615.2,0.502828358672181,1.47,12.811,32,59.851,96671.3352,48609.0888092642,2993598.59840172,1374115.19518276
"1400:100:2",2019,"VL1218","OTB","MBS",1792380.82562332,1592.05429231231,156470.481496076,171306.773089638,54227.8931293213,576593.141008648,124290.446918032,1445.3,0.500663831533424,1.47,12.811,15,34.861,50384.6033,25225.7485384696,1386741.98366213,685858.395735446
"1400:100:2",2019,"VL1824","OTB","MBS",3942527.0393895,62513.2974111759,381565.554082651,351331.490351466,223617.587264487,1341948.78448876,184695.062279615,2037,0.500663831533424,1.47,12.811,21,43.681,88978.197,44548.1650329558,3003977.54006911,1477333.69330074
"1400:100:2",2019,"VL2440","OTB","MBS",3092972.27960415,87054.1142635936,215016.63944375,358301.362148373,151263.725007444,1196028.88958768,104897.953272586,1388,0.500663831533424,1.47,12.811,32,59.851,83073.188,41591.7406017764,2413852.9266664,1112926.08380614
"1400:100:2",2020,"VL1218","OTB","MBS",2804067.93345914,2444.57386488228,210820.605505313,292539.7819245,119449.68389206,1040718.01966496,224809.326204225,1663,0.335314196709714,1.47,12.811,15,34.861,57973.843,19439.4525957201,2164262.98340643,898735.637537245
"1400:100:2",2020,"VL1824","OTB","MBS",3778914.98783414,48139.1490030675,436239.673197853,341481.630595421,257528.290964614,1406277.29756792,162082.480472174,1870,0.335314196709714,1.47,12.811,21,43.681,81683.47,27389.627127512,2764414.9149518,1196055.13691171
"1400:100:2",2020,"VL2440","OTB","MBS",2681358.13081187,76722.5489694252,255297.947699384,207643.619726603,181652.474024089,1082378.85097156,30064.0521717941,1280.5,0.335314196709714,1.47,12.811,32,59.851,76639.2055,25698.2136287032,2087788.42470251,975345.521559156
"1400:100:2",2021,"VL1218","OTB","MBS",4257905.29906496,1237.16934383202,315261.133346457,421513.160178806,204856.513508858,1388996.01673064,324425.605139383,2578,0.49821880876196,1.47,12.811,15,34.861,89871.658,44775.7503902223,3272735.91098445,1559314.28911442
"1400:100:2",2021,"VL1824","OTB","MBS",6972064.53163964,40599.7871389865,585520.065970533,785860.861420006,396740.445662632,2458904.71190415,394348.720864015,3372,0.49821880876196,1.47,12.811,21,43.681,147292.332,73383.8101888112,5171159.13553664,2317905.70276848
"1400:100:2",2021,"VL2440","OTB","MBS",4993556.97489595,71917.8028230491,480666.042423481,414904.799016384,299824.838716939,2199489.77321138,152970.094484744,1762,0.49821880876196,1.47,12.811,32,59.851,105457.462,52540.8910926997,3817538.2064695,1465078.33877337
"1400:100:2",2022,"VL1218","OTB","MBS",0,0,0,0,0,0,0,2217.5,NA,1.47,12.811,15,34.861,77304.2675,NA,NA,NA
"1400:100:2",2022,"VL1824","OTB","MBS",0,0,0,0,0,0,0,2931.5,NA,1.47,12.811,21,43.681,128050.8515,NA,NA,NA
"1400:100:2",2022,"VL2440","OTB","MBS",0,0,0,0,0,0,0,1548,NA,1.47,12.811,32,59.851,92649.348,NA,NA,NA
"1400:100:4",2017,"VL1218","OTB","MBS",2518813.02598519,0,305393.240009675,229588.788883511,136968.158903475,687014.024021638,219674.668399442,1862,0.423215748104041,1.47,12.811,15,34.861,64911.182,27471.4344504476,1819391.40373808,912702.711317001
"1400:100:4",2017,"VL1824","OTB","MBS",5577796.56691123,8570.77453290949,516521.677105049,602213.635363347,256126.840802523,1930499.8402835,191677.178690047,2632,0.423215748104041,1.47,12.811,21,43.681,114968.392,48656.4340285987,4162848.75414462,2040671.73517108
"1400:100:4",2017,"VL2440","OTB","MBS",325136.790865287,2685.95180396932,26237.0249029391,23514.2603439423,23084.2375398084,125949.961056314,5652.32522384228,154,0.423215748104041,1.47,12.811,32,59.851,9217.054,3900.80240392535,251086.417478641,119484.131198484
"1400:100:4",2018,"VL1218","OTB","MBS",5041716.17863634,585.715863819764,286739.763049657,539297.423877468,241042.886026339,1597509.07422076,431153.156483466,3305.3,0.502828358672181,1.47,12.811,15,34.861,115226.0633,57938.9322853958,3917282.8892613,1888620.65855707
"1400:100:4",2018,"VL1824","OTB","MBS",10221281.7397271,69822.8316464866,838811.935391873,1022781.02029908,609111.599926696,3311301.76239608,376574.736158543,4644.5,0.502828358672181,1.47,12.811,21,43.681,202876.4045,102012.009488048,7718388.00626793,4030511.5077133
"1400:100:4",2018,"VL2440","OTB","MBS",843054.416825229,2335.65951003969,82594.813315346,49607.9879359493,56227.1207382642,334215.700008212,15509.2944462041,348.8,0.502828358672181,1.47,12.811,32,59.851,20876.0288,10497.0592970972,646463.095048612,296738.100594197
"1400:100:4",2019,"VL1218","OTB","MBS",3943163.40770214,3502.45335074809,344228.56359574,376867.789189658,119299.113674663,1268480.97360486,273433.823441898,3179.6,0.500663831533424,1.47,12.811,15,34.861,110844.0356,55495.5995661232,3050774.7950267,1508859.99797995
"1400:100:4",2019,"VL1824","OTB","MBS",9909542.68123428,157127.188387443,959065.113845447,883071.78723589,562062.860478239,3372988.59920591,464231.08437488,5120,0.500663831533424,1.47,12.811,21,43.681,223646.72,111971.823745083,7550498.28431706,3713278.60073627
"1400:100:4",2019,"VL2440","OTB","MBS",1466264.95675759,41269.169441963,101931.519275207,169857.562171203,71708.5958608778,566993.522585512,49728.2804419034,658,0.500663831533424,1.47,12.811,32,59.851,39381.958,19717.1219855684,1144319.3269067,527597.52387928
"1400:100:4",2020,"VL1218","OTB","MBS",4073064.6422513,3550.8795117316,306228.655838024,424930.305001096,173507.309927637,1511700.8107653,326548.050738981,2415.6,0.335314196709714,1.47,12.811,15,34.861,84210.2316,28236.886163693,3143712.36483258,1305463.5033283
"1400:100:4",2020,"VL1824","OTB","MBS",9538223.92651183,121506.301226994,1101096.9291411,861921.548882559,650017.932274321,3549534.14145486,409106.581726556,4720,0.335314196709714,1.47,12.811,21,43.681,206174.32,69133.1764929715,6977560.64094787,3018919.91776645
"1400:100:4",2020,"VL2440","OTB","MBS",1133897.24938276,32444.5609269377,107960.826770181,87808.684171773,76817.5046341618,457718.194299963,12713.5370956864,541.5,0.335314196709714,1.47,12.811,32,59.851,32409.3165,10867.3039281084,882887.490805476,412455.759409827
"1400:100:4",2021,"VL1218","OTB","MBS",3190951.52746063,927.157165354331,236262.416456693,315889.614222441,153523.190108268,1040938.83022638,243130.437986535,1932,0.49821880876196,1.47,12.811,15,34.861,67351.452,33555.7601838284,2452647.70365475,1168578.43544184
"1400:100:4",2021,"VL1824","OTB","MBS",6362112.26686096,37047.9077777762,534295.742286871,717109.68878688,362031.539532598,2243787.01023993,359849.055189376,3077,0.49821880876196,1.47,12.811,21,43.681,134406.437,66963.8149320795,4718759.38910031,2115123.323671
"1400:100:4",2021,"VL2440","OTB","MBS",864378.47749334,12448.8818734563,83202.6917929407,71819.5026674217,51899.3052262579,380728.933501402,26478.9323597314,305,0.49821880876196,1.47,12.811,32,59.851,18254.555,9094.76264657969,660811.097033596,253603.231172463
"1400:100:4",2022,"VL1218","OTB","MBS",0,0,0,0,0,0,0,1626.5,NA,1.47,12.811,15,34.861,56701.4165,NA,NA,NA
"1400:100:4",2022,"VL1824","OTB","MBS",0,0,0,0,0,0,0,2529.5,NA,1.47,12.811,21,43.681,110491.0895,NA,NA,NA
"1400:100:4",2022,"VL2440","OTB","MBS",0,0,0,0,0,0,0,247,NA,1.47,12.811,32,59.851,14783.197,NA,NA,NA
"1400:101:1",2017,"VL1218","OTB","MBS",40582.379580857,0,4920.4066596618,3699.06749006731,2206.79095977672,11068.9692377278,3539.3340773272,30,0.423215748104041,1.47,12.811,15,34.861,1045.83,442.61172583965,29313.5027455115,14705.1994304565
"1400:101:1",2017,"VL1824","OTB","MBS",754443.608594377,1159.26889578867,69863.8742588896,81454.4278834923,34643.2960963899,261116.239795185,25925.9405826963,356,0.423215748104041,1.47,12.811,21,43.681,15550.436,6581.18940508401,563060.08984631,276017.909468428
"1400:101:1",2017,"VL2440","OTB","MBS",1233830.78299788,10192.6638586992,99564.3983979067,89232.0373051942,87600.1845341822,477955.566502014,21449.4731221651,584.4,0.423215748104041,1.47,12.811,32,59.851,34976.9244,14802.7852263245,952824.041392971,453419.001768792
"1400:101:1",2018,"VL1218","OTB","MBS",18304.115857452,2.12646064376522,1041.01810927779,1957.93697592643,875.114099269678,5799.80906140114,1565.31566810928,12,0.502828358672181,1.47,12.811,15,34.861,418.332,210.349192940051,14221.8239406818,6856.69921117139
"1400:101:1",2018,"VL1824","OTB","MBS",269589.194340957,1841.59691607161,22123.9018377661,26976.1384404429,16065.4905783228,87336.5197316223,9932.26508330746,122.5,0.502828358672181,1.47,12.811,21,43.681,5350.9225,2690.59557805704,203574.66482244,106305.88000751
"1400:101:1",2018,"VL2440","OTB","MBS",1056235.03484124,2926.27065908069,103480.313700706,62152.2096559916,70445.1025304514,418727.812223591,19431.082778071,437,0.502828358672181,1.47,12.811,32,59.851,26154.887,13151.4189014664,809932.260711708,371773.365710046
"1400:101:1",2019,"VL1218","OTB","MBS",5580.65018702341,4.95692542406794,487.17717202819,533.370565905605,168.840738311732,1795.24606278206,386.983332962806,4.5,0.500663831533424,1.47,12.811,15,34.861,156.8745,78.5413882398901,4317.67724796206,2135.44785221719
"1400:101:1",2019,"VL1824","OTB","MBS",315479.581453357,5002.29134905335,30532.737022814,28113.4182264551,17893.7980972564,107382.254232532,14779.2317877159,163,0.500663831533424,1.47,12.811,21,43.681,7120.003,3564.72798250947,240377.191473375,118215.705453127
"1400:101:1",2019,"VL2440","OTB","MBS",718648.098106873,20226.9105547615,49958.8373347329,83250.8568392294,35145.9303421476,277895.761449586,24372.9034080758,322.5,0.500663831533424,1.47,12.811,32,59.851,19301.9475,9663.78699140699,560855.597154117,258586.932296456
"1400:101:1",2020,"VL1218","OTB","MBS",10116.9017442904,8.81986962675509,760.62756045212,1055.4652384528,430.96698938807,3754.84553096198,811.097989913018,6,0.335314196709714,1.47,12.811,15,34.861,209.166,70.136329268984,7808.52549635514,3242.58197548014
"1400:101:1",2020,"VL1824","OTB","MBS",175810.483391214,2239.62885736196,20295.6425498466,15887.1132950811,11981.2627347174,65425.7352344435,7540.73572250219,87,0.335314196709714,1.47,12.811,21,43.681,3800.247,1274.2767701035,128611.816898827,55645.3459418816
"1400:101:1",2020,"VL2440","OTB","MBS",675312.766252891,19322.9379481762,64297.9993229608,52296.0307394216,45750.0373859966,272602.248682803,7571.77417056118,322.5,0.335314196709714,1.47,12.811,32,59.851,19301.9475,6472.21702089557,525819.419731793,245645.396878428
"1400:101:1",2021,"VL1218","OTB","MBS",13213.0498031496,3.83916010498688,978.312283464567,1308.03152887139,635.706791338583,4310.3057152231,1006.7512960105,8,0.49821880876196,1.47,12.811,15,34.861,278.888,138.947247138006,10155.891112442,4838.83410120845
"1400:101:1",2021,"VL1824","OTB","MBS",558261.394882178,3250.87263568397,46883.2793036904,62924.8020709969,31767.4734071503,196887.387963855,31575.9651937379,270,0.49821880876196,1.47,12.811,21,43.681,11793.87,5875.92786209342,414060.784873931,185597.431716338
"1400:101:1",2021,"VL2440","OTB","MBS",867212.5052884,12489.6978795988,83475.4875037373,72054.9764466591,52069.4668827374,381977.225086653,26565.7485314027,306,0.49821880876196,1.47,12.811,32,59.851,18314.406,9124.5815405029,662977.690794362,254434.717176307
"1400:101:1",2022,"VL1218","OTB","MBS",0,0,0,0,0,0,0,20,NA,1.47,12.811,15,34.861,697.22,NA,NA,NA
"1400:101:1",2022,"VL1824","OTB","MBS",0,0,0,0,0,0,0,266,NA,1.47,12.811,21,43.681,11619.146,NA,NA,NA
"1400:101:1",2022,"VL2440","OTB","MBS",0,0,0,0,0,0,0,285,NA,1.47,12.811,32,59.851,17057.535,NA,NA,NA
"1400:101:2",2017,"VL2440","OTB","MBS",1055.6389313808,8.72062274016015,85.1851457887635,76.3450011166959,74.9488231811963,408.928444988034,18.3517052722152,0.5,0.423215748104041,1.47,12.811,32,59.851,29.9255,12.6649428698875,815.215641164417,387.935490904168
"1400:101:2",2018,"VL1218","OTB","MBS",9304.59222753809,1.08095082724732,529.184205549545,995.284629429267,444.849667128753,2948.23627287891,795.702131288883,6.1,0.502828358672181,1.47,12.811,15,34.861,212.6521,106.927506411192,7229.42716984658,3485.48876567879
"1400:101:2",2018,"VL2440","OTB","MBS",4834.02761941072,13.3925430621542,473.594113046709,284.449472109801,322.403215242341,1916.37442665259,88.9294406319041,2,0.502828358672181,1.47,12.811,32,59.851,119.702,60.1895601897774,3706.78380188425,1701.47993459975
"1400:101:2",2019,"VL1218","OTB","MBS",620.072243002601,0.550769491563104,54.1307968920211,59.2633962117338,18.7600820346368,199.471784753563,42.9981481069785,0.5,0.500663831533424,1.47,12.811,15,34.861,17.4305,8.72682091554335,479.741916440229,237.271983579688
"1400:101:2",2019,"VL1824","OTB","MBS",3870.91510985714,61.3778079638448,374.634810095878,344.949916889019,219.555804874312,1317.57367156481,181.340267333938,2,0.500663831533424,1.47,12.811,21,43.681,87.362,43.738993650423,2949.41339231135,1450.49945341261
"1400:101:2",2020,"VL1824","OTB","MBS",1010.405076961,12.8714302147239,116.641623849693,91.305248822305,68.8578318087204,376.009972611744,43.3375616235758,0.5,0.335314196709714,1.47,12.811,21,43.681,21.8405,7.3234297132385,739.148372981766,319.800838746446
"1400:101:2",2020,"VL2440","OTB","MBS",2093.99307365238,59.9160866610115,199.373641311506,162.15823485092,141.86058104185,845.278290489312,23.4783695211199,1,0.335314196709714,1.47,12.811,32,59.851,59.851,20.0688899872731,1630.44781312184,761.691153111406
"1400:101:2",2021,"VL2440","OTB","MBS",2834.02779506013,40.8160061424796,272.795710796527,235.473779237448,170.161656479534,1248.2915852505,86.8161716712506,1,0.49821880876196,1.47,12.811,32,59.851,59.851,29.8188939232121,2166.59376076589,831.48600384414
"1400:101:2",2022,"VL1218","OTB","MBS",0,0,0,0,0,0,0,2,NA,1.47,12.811,15,34.861,69.722,NA,NA,NA
"1400:101:2",2022,"VL1824","OTB","MBS",0,0,0,0,0,0,0,7,NA,1.47,12.811,21,43.681,305.767,NA,NA,NA
"1400:101:3",2017,"VL0612","OTB","MBS",64890.4442067736,0,8813.17361853833,6138.11622103387,2080.96684491979,20792.9183600713,6794.66015923945,80,0.423215748104041,1.47,12.811,9,26.041,2083.28,881.676903710187,46976.5106185715,19388.9320992607
"1400:101:3",2017,"VL1218","OTB","MBS",1391975.6196234,0,168769.9484264,126878.014909309,75692.9299203415,379665.644854063,121399.158852323,1029,0.423215748104041,1.47,12.811,15,34.861,35871.969,15181.5821963,1005453.14417105,504388.340464659
"1400:101:3",2017,"VL1824","OTB","MBS",7139664.37459117,10970.7216570563,661155.596567975,770842.605447993,327846.248732409,2471069.13446623,245349.701750292,3369,0.423215748104041,1.47,12.811,21,43.681,147161.289,62280.97501609,5328509.67048375,2612090.83426723
"1400:101:3",2017,"VL2440","OTB","MBS",2932564.95137586,24225.8899721649,236644.335001185,212086.413102181,208207.830797363,1136003.22017676,50981.0372462138,1389,0.423215748104041,1.47,12.811,32,59.851,83133.039,35183.2112925474,2264669.05115475,1077684.79373178
"1400:101:3",2018,"VL0612","OTB","MBS",27242.33339298,0,6422.24221610461,2988.80685478321,2050.28891947694,3374.31865106676,5891.60166551961,34,0.502828358672181,1.47,12.811,9,26.041,885.394,445.201211798197,15335.7941908171,6069.87387423071
"1400:101:3",2018,"VL1218","OTB","MBS",753519.436131774,87.539296501668,42855.2454986025,80601.7388423046,36025.5304199351,238758.806361013,64438.8283371653,494,0.502828358672181,1.47,12.811,15,34.861,17221.334,8659.37510936542,585465.085558068,282267.450859889
"1400:101:3",2018,"VL1824","OTB","MBS",2838499.12539564,19390.1363457075,232942.110941638,284031.211105986,169153.222432006,919564.433876298,104576.616362857,1289.8,0.502828358672181,1.47,12.811,21,43.681,56339.7538,28329.2259312488,2143433.49133047,1119292.44109132
"1400:101:3",2018,"VL2440","OTB","MBS",1961648.40795687,5434.69397462217,192184.491074354,115429.595782157,130831.224745342,777664.742335621,36087.5670084267,811.6,0.502828358672181,1.47,12.811,32,59.851,48575.0716,24424.9235250117,1504212.86680463,690460.557460579
"1400:101:3",2019,"VL0612","OTB","MBS",77467.2307004701,0,4562.66349695615,7897.3746320413,10317.5665253911,8457.056561609,25560.2716036064,86,0.500663831533424,1.47,12.811,9,26.041,2239.526,1121.24966797872,53568.3763781028,19551.0482128874
"1400:101:3",2019,"VL1218","OTB","MBS",723624.307584035,642.747996654143,63170.6399729886,69160.3833790934,21893.0157344212,232783.572807408,50178.8388408439,583.5,0.500663831533424,1.47,12.811,15,34.861,20341.3935,10184.2000084391,559858.816485747,276896.404837496
"1400:101:3",2019,"VL1824","OTB","MBS",2007069.48446093,31824.3934292535,194248.149034713,178856.531906957,113839.684827331,683161.948706354,94024.9286126467,1037,0.500663831533424,1.47,12.811,21,43.681,45297.197,22678.6682077443,1529270.84391344,752083.966594436
"1400:101:3",2019,"VL2440","OTB","MBS",1377130.30893038,38760.4053421476,95735.0743344649,159531.874501221,67349.4107021619,532525.831242928,46705.2846703591,618,0.500663831533424,1.47,12.811,32,59.851,36987.918,18518.5127463241,1074755.84198836,495524.726075069
"1400:101:3",2020,"VL0612","OTB","MBS",62787.3210034208,0,23792.3319270239,8265.18486887115,1687.02460661346,8903.11210946408,18177.1868871152,59,0.335314196709714,1.47,12.811,9,26.041,1536.419,515.183102794542,28527.5964981177,1447.29750153841
"1400:101:3",2020,"VL1218","OTB","MBS",865838.174282183,754.833842223123,65097.0420486939,90330.2333242519,36883.5915084623,321352.196691496,69416.4696367225,513.5,0.335314196709714,1.47,12.811,15,34.861,17901.1235,6002.50084660388,668279.640396394,277510.974068175
"1400:101:3",2020,"VL1824","OTB","MBS",1587346.37590573,20221.0168673313,183243.991067868,143440.545899841,108175.6537715,590711.66697305,68083.3093106376,785.5,0.335314196709714,1.47,12.811,21,43.681,34311.4255,11505.1080794977,1161202.09395435,502407.117670667
"1400:101:3",2020,"VL2440","OTB","MBS",879477.090933998,25164.7563976248,83736.9293508327,68106.4586373863,59581.444037577,355016.882005511,9860.91519887037,420,0.335314196709714,1.47,12.811,32,59.851,25137.42,8428.93379465469,684788.081511172,319910.284306791
"1400:101:3",2021,"VL0612","OTB","MBS",55077.3567333867,0,4653.60807045636,2521.82392313851,464.858286629303,12763.2707125701,7987.33715164131,96,0.49821880876196,1.47,12.811,9,26.041,2499.936,1245.51513590114,46191.5513172614,25440.94345305
"1400:101:3",2021,"VL1218","OTB","MBS",1661541.01274606,482.7743832021,123022.769645669,164484.964755577,79940.1290108268,542020.943689304,126598.97547332,1006,0.49821880876196,1.47,12.811,15,34.861,35070.166,17472.6163276042,1277103.30738959,608483.388226963
"1400:101:3",2021,"VL1824","OTB","MBS",4358574.14967271,25380.8870963771,366036.862119183,491279.565798746,248021.607193603,1537180.0512141,246526.424549628,2108,0.49821880876196,1.47,12.811,21,43.681,92079.548,45875.7627158997,3232741.23894165,1449034.76317793
"1400:101:3",2021,"VL2440","OTB","MBS",3063584.04646,44122.1026400205,294892.163371046,254547.155355681,183944.750654376,1349403.20365579,93848.2815766219,1081,0.49821880876196,1.47,12.811,32,59.851,64698.931,32234.2243309923,2342087.85538793,898836.370155515
"1400:101:3",2022,"VL0612","OTB","MBS",0,0,0,0,0,0,0,27,NA,1.47,12.811,9,26.041,703.107,NA,NA,NA
"1400:101:3",2022,"VL1218","OTB","MBS",0,0,0,0,0,0,0,1083.5,NA,1.47,12.811,15,34.861,37771.8935,NA,NA,NA
"1400:101:3",2022,"VL1824","OTB","MBS",0,0,0,0,0,0,0,2345,NA,1.47,12.811,21,43.681,102431.945,NA,NA,NA
"1400:101:3",2022,"VL2440","OTB","MBS",0,0,0,0,0,0,0,1062.5,NA,1.47,12.811,32,59.851,63591.6875,NA,NA,NA
"1400:101:4",2017,"VL1218","OTB","MBS",44640.6175389427,0,5412.44732562798,4068.97423907404,2427.47005575439,12175.8661615006,3893.26748505992,33,0.423215748104041,1.47,12.811,15,34.861,1150.413,486.872898423614,32244.8530200627,16175.7193735022
"1400:101:4",2017,"VL1824","OTB","MBS",627290.191415549,963.88649762204,58089.0639905374,67726.1535211059,28804.5383273355,217107.884773525,21556.4000350509,296,0.423215748104041,1.47,12.811,21,43.681,12929.576,5472.00017950806,468162.321894684,229498.037086109
"1400:101:4",2017,"VL2440","OTB","MBS",221684.175589968,1831.33077543363,17888.8806156403,16032.4502345061,15739.2528680512,85874.9734474871,3853.85810716519,105,0.423215748104041,1.47,12.811,32,59.851,6284.355,2659.63800267637,171195.284644528,81466.4530898754
"1400:101:4",2018,"VL1218","OTB","MBS",44997.6181495695,5.22754908258949,2559.16951864124,4813.2617324858,2151.32216070463,14257.8639426111,3848.06768410197,29.5,0.502828358672181,1.47,12.811,15,34.861,1028.3995,517.108432644291,34961.9838541761,16856.052227463
"1400:101:4",2018,"VL1824","OTB","MBS",92430.5809168995,631.404656938839,7585.33777294836,9248.961751009,5508.16819828211,29943.9496222705,3405.34802856256,42,0.502828358672181,1.47,12.811,21,43.681,1834.602,922.4899124767,69797.0279391222,36447.7302882891
"1400:101:4",2018,"VL2440","OTB","MBS",99097.5661979197,274.547132774161,9708.67931745753,5831.21417825092,6609.26591246798,39285.6757463781,1823.05353295403,41,0.502828358672181,1.47,12.811,32,59.851,2453.891,1233.88598389044,75989.067938627,34880.3386592949
"1400:101:4",2019,"VL1218","OTB","MBS",17362.0228040728,15.4215457637669,1515.66231297659,1659.37509392855,525.282296969832,5585.20997309975,1203.9481469954,14,0.500663831533424,1.47,12.811,15,34.861,488.054,244.350985635214,13432.7736603264,6643.61554023126
"1400:101:4",2019,"VL1824","OTB","MBS",128707.92740275,2040.81211479784,12456.6074356879,11469.5847365599,7300.23051207088,43809.3245795299,6029.56388885343,66.5,0.500663831533424,1.47,12.811,21,43.681,2904.7865,1454.32153887656,98067.9952943525,48229.1068259691
"1400:101:4",2019,"VL2440","OTB","MBS",81335.3661423282,2289.24724108153,5654.25600842713,9422.18999885852,3977.75645732833,31451.7683501082,2758.48364153416,36.5,0.500663831533424,1.47,12.811,32,59.851,2184.5615,1093.7309308104,63476.6799879854,29266.427996343
"1400:101:4",2020,"VL1218","OTB","MBS",13489.2023257205,11.7598261690068,1014.17008060283,1407.28698460373,574.622652517426,5006.46070794931,1081.46398655069,8,0.335314196709714,1.47,12.811,15,34.861,278.888,93.5151056919786,10411.3673284735,4323.44263397352
"1400:101:4",2020,"VL1824","OTB","MBS",29301.747231869,373.271476226994,3382.6070916411,2647.85221584684,1996.87712245289,10904.2892057406,1256.7892870837,14.5,0.335314196709714,1.47,12.811,21,43.681,633.3745,212.379461683917,21435.3028164712,9274.22432364693
"1400:101:4",2020,"VL2440","OTB","MBS",10469.9653682619,299.580433305058,996.868206557533,810.791174254598,709.30290520925,4226.39145244656,117.3918476056,5,0.335314196709714,1.47,12.811,32,59.851,299.255,100.344449936365,8152.23906560919,3808.45576555703
"1400:101:4",2021,"VL1218","OTB","MBS",3303.2624507874,0.959790026246719,244.578070866142,327.007882217848,158.926697834646,1077.57642880577,251.687824002625,2,0.49821880876196,1.47,12.811,15,34.861,69.722,34.7368117845014,2538.97277811051,1209.70852530211
"1400:101:4",2021,"VL1824","OTB","MBS",229507.462340451,1336.46986133674,19274.2370470727,25869.0852958543,13059.9612896062,80942.5928295849,12981.2301352034,111,0.49821880876196,1.47,12.811,21,43.681,4848.591,2415.65923219396,170224.98933706,76301.1663722722
"1400:101:4",2021,"VL2440","OTB","MBS",102025.000622165,1469.37622112927,9820.64558867497,8477.05605254813,6125.81963326323,44938.497069018,3125.38218016502,36,0.49821880876196,1.47,12.811,32,59.851,2154.636,1073.48018123564,77997.375387572,29933.496138389
"1400:101:4",2022,"VL1218","OTB","MBS",0,0,0,0,0,0,0,1,NA,1.47,12.811,15,34.861,34.861,NA,NA,NA
"1400:101:4",2022,"VL1824","OTB","MBS",0,0,0,0,0,0,0,165,NA,1.47,12.811,21,43.681,7207.365,NA,NA,NA
"1400:101:4",2022,"VL2440","OTB","MBS",0,0,0,0,0,0,0,22,NA,1.47,12.811,32,59.851,1316.722,NA,NA,NA
"1400:102:1",2018,"VL2440","OTB","MBS",1208.50690485268,3.34813576553855,118.398528261677,71.1123680274503,80.6008038105852,479.093606663147,22.232360157976,0.5,0.502828358672181,1.47,12.811,32,59.851,29.9255,15.0473900474443,926.695950471061,425.369983649938
"1400:102:1",2019,"VL1824","OTB","MBS",967.728777464285,15.3444519909612,93.6587025239694,86.2374792222548,54.8889512185781,329.393417891202,45.3350668334844,0.5,0.500663831533424,1.47,12.811,21,43.681,21.8405,10.9347484126057,737.353348077838,362.624863353151
"1400:102:1",2020,"VL1218","OTB","MBS",843.07514535753,0.734989135562924,63.3856300376767,87.9554365377331,35.9139157823391,312.903794246832,67.5914991594182,0.5,0.335314196709714,1.47,12.811,15,34.861,17.4305,5.84469410574867,650.710458029595,270.215164623345
"1400:102:1",2020,"VL1824","OTB","MBS",1010.405076961,12.8714302147239,116.641623849693,91.305248822305,68.8578318087204,376.009972611744,43.3375616235758,0.5,0.335314196709714,1.47,12.811,21,43.681,21.8405,7.3234297132385,739.148372981766,319.800838746446
"1400:102:1",2022,"VL1218","OTB","MBS",0,0,0,0,0,0,0,3,NA,1.47,12.811,15,34.861,104.583,NA,NA,NA
"1400:102:1",2022,"VL1824","OTB","MBS",0,0,0,0,0,0,0,1,NA,1.47,12.811,21,43.681,43.681,NA,NA,NA
"1400:102:1",2022,"VL2440","OTB","MBS",0,0,0,0,0,0,0,1,NA,1.47,12.811,32,59.851,59.851,NA,NA,NA
"1400:102:3",2021,"VL1824","OTB","MBS",2067.63479585992,12.0402690210517,173.641775198853,233.054822485174,117.657308915371,729.212548014278,116.948019236066,1,0.49821880876196,1.47,12.811,21,43.681,43.681,21.7626957855312,1533.55846249604,687.397895245695
"1400:102:4",2018,"VL1218","OTB","MBS",762.6714940605,0.0886025268235506,43.3757545532414,81.5807073302678,36.4630874695699,241.658710891714,65.2214861712199,0.5,0.502828358672181,1.47,12.811,15,34.861,17.4305,8.76454970583545,592.575997528409,285.695800465475
"1400:102:4",2022,"VL1218","OTB","MBS",0,0,0,0,0,0,0,2,NA,1.47,12.811,15,34.861,69.722,NA,NA,NA
"1400:103:3",2018,"VL1218","OTB","MBS",762.6714940605,0.0886025268235506,43.3757545532414,81.5807073302678,36.4630874695699,241.658710891714,65.2214861712199,0.5,0.502828358672181,1.47,12.811,15,34.861,17.4305,8.76454970583545,592.575997528409,285.695800465475
"1400:103:3",2019,"VL1218","OTB","MBS",620.072243002601,0.550769491563104,54.1307968920211,59.2633962117338,18.7600820346368,199.471784753563,42.9981481069785,0.5,0.500663831533424,1.47,12.811,15,34.861,17.4305,8.72682091554335,479.741916440229,237.271983579688
"1400:103:3",2019,"VL1824","OTB","MBS",967.728777464285,15.3444519909612,93.6587025239694,86.2374792222548,54.8889512185781,329.393417891202,45.3350668334844,0.5,0.500663831533424,1.47,12.811,21,43.681,21.8405,10.9347484126057,737.353348077838,362.624863353151
"1400:103:3",2021,"VL1218","OTB","MBS",6606.5249015748,1.91958005249344,489.156141732283,654.015764435695,317.853395669291,2155.15285761155,503.375648005249,4,0.49821880876196,1.47,12.811,15,34.861,139.444,69.4736235690028,5077.94555622102,2419.41705060423
"1400:103:3",2021,"VL1824","OTB","MBS",2067.63479585992,12.0402690210517,173.641775198853,233.054822485174,117.657308915371,729.212548014278,116.948019236066,1,0.49821880876196,1.47,12.811,21,43.681,43.681,21.7626957855312,1533.55846249604,687.397895245695
"1400:103:3",2022,"VL1218","OTB","MBS",0,0,0,0,0,0,0,5,NA,1.47,12.811,15,34.861,174.305,NA,NA,NA
"1400:103:3",2022,"VL1824","OTB","MBS",0,0,0,0,0,0,0,1,NA,1.47,12.811,21,43.681,43.681,NA,NA,NA
"1400:103:4",2018,"VL1218","OTB","MBS",3050.685976242,0.354410107294203,173.503018212965,326.322829321071,145.85234987828,966.634843566856,260.88594468488,2,0.502828358672181,1.47,12.811,15,34.861,69.722,35.0581988233418,2370.30399011363,1142.7832018619
"1400:103:4",2018,"VL1824","OTB","MBS",1100.36405853452,7.51672210641475,90.3016401541471,110.106687512012,65.5734309319298,356.475590741316,40.5398574828876,0.5,0.502828358672181,1.47,12.811,21,43.681,21.8405,10.9820227675798,830.916999275264,433.901551051061
"1400:103:4",2019,"VL1824","OTB","MBS",967.728777464285,15.3444519909612,93.6587025239694,86.2374792222548,54.8889512185781,329.393417891202,45.3350668334844,0.5,0.500663831533424,1.47,12.811,21,43.681,21.8405,10.9347484126057,737.353348077838,362.624863353151
"1400:103:4",2019,"VL2440","OTB","MBS",1114.18309784011,31.3595512476922,77.4555617592758,129.071095874774,54.4898144839497,430.846141782304,37.7874471443035,0.5,0.500663831533424,1.47,12.811,32,59.851,29.9255,14.9826154905535,869.543561479252,400.909972552644
"1400:103:4",2020,"VL2440","OTB","MBS",2093.99307365238,59.9160866610115,199.373641311506,162.15823485092,141.86058104185,845.278290489312,23.4783695211199,1,0.335314196709714,1.47,12.811,32,59.851,59.851,20.0688899872731,1630.44781312184,761.691153111406
"1400:103:4",2022,"VL2440","OTB","MBS",0,0,0,0,0,0,0,3,NA,1.47,12.811,32,59.851,179.553,NA,NA,NA
"1400:104:3",2018,"VL1824","OTB","MBS",2200.72811706904,15.0334442128295,180.603280308294,220.213375024024,131.14686186386,712.951181482631,81.0797149657752,1,0.502828358672181,1.47,12.811,21,43.681,43.681,21.9640455351595,1661.83399855053,867.803102102122
"1400:104:3",2019,"VL1824","OTB","MBS",967.728777464285,15.3444519909612,93.6587025239694,86.2374792222548,54.8889512185781,329.393417891202,45.3350668334844,0.5,0.500663831533424,1.47,12.811,21,43.681,21.8405,10.9347484126057,737.353348077838,362.624863353151
"1400:104:4",2019,"VL1824","OTB","MBS",967.728777464285,15.3444519909612,93.6587025239694,86.2374792222548,54.8889512185781,329.393417891202,45.3350668334844,0.5,0.500663831533424,1.47,12.811,21,43.681,21.8405,10.9347484126057,737.353348077838,362.624863353151
"1400:104:4",2020,"VL1824","OTB","MBS",1010.405076961,12.8714302147239,116.641623849693,91.305248822305,68.8578318087204,376.009972611744,43.3375616235758,0.5,0.335314196709714,1.47,12.811,21,43.681,21.8405,7.3234297132385,739.148372981766,319.800838746446
"1400:104:4",2021,"VL1218","OTB","MBS",3303.2624507874,0.959790026246719,244.578070866142,327.007882217848,158.926697834646,1077.57642880577,251.687824002625,2,0.49821880876196,1.47,12.811,15,34.861,69.722,34.7368117845014,2538.97277811051,1209.70852530211
"1400:104:4",2022,"VL1218","OTB","MBS",0,0,0,0,0,0,0,3,NA,1.47,12.811,15,34.861,104.583,NA,NA,NA
"1400:104:4",2022,"VL1824","OTB","MBS",0,0,0,0,0,0,0,0.5,NA,1.47,12.811,21,43.681,21.8405,NA,NA,NA
"1400:110:2",2017,"VL1218","OTB","MBS",9469.22190219997,0,1148.09488725442,863.115747682373,514.917890614568,2582.75948880315,825.844618043014,7,0.423215748104041,1.47,12.811,15,34.861,244.027,103.276069362585,6839.81730728602,3431.21320043986
"1400:110:2",2017,"VL1824","OTB","MBS",6357.67085894138,9.76911990833149,588.740513417609,686.413718119317,291.937888452724,2200.41775108302,218.477027382273,3,0.423215748104041,1.47,12.811,21,43.681,131.043,55.4594612787979,4744.88839758126,2325.99361911597
"1400:110:2",2018,"VL1218","OTB","MBS",19829.458845573,2.30366569741232,1127.76961838428,2121.09839058696,948.040274208818,6283.12648318457,1695.75864045172,13,0.502828358672181,1.47,12.811,15,34.861,453.193,227.878292351722,15406.9759357386,7428.09081210234
"1400:110:2",2018,"VL1824","OTB","MBS",5501.82029267259,37.5836105320737,451.508200770736,550.53343756006,327.867154659649,1782.37795370658,202.699287414438,2.5,0.502828358672181,1.47,12.811,21,43.681,109.2025,54.9101138378988,4154.58499637632,2169.5077552553
"1400:110:2",2018,"VL2440","OTB","MBS",2417.01380970536,6.69627153107709,236.797056523354,142.224736054901,161.20160762117,958.187213326295,44.4647203159521,1,0.502828358672181,1.47,12.811,32,59.851,59.851,30.0947800948887,1853.39190094212,850.739967299876
"1400:110:2",2019,"VL1218","OTB","MBS",13021.5171030546,11.5661593228252,1136.74673473244,1244.53132044641,393.961722727374,4188.90747982481,902.961110246548,10.5,0.500663831533424,1.47,12.811,15,34.861,366.0405,183.26323922641,10074.5802452448,4982.71165517345
"1400:110:2",2019,"VL1824","OTB","MBS",967.728777464285,15.3444519909612,93.6587025239694,86.2374792222548,54.8889512185781,329.393417891202,45.3350668334844,0.5,0.500663831533424,1.47,12.811,21,43.681,21.8405,10.9347484126057,737.353348077838,362.624863353151
"1400:110:2",2019,"VL2440","OTB","MBS",3342.54929352034,94.0786537430767,232.366685277827,387.213287624323,163.469443451849,1292.53842534691,113.36234143291,1.5,0.500663831533424,1.47,12.811,32,59.851,89.7765,44.9478464716604,2608.63068443776,1202.72991765793
"1400:110:2",2020,"VL1218","OTB","MBS",7587.67630821777,6.61490222006632,570.47067033909,791.598928839598,323.225242041052,2816.13414822149,608.323492434763,4.5,0.335314196709714,1.47,12.811,15,34.861,156.8745,52.602246951738,5856.39412226635,2431.9364816101
"1400:110:2",2020,"VL1824","OTB","MBS",4041.620307844,51.4857208588957,466.566495398773,365.22099528922,275.431327234882,1504.03989044698,173.350246494303,2,0.335314196709714,1.47,12.811,21,43.681,87.362,29.293718852954,2956.59349192706,1279.20335498578
"1400:110:2",2021,"VL1218","OTB","MBS",6606.5249015748,1.91958005249344,489.156141732283,654.015764435695,317.853395669291,2155.15285761155,503.375648005249,4,0.49821880876196,1.47,12.811,15,34.861,139.444,69.4736235690028,5077.94555622102,2419.41705060423
"1400:110:2",2021,"VL1824","OTB","MBS",2067.63479585992,12.0402690210517,173.641775198853,233.054822485174,117.657308915371,729.212548014278,116.948019236066,1,0.49821880876196,1.47,12.811,21,43.681,43.681,21.7626957855312,1533.55846249604,687.397895245695
"1400:110:2",2022,"VL1218","OTB","MBS",0,0,0,0,0,0,0,2,NA,1.47,12.811,15,34.861,69.722,NA,NA,NA
"1400:111:1",2017,"VL0612","OTB","MBS",221438.640855615,0,30074.954973262,20946.3216042781,7101.29935828877,70955.8339037433,23186.7777934046,273,0.423215748104041,1.47,12.811,9,26.041,7109.193,3008.72243391101,160307.342485875,66164.7307887271
"1400:111:1",2017,"VL1218","OTB","MBS",2866468.74439453,0,347544.723727445,261277.467048421,155873.001458896,781838.19382484,249994.963661878,2119,0.423215748104041,1.47,12.811,15,34.861,73870.459,31263.1415684739,2070510.4105913,1038677.25310458
"1400:111:1",2017,"VL1824","OTB","MBS",1674186.65952123,2572.53490919396,155035.001866637,180755.612438087,76876.9772925507,579443.341118528,57532.2838773318,790,0.423215748104041,1.47,12.811,21,43.681,34507.99,14604.3248034168,1249487.27802973,612511.653033872
"1400:111:1",2017,"VL2440","OTB","MBS",403254.071787466,3331.27788674118,32540.7256913076,29163.7904265778,28630.450455217,156210.665985429,7010.35141398621,191,0.423215748104041,1.47,12.811,32,59.851,11431.541,4838.00817629702,311412.374924807,148191.357525392
"1400:111:1",2018,"VL0612","OTB","MBS",239572.284838266,0,56477.9536063317,26283.9191052994,18030.4819683414,29674.1551961459,51811.4381761872,299,0.502828358672181,1.47,12.811,9,26.041,7786.259,3915.1518331665,134864.778325127,53379.1849527936
"1400:111:1",2018,"VL1218","OTB","MBS",3738768.19818338,434.34730699441,212636.6239709,399924.943474439,178749.347393326,1184659.33253336,319728.769508554,2451.1,0.502828358672181,1.47,12.811,15,34.861,85447.7971,42965.5755679465,2904926.05508376,1400537.95304185
"1400:111:1",2018,"VL1824","OTB","MBS",3728693.64875007,25471.164529797,305996.137826343,373107.521303204,222202.128055937,1207953.18678602,137373.361066513,1694.3,0.502828358672181,1.47,12.811,21,43.681,74008.7183,37213.6823502208,2815645.34374416,1470318.79589162
"1400:111:1",2018,"VL2440","OTB","MBS",1494923.04130276,4141.64394197118,146458.979459695,87965.999249956,99703.1943136939,592638.791442313,27501.4295154163,618.5,0.502828358672181,1.47,12.811,32,59.851,37017.8435,18613.6214886887,1146322.8907327,526182.669774973
"1400:111:1",2019,"VL0612","OTB","MBS",233302.473853741,0,13741.0447175773,23783.9538337058,31072.6712799568,25469.5075518225,76978.0272713262,259,0.500663831533424,1.47,12.811,9,26.041,6744.619,3376.78679077313,161328.017231728,58880.4824085796
"1400:111:1",2019,"VL1218","OTB","MBS",2994328.86145956,2659.66587475823,261397.61819157,286182.940306463,90592.4361452613,963249.248574954,207638.057208599,2414.5,0.500663831533424,1.47,12.811,15,34.861,84171.8845,42141.8182011588,2316673.71448987,1145786.40870631
"1400:111:1",2019,"VL1824","OTB","MBS",3328019.26569968,52769.5703969156,322092.277979931,296570.691045334,188763.10324069,1132783.96412785,155907.294840353,1719.5,0.500663831533424,1.47,12.811,21,43.681,75109.4795,37604.5997909512,2535758.16403969,1247066.90507149
"1400:111:1",2019,"VL2440","OTB","MBS",1769322.7593701,49798.9673813352,122999.43207373,204964.900249141,86529.8254005122,684183.673150299,60006.466065154,794,0.500663831533424,1.47,12.811,32,59.851,47521.694,23792.3933989989,1380835.17562905,636645.036413599
"1400:111:1",2020,"VL0612","OTB","MBS",161757.165974915,0,61295.4992018244,21293.3576282782,4346.23288483466,22936.8311972634,46829.3628278221,152,0.335314196709714,1.47,12.811,9,26.041,3958.232,1327.25138347068,73494.8248765065,3728.63085142101
"1400:111:1",2020,"VL1218","OTB","MBS",2902707.72546597,2530.56759374315,218236.724219721,302830.567999415,123651.612038594,1077327.76359184,232717.531605877,1721.5,0.335314196709714,1.47,12.811,15,34.861,60013.2115,20123.2818060927,2240396.1069959,930350.811798175
"1400:111:1",2020,"VL1824","OTB","MBS",3044350.49688349,38781.6192369632,351441.212659126,275102.714701605,207468.647239675,1132918.04747918,130576.073171834,1506.5,0.335314196709714,1.47,12.811,21,43.681,65805.4265,22065.4937259876,2227054.04779406,963559.927143042
"1400:111:1",2020,"VL2440","OTB","MBS",1748484.21649973,50029.9323619446,166476.990495108,135402.126100518,118453.585169945,705807.372558576,19604.4385501351,835,0.335314196709714,1.47,12.811,32,59.851,49975.585,16757.523139373,1361423.92395674,636012.112848024
"1400:111:1",2021,"VL0612","OTB","MBS",137119.669367494,0,11585.5450920737,6278.29080864692,1157.3034427542,31775.2260448359,19885.1414504404,239,0.49821880876196,1.47,12.811,9,26.041,6223.799,3100.81372375388,114997.716300265,63337.3488049891
"1400:111:1",2021,"VL1218","OTB","MBS",2622790.3859252,762.073280839895,194194.988267717,259644.258480971,126187.798080709,855595.684471785,199840.132258084,1588,0.49821880876196,1.47,12.811,15,34.861,55359.268,27581.0285568941,2015944.38581975,960508.569089878
"1400:111:1",2021,"VL1824","OTB","MBS",1837093.51612154,10697.7790252045,154280.717264181,207069.209778077,104538.518971308,647905.348910686,103908.315091245,888.5,0.49821880876196,1.47,12.811,21,43.681,38810.5685,19336.1552054445,1362566.69392773,610753.0299258
"1400:111:1",2021,"VL2440","OTB","MBS",578141.670192267,8326.46525306585,55650.3250024915,48036.6509644394,34712.9779218249,254651.483391102,17710.4990209351,204,0.49821880876196,1.47,12.811,32,59.851,12209.604,6083.05436033527,441985.127196241,169623.144784204
"1400:111:1",2022,"VL0612","OTB","MBS",0,0,0,0,0,0,0,289,NA,1.47,12.811,9,26.041,7525.849,NA,NA,NA
"1400:111:1",2022,"VL1218","OTB","MBS",0,0,0,0,0,0,0,1414,NA,1.47,12.811,15,34.861,49293.454,NA,NA,NA
"1400:111:1",2022,"VL1824","OTB","MBS",0,0,0,0,0,0,0,729.5,NA,1.47,12.811,21,43.681,31865.2895,NA,NA,NA
"1400:111:1",2022,"VL2440","OTB","MBS",0,0,0,0,0,0,0,156.5,NA,1.47,12.811,32,59.851,9366.6815,NA,NA,NA
"1400:111:2",2017,"VL0612","OTB","MBS",206027.160356506,0,27981.8262388592,19488.5190017825,6607.06973262032,66017.5157932264,21573.0460055853,254,0.423215748104041,1.47,12.811,9,26.041,6614.414,2799.32416927984,149150.421213964,61559.8594151527
"1400:111:2",2017,"VL1218","OTB","MBS",1558363.37590491,0,188943.615731013,142044.191618585,84740.772855426,425048.418728747,135910.428569365,1152,0.423215748104041,1.47,12.811,15,34.861,40159.872,16996.2902722425,1125638.50542764,564679.658129531
"1400:111:2",2017,"VL1824","OTB","MBS",4119770.71659401,6330.3897005988,381503.852694611,444796.089341317,189175.751717365,1425870.7027018,141573.113743713,1944,0.423215748104041,1.47,12.811,21,43.681,84915.864,35937.730908661,3074687.68163266,1507243.86518715
"1400:111:2",2017,"VL2440","OTB","MBS",1712246.34669966,14144.8500845398,138170.306469374,123831.591811281,121566.9911999,663281.937770591,29766.465951533,811,0.423215748104041,1.47,12.811,32,59.851,48539.161,20542.5373349575,1322279.76996868,629231.366246561
"1400:111:2",2018,"VL0612","OTB","MBS",108969.33357192,0,25688.9688644184,11955.2274191328,8201.15567790778,13497.274604267,23566.4066620785,136,0.502828358672181,1.47,12.811,9,26.041,3541.576,1780.80484719279,61343.1767632683,24279.4954969228
"1400:111:2",2018,"VL1218","OTB","MBS",1696181.40279055,197.052019655577,96467.6781264088,181435.493102516,81093.9065323235,537448.973023172,145052.585244793,1112,0.502828358672181,1.47,12.811,15,34.861,38765.432,19492.358545778,1317889.01850318,635387.460235215
"1400:111:2",2018,"VL1824","OTB","MBS",4395514.26822199,30026.2981262844,360718.931759756,439832.173935483,261939.627200687,1423977.39477526,161940.514701143,1997.3,0.502828358672181,1.47,12.811,21,43.681,87244.0613,43868.7881473741,3319181.04530497,1733263.13582857
"1400:111:2",2018,"VL2440","OTB","MBS",1440540.23058439,3990.97783252195,141131.045687919,84765.9426887208,96076.1581422175,571079.579142472,26500.9733083074,596,0.502828358672181,1.47,12.811,32,59.851,35671.196,17936.4889365537,1104621.57296151,507041.020510726
"1400:111:2",2019,"VL0612","OTB","MBS",82871.9212144563,0,4880.98885720891,8448.35425753256,11037.3967480928,9047.08376358172,27343.5463666487,92,0.500663831533424,1.47,12.811,9,26.041,2395.772,1199.47638900049,57305.7049626216,20915.0748323912
"1400:111:2",2019,"VL1218","OTB","MBS",1426166.15890598,1266.76983059514,124500.832851648,136305.811286988,43148.1886796647,458785.104933194,98895.7406460505,1150,0.500663831533424,1.47,12.811,15,34.861,40090.15,20071.6881057497,1103406.40781253,545725.562233282
"1400:111:2",2019,"VL1824","OTB","MBS",3664788.88025725,58109.4396897701,354685.506458272,326581.333814679,207864.458264755,1247412.87355398,171683.898098405,1893.5,0.500663831533424,1.47,12.811,21,43.681,82709.9735,41409.8922385379,2792357.12917077,1373260.35751838
"1400:111:2",2019,"VL2440","OTB","MBS",1493005.35110575,42021.7986719076,103790.45275743,172955.268472197,73016.3514084926,577333.829988287,50635.1791733667,670,0.500663831533424,1.47,12.811,32,59.851,40100.17,20076.7047573417,1165188.3723822,537219.363220543
"1400:111:2",2020,"VL1218","OTB","MBS",1793220.83417547,1563.32189134234,134821.235090138,187081.213515758,76388.8988690354,665546.370363012,143767.118712082,1063.5,0.335314196709714,1.47,12.811,15,34.861,37074.6735,12431.6643629274,1384061.14422895,574747.655153854
"1400:111:2",2020,"VL1824","OTB","MBS",3425273.21089779,43634.1484279141,395415.10485046,309524.793507614,233428.049831562,1274673.80715381,146914.333903922,1695,0.335314196709714,1.47,12.811,21,43.681,74039.295,24826.4267278785,2505712.98440819,1084124.84335045
"1400:111:2",2020,"VL2440","OTB","MBS",1465795.15155666,41941.2606627081,139561.548918055,113510.764395644,99302.406729295,591694.803342519,16434.858664784,700,0.335314196709714,1.47,12.811,32,59.851,41895.7,14048.2229910912,1141313.46918529,533183.807177984
"1400:111:2",2021,"VL0612","OTB","MBS",9179.55945556445,0,775.601345076061,420.303987189752,77.4763811048839,2127.21178542834,1331.22285860689,16,0.49821880876196,1.47,12.811,9,26.041,416.656,207.585855983523,7698.59188621023,4240.157242175
"1400:111:2",2021,"VL1218","OTB","MBS",1699528.53093012,493.811968503937,125835.41746063,168245.555401083,81767.7860359252,554413.072620571,129493.38544935,1029,0.49821880876196,1.47,12.811,15,34.861,35871.969,17872.089663126,1306301.49433786,622395.036267937
"1400:111:2",2021,"VL1824","OTB","MBS",2741683.73931025,15965.3967219146,230248.993913679,309030.694615341,156013.591621783,966935.838666933,155073.073507024,1326,0.49821880876196,1.47,12.811,21,43.681,57921.006,28857.3346116144,2033498.52126975,911489.609095791
"1400:111:2",2021,"VL2440","OTB","MBS",1965398.2758742,28305.9002598096,189183.825437391,163301.06590117,118007.108768557,865690.214371221,60207.0150540123,693.5,0.49821880876196,1.47,12.811,32,59.851,41506.6685,20679.4029357476,1502532.77309114,576635.543665911
"1400:111:2",2022,"VL0612","OTB","MBS",0,0,0,0,0,0,0,140,NA,1.47,12.811,9,26.041,3645.74,NA,NA,NA
"1400:111:2",2022,"VL1218","OTB","MBS",0,0,0,0,0,0,0,1019.5,NA,1.47,12.811,15,34.861,35540.7895,NA,NA,NA
"1400:111:2",2022,"VL1824","OTB","MBS",0,0,0,0,0,0,0,1251.5,NA,1.47,12.811,21,43.681,54666.7715,NA,NA,NA
"1400:111:2",2022,"VL2440","OTB","MBS",0,0,0,0,0,0,0,578,NA,1.47,12.811,32,59.851,34593.878,NA,NA,NA
"1400:112:1",2017,"VL0612","OTB","MBS",84357.5774688057,0,11457.1257040998,7979.55108734403,2705.25689839572,27030.7938680927,8833.05820701129,104,0.423215748104041,1.47,12.811,9,26.041,2708.264,1146.17997482324,61069.4638041429,25205.6117290389
"1400:112:1",2017,"VL1218","OTB","MBS",422056.747640913,0,51172.2292604827,38470.3018967,22950.6259816779,115117.280072369,36809.0744042029,312,0.423215748104041,1.47,12.811,15,34.861,10876.632,4603.16194873236,304860.42855332,152934.074076748
"1400:112:1",2017,"VL1824","OTB","MBS",820139.540803438,1260.21646817476,75947.5262308716,88547.3696373919,37659.9876104014,283853.889889709,28183.5365323132,387,0.423215748104041,1.47,12.811,21,43.681,16904.547,7154.27050496492,612090.603287982,300053.17686596
"1400:112:1",2017,"VL2440","OTB","MBS",3137358.90406374,25917.690783756,253170.253284205,226897.34331882,222747.902494515,1215335.33850444,54541.2680690236,1486,0.423215748104041,1.47,12.811,32,59.851,88938.586,37640.2102093056,2422820.88554065,1152944.27896719
"1400:112:1",2018,"VL0612","OTB","MBS",2403.73529938059,0,566.66843083276,263.718251892636,180.907845836201,297.733998623538,519.847205781143,3,0.502828358672181,1.47,12.811,9,26.041,78.123,39.2824598645468,1353.15831095445,535.577106549768
"1400:112:1",2018,"VL1218","OTB","MBS",306593.940612321,35.6182157830674,17437.053330403,32795.4443467677,14658.1611627671,97146.801778469,26219.0374408304,201,0.502828358672181,1.47,12.811,15,34.861,7007.061,3523.34898174585,238215.55100642,114849.711787121
"1400:112:1",2018,"VL1824","OTB","MBS",613122.853415434,4188.3175576943,50316.0738938908,61351.4462816931,36537.5157152713,198628.199161061,22588.808589465,278.6,0.502828358672181,1.47,12.811,21,43.681,12169.5266,6119.18308609545,462986.951996177,241769.944245651
"1400:112:1",2018,"VL2440","OTB","MBS",3850302.99886064,10667.1605490058,377217.711041703,226564.004535457,256794.160940524,1526392.23082879,70832.2994633116,1593,0.502828358672181,1.47,12.811,32,59.851,95342.643,47940.9846911577,2952453.2982008,1355228.7679087
"1400:112:1",2019,"VL0612","OTB","MBS",4503.90876165524,0,265.271133543962,459.149687909378,599.858518918086,491.689334977267,1486.06230253525,5,0.500663831533424,1.47,12.811,9,26.041,130.205,65.1889341848095,3114.440487099,1136.68884958648
"1400:112:1",2019,"VL1218","OTB","MBS",229426.729910962,203.784711878349,20028.3948500478,21927.4565983415,6941.23035281563,73804.5603588182,15909.314799582,185,0.500663831533424,1.47,12.811,15,34.861,6449.285,3228.92373875104,177504.509082885,87790.6339244846
"1400:112:1",2019,"VL1824","OTB","MBS",550637.674377178,8730.99318285692,53291.8017361386,49069.125677463,31231.8132433709,187424.854780094,25795.6530282526,284.5,0.500663831533424,1.47,12.811,21,43.681,12427.2445,6221.87184677267,419554.05505629,206333.547247943
"1400:112:1",2019,"VL2440","OTB","MBS",3526389.50466396,99252.9796989459,245146.852968108,408510.01844366,172460.262841701,1363628.03874099,119597.270211721,1582.5,0.500663831533424,1.47,12.811,32,59.851,94714.2075,47419.9780276018,2752105.37208183,1268880.06312912
"1400:112:1",2020,"VL0612","OTB","MBS",9577.7269327252,0,3629.33876852908,1260.79091220068,257.342736602052,1358.10184720639,2772.79122006841,9,0.335314196709714,1.47,12.811,9,26.041,234.369,78.5872529686589,4351.66726242473,220.774195149927
"1400:112:1",2020,"VL1218","OTB","MBS",35915.0011922308,31.3105371749806,2700.22783960503,3746.90159650743,1529.93281232765,13329.701634915,2879.39786419121,21.3,0.335314196709714,1.47,12.811,15,34.861,742.5393,248.983968904893,27720.2655120607,11511.1660129545
"1400:112:1",2020,"VL1824","OTB","MBS",491056.867403046,6255.51508435583,56687.8291909509,44374.3509276402,33464.9062590381,182740.846689308,21062.0549490578,243,0.335314196709714,1.47,12.811,21,43.681,10614.483,3559.18684063391,359226.109269138,155423.207630773
"1400:112:1",2020,"VL2440","OTB","MBS",3144130.60008904,89964.0041215088,299359.522429227,243480.589628656,213003.662434338,1269185.3531697,35252.7718359616,1501.5,0.335314196709714,1.47,12.811,32,59.851,89866.2765,30133.4383158905,2448117.39140244,1143679.26639678
"1400:112:1",2021,"VL0612","OTB","MBS",17785.3964451561,0,1502.72760608487,814.338975180144,150.110488390713,4121.47283426741,2579.24428855084,31,0.49821880876196,1.47,12.811,9,26.041,807.271,402.197595968076,14916.0217795323,8215.30465671407
"1400:112:1",2021,"VL1218","OTB","MBS",257654.471161417,74.8636220472441,19077.0895275591,25506.6148129921,12396.2824311024,84050.9614468504,19631.6502722047,156,0.49821880876196,1.47,12.811,15,34.861,5438.316,2709.47131919111,198039.87669262,94357.2649735648
"1400:112:1",2021,"VL1824","OTB","MBS",702995.830592372,4093.69146715759,59038.2035676101,79238.6396449591,40003.4850312263,247932.266324855,39762.3265402625,340,0.49821880876196,1.47,12.811,21,43.681,14851.54,7399.3165670806,521409.877248653,233715.284383536
"1400:112:1",2021,"VL2440","OTB","MBS",4054076.76083352,58387.2967868171,390234.264294432,336845.241199169,243416.249593973,1785681.11270084,124190.533575724,1430.5,0.49821880876196,1.47,12.811,32,59.851,85616.8555,42655.9277571549,3099312.3747756,1189440.72849904
"1400:112:1",2022,"VL0612","OTB","MBS",0,0,0,0,0,0,0,33,NA,1.47,12.811,9,26.041,859.353,NA,NA,NA
"1400:112:1",2022,"VL1218","OTB","MBS",0,0,0,0,0,0,0,50.5,NA,1.47,12.811,15,34.861,1760.4805,NA,NA,NA
"1400:112:1",2022,"VL1824","OTB","MBS",0,0,0,0,0,0,0,332,NA,1.47,12.811,21,43.681,14502.092,NA,NA,NA
"1400:112:1",2022,"VL2440","OTB","MBS",0,0,0,0,0,0,0,1374,NA,1.47,12.811,32,59.851,82235.274,NA,NA,NA
"1400:112:2",2017,"VL0612","OTB","MBS",297684.912798574,0,40430.4339750446,28158.6081639929,9546.43540106952,95387.5129768271,31170.503480511,367,0.423215748104041,1.47,12.811,9,26.041,9557.047,4044.69279577048,215504.742462697,88946.7260053584
"1400:112:2",2017,"VL1218","OTB","MBS",447758.921375456,0,54288.4868116018,40813.0446404093,24348.2602562031,122127.627256263,39050.6526531768,331,0.423215748104041,1.47,12.811,15,34.861,11538.991,4883.4827084308,323425.646958811,162247.36704937
"1400:112:2",2017,"VL1824","OTB","MBS",2333265.20523148,3585.26700635766,216067.768424263,251913.834549789,107141.20506215,807553.314647468,80181.069049294,1101,0.423215748104041,1.47,12.811,21,43.681,48092.781,20353.6222893188,1741374.04191232,853639.65821556
"1400:112:2",2017,"VL2440","OTB","MBS",1425112.55736408,11772.8406992162,114999.946814831,103065.751507539,101180.911294615,552053.400733846,24774.8021174905,675,0.423215748104041,1.47,12.811,32,59.851,40399.425,17097.6728743481,1100541.11557196,523712.912720627
"1400:112:2",2018,"VL0612","OTB","MBS",174671.43175499,0,41177.9059738472,19163.5263041982,13145.9701307639,21635.3372333104,37775.5636200963,218,0.502828358672181,1.47,12.811,9,26.041,5676.938,2854.52541682373,98329.5039293565,38918.6030759498
"1400:112:2",2018,"VL1218","OTB","MBS",76267.14940605,8.86025268235506,4337.57545532414,8158.07073302678,3646.30874695699,24165.8710891714,6522.14861712199,50,0.502828358672181,1.47,12.811,15,34.861,1743.05,876.454970583545,59257.5997528409,28569.5800465475
"1400:112:2",2018,"VL1824","OTB","MBS",594416.664420347,4060.53328188525,48780.9460112703,59479.6325939889,35422.7673894285,192568.114118459,21899.6310122559,270.1,0.502828358672181,1.47,12.811,21,43.681,11798.2381,5932.48869904659,448861.363008498,234393.617877783
"1400:112:2",2018,"VL2440","OTB","MBS",606670.466236045,1680.76415430035,59436.0611873619,35698.4087497801,40461.6035129138,240504.9905449,11160.644799304,251,0.502828358672181,1.47,12.811,32,59.851,15022.601,7553.78980381706,465201.367136473,213535.731792269
"1400:112:2",2019,"VL0612","OTB","MBS",77467.2307004701,0,4562.66349695615,7897.3746320413,10317.5665253911,8457.056561609,25560.2716036064,86,0.500663831533424,1.47,12.811,9,26.041,2239.526,1121.24966797872,53568.3763781028,19551.0482128874
"1400:112:2",2019,"VL1218","OTB","MBS",79369.2471043329,70.4984949200774,6928.7420021787,7585.71471510193,2401.29050043352,25532.388448456,5503.76295769325,64,0.500663831533424,1.47,12.811,15,34.861,2231.104,1117.03307718955,61406.9653043493,30370.8138982001
"1400:112:2",2019,"VL1824","OTB","MBS",580637.266478571,9206.67119457672,56195.2215143816,51742.4875333529,32933.3707311468,197636.050734722,27201.0401000906,300,0.500663831533424,1.47,12.811,21,43.681,13104.3,6560.84904756345,442412.008846703,217574.918011891
"1400:112:2",2019,"VL2440","OTB","MBS",775471.436096718,21826.2476683938,53909.070984456,89833.4827288428,37924.910880829,299868.914680484,26300.0632124352,348,0.500663831533424,1.47,12.811,32,59.851,20828.148,10427.9003814252,605202.318789559,279033.34089664
"1400:112:2",2020,"VL0612","OTB","MBS",152179.439042189,0,57666.1604332953,20032.5667160775,4088.89014823261,21578.729350057,44056.5716077537,143,0.335314196709714,1.47,12.811,9,26.041,3723.863,1248.66413050202,69143.1576140818,3507.85665627105
"1400:112:2",2020,"VL1218","OTB","MBS",128147.422094345,111.718348605564,9634.61576572685,13369.2263537354,5458.91519891555,47561.3767255185,10273.9078722316,76,0.335314196709714,1.47,12.811,15,34.861,2649.436,888.393504073797,98907.9896204984,41072.7050227484
"1400:112:2",2020,"VL1824","OTB","MBS",440536.613554996,5611.94357361963,50855.7479984663,39809.088486525,30022.0146686021,163940.34805872,18895.1768678791,218,0.335314196709714,1.47,12.811,21,43.681,9522.458,3193.01535497199,322268.69062005,139433.16569345
"1400:112:2",2020,"VL2440","OTB","MBS",575848.095254403,16476.9238317782,54827.7513606643,44593.5145840029,39011.6597865087,232451.529884561,6456.55161830798,275,0.335314196709714,1.47,12.811,32,59.851,16459.025,5518.9447465001,448373.148608505,209465.067105637
"1400:112:2",2021,"VL0612","OTB","MBS",179001.409383507,0,15124.2262289832,8195.92775020016,1510.78943154524,41480.6298158527,25958.8457428343,312,0.49821880876196,1.47,12.811,9,26.041,8124.792,4047.92419167871,150122.5417811,82683.0662224126
"1400:112:2",2021,"VL1218","OTB","MBS",358403.975910433,104.137217847769,26536.7206889764,35480.3552206365,17243.5467150591,116917.042525427,27308.1289042848,217,0.49821880876196,1.47,12.811,15,34.861,7564.837,3768.9440786184,275478.54642499,131253.374995279
"1400:112:2",2021,"VL1824","OTB","MBS",1604484.6015873,9343.24876033615,134746.01755431,180850.542248495,91302.0717183282,565868.93725908,90751.6629271874,776,0.49821880876196,1.47,12.811,21,43.681,33896.456,16887.8519295722,1190041.36689693,533420.766710659
"1400:112:2",2021,"VL2440","OTB","MBS",1808109.73324836,26040.611918902,174043.663488184,150232.271153492,108563.136833943,796410.031389818,55388.7175262579,638,0.49821880876196,1.47,12.811,32,59.851,38184.938,19024.4543230093,1382286.81936864,530488.070452561
"1400:112:2",2022,"VL0612","OTB","MBS",0,0,0,0,0,0,0,303,NA,1.47,12.811,9,26.041,7890.423,NA,NA,NA
"1400:112:2",2022,"VL1218","OTB","MBS",0,0,0,0,0,0,0,362,NA,1.47,12.811,15,34.861,12619.682,NA,NA,NA
"1400:112:2",2022,"VL1824","OTB","MBS",0,0,0,0,0,0,0,705,NA,1.47,12.811,21,43.681,30795.105,NA,NA,NA
"1400:112:2",2022,"VL2440","OTB","MBS",0,0,0,0,0,0,0,570,NA,1.47,12.811,32,59.851,34115.07,NA,NA,NA
"1400:112:3",2017,"VL1824","OTB","MBS",2119.22361964713,3.25637330277716,196.24683780587,228.804572706439,97.3126294842414,733.47258369434,72.8256757940908,1,0.423215748104041,1.47,12.811,21,43.681,43.681,18.4864870929326,1581.62946586042,775.33120637199
"1400:112:3",2018,"VL1218","OTB","MBS",3813.3574703025,0.443012634117753,216.878772766207,407.903536651339,182.31543734785,1208.29355445857,326.1074308561,2.5,0.502828358672181,1.47,12.811,15,34.861,87.1525,43.8227485291772,2962.87998764204,1428.47900232737
"1400:112:3",2018,"VL1824","OTB","MBS",4401.45623413807,30.066888425659,361.206560616589,440.426750048048,262.293723727719,1425.90236296526,162.15942993155,2,0.502828358672181,1.47,12.811,21,43.681,87.362,43.9280910703191,3323.66799710106,1735.60620420424
"1400:112:3",2018,"VL2440","OTB","MBS",9668.05523882144,26.7850861243084,947.188226093417,568.898944219602,644.806430484682,3832.74885330518,177.858881263808,4,0.502828358672181,1.47,12.811,32,59.851,239.404,120.379120379555,7413.56760376849,3402.9598691995
"1400:112:3",2019,"VL1218","OTB","MBS",2480.2889720104,2.20307796625242,216.523187568084,237.053584846935,75.0403281385474,797.88713901425,171.992592427914,2,0.500663831533424,1.47,12.811,15,34.861,69.722,34.9072836621734,1918.96766576092,949.087934318752
"1400:112:3",2019,"VL1824","OTB","MBS",6774.10144225,107.411163936728,655.610917667786,603.662354555784,384.222658530046,2305.75392523842,317.345467834391,3.5,0.500663831533424,1.47,12.811,21,43.681,152.8835,76.5432388882402,5161.47343654487,2538.37404347206
"1400:112:3",2019,"VL2440","OTB","MBS",1114.18309784011,31.3595512476922,77.4555617592758,129.071095874774,54.4898144839497,430.846141782304,37.7874471443035,0.5,0.500663831533424,1.47,12.811,32,59.851,29.9255,14.9826154905535,869.543561479252,400.909972552644
"1400:112:3",2020,"VL1824","OTB","MBS",2020.810153922,25.7428604294479,233.283247699386,182.61049764461,137.715663617441,752.019945223488,86.6751232471516,1,0.335314196709714,1.47,12.811,21,43.681,43.681,14.646859426477,1478.29674596353,639.601677492892
"1400:112:3",2020,"VL2440","OTB","MBS",9422.96883143569,269.622389974552,897.181385901779,729.712056829138,638.372614688325,3803.7523072019,105.65266284504,4.5,0.335314196709714,1.47,12.811,32,59.851,269.3295,90.3100049427288,7337.01515904827,3427.61018900133
"1400:112:3",2021,"VL1218","OTB","MBS",4954.8936761811,1.43968503937008,366.867106299213,490.511823326772,238.390046751968,1616.36464320866,377.531736003937,3,0.49821880876196,1.47,12.811,15,34.861,104.583,52.1052176767521,3808.45916716577,1814.56278795317
"1400:112:3",2021,"VL1824","OTB","MBS",4135.26959171983,24.0805380421035,347.283550397707,466.109644970348,235.314617830743,1458.42509602856,233.896038472132,2,0.49821880876196,1.47,12.811,21,43.681,87.362,43.5253915710624,3067.11692499208,1374.79579049139
"1400:112:3",2022,"VL1824","OTB","MBS",0,0,0,0,0,0,0,3,NA,1.47,12.811,21,43.681,131.043,NA,NA,NA
"1400:112:4",2017,"VL0612","OTB","MBS",281462.301746881,0,38227.14057041,26624.0791087344,9026.19368983957,90189.2833868093,29471.8384407011,347,0.423215748104041,1.47,12.811,9,26.041,9036.227,3824.27356984294,203760.614808054,84099.4929805433
"1400:112:4",2017,"VL1218","OTB","MBS",1291872.41665728,0,156632.945332567,117753.648433809,70249.5122195589,352362.187401001,112668.801461583,955,0.423215748104041,1.47,12.811,15,34.861,33292.255,14089.8066058955,933146.50406545,468115.515202866
"1400:112:4",2017,"VL1824","OTB","MBS",909146.932828617,1396.9841468914,84189.8934187181,98157.1616910623,41747.1180487396,314659.738404872,31242.214915665,429,0.423215748104041,1.47,12.811,21,43.681,18739.149,7930.70296286809,678519.04085412,332617.087533583
"1400:112:4",2017,"VL2440","OTB","MBS",836066.033653594,6906.73321020684,67466.6354647007,60465.2408844232,59359.4679595074,323871.328430523,14534.5505755944,396,0.423215748104041,1.47,12.811,32,59.851,23700.996,10030.6347529509,645650.787802219,307244.908796102
"1400:112:4",2018,"VL0612","OTB","MBS",387802.628300069,0,91422.5068410186,42546.5446386786,29186.4657949071,48034.4184445974,83868.682532691,484,0.502828358672181,1.47,12.811,9,26.041,12603.844,6337.57019148021,218309.540833984,86406.4398566959
"1400:112:4",2018,"VL1218","OTB","MBS",2077517.1498208,241.353283067352,118155.55540303,222225.846767649,99325.4502671085,658278.328469029,177663.328330403,1362,0.502828358672181,1.47,12.811,15,34.861,47480.682,23874.6333986958,1614177.01726739,778235.360467953
"1400:112:4",2018,"VL1824","OTB","MBS",3142639.75117458,21467.7583359205,257901.484280244,314464.699534306,187277.718741592,1018094.2871572,115781.832971127,1428,0.502828358672181,1.47,12.811,21,43.681,62376.468,31364.6570242078,2373098.94993015,1239222.82980183
"1400:112:4",2018,"VL2440","OTB","MBS",1913549.83314373,5301.43817115373,187472.22964954,112599.323534665,127623.312753681,758596.816790428,35202.7190741392,791.7,0.502828358672181,1.47,12.811,32,59.851,47384.0367,23826.0374011234,1467330.36797588,673530.832111311
"1400:112:4",2019,"VL0612","OTB","MBS",426970.550604916,0,25147.7034599676,43527.390413809,56866.5875934345,46612.148955845,140878.706280342,474,0.500663831533424,1.47,12.811,9,26.041,12343.434,6179.91096071994,295248.958176985,107758.102940798
"1400:112:4",2019,"VL1218","OTB","MBS",1613427.97629277,1433.1022170472,140848.333513039,154203.356942931,48813.7334541251,519025.58392877,111881.181374358,1301,0.500663831533424,1.47,12.811,15,34.861,45354.161,22707.1880222438,1248288.46657748,617381.701274348
"1400:112:4",2019,"VL1824","OTB","MBS",2646738.20636482,41967.0761952789,256156.551403056,235859.505672867,150121.281582811,900890.997932439,123991.40778958,1367.5,0.500663831533424,1.47,12.811,21,43.681,59733.7675,29906.5369084767,2016661.40699289,991779.001270869
"1400:112:4",2019,"VL2440","OTB","MBS",1828374.46355562,51461.0235974629,127104.576846972,211805.668330504,89417.7855681615,707018.518664761,62009.200763802,820.5,0.500663831533424,1.47,12.811,32,59.851,49107.7455,24586.4720199983,1426920.98438745,657893.264958889
"1400:112:4",2020,"VL0612","OTB","MBS",393750.996123147,0,149206.149372862,51832.5152793615,10579.6458380844,55833.075940707,113992.527936146,370,0.335314196709714,1.47,12.811,9,26.041,9635.17,3230.80928871153,178901.876344128,9076.27246727478
"1400:112:4",2020,"VL1218","OTB","MBS",1771300.88039617,1544.2121738177,133173.208709159,184794.372165777,75455.1370586945,657410.871712594,142009.739733938,1050.5,0.335314196709714,1.47,12.811,15,34.861,36621.4805,12279.7023161779,1367142.67232018,567722.060873647
"1400:112:4",2020,"VL1824","OTB","MBS",2612907.52902114,33285.5185352761,301635.239275307,236115.373454481,178066.353057351,972361.78917397,112070.934358567,1293,0.335314196709714,1.47,12.811,21,43.681,56479.533,18938.3892384348,1911437.69253085,827004.96899831
"1400:112:4",2020,"VL2440","OTB","MBS",1611327.6701755,46105.4286856484,153418.016989204,124780.761717783,109161.717111704,650441.644531526,18066.6053465018,769.5,0.335314196709714,1.47,12.811,32,59.851,46055.3445,15443.0108452066,1254629.59219725,586121.342319227
"1400:112:4",2021,"VL0612","OTB","MBS",169248.12746197,0,14300.1497998399,7749.35476381105,1428.4707766213,39220.4672938351,24544.4214555645,295,0.49821880876196,1.47,12.811,9,26.041,7682.095,3827.36421969621,141942.787902001,78177.8991526016
"1400:112:4",2021,"VL1218","OTB","MBS",1372505.54830217,398.792755905512,101622.188444882,135871.775061516,66034.0429502953,447733.006168799,104576.290873091,831,0.49821880876196,1.47,12.811,15,34.861,28969.491,14433.1452964603,1054943.18930492,502633.892263028
"1400:112:4",2021,"VL1824","OTB","MBS",932503.292932823,5430.16132849434,78312.4406146828,105107.724940813,53063.4463208325,328874.859154439,52743.5566754659,451,0.49821880876196,1.47,12.811,21,43.681,19700.131,9814.97579927457,691634.866585714,310016.450755808
"1400:112:4",2021,"VL2440","OTB","MBS",1238470.14644128,17836.5946842636,119211.725618082,102902.041526765,74360.6438815564,545503.422754468,37938.6670203365,437,0.49821880876196,1.47,12.811,32,59.851,26154.887,13030.8566444437,946801.473454694,363359.383679889
"1400:112:4",2022,"VL0612","OTB","MBS",0,0,0,0,0,0,0,259,NA,1.47,12.811,9,26.041,6744.619,NA,NA,NA
"1400:112:4",2022,"VL1218","OTB","MBS",0,0,0,0,0,0,0,709,NA,1.47,12.811,15,34.861,24716.449,NA,NA,NA
"1400:112:4",2022,"VL1824","OTB","MBS",0,0,0,0,0,0,0,327,NA,1.47,12.811,21,43.681,14283.687,NA,NA,NA
"1400:112:4",2022,"VL2440","OTB","MBS",0,0,0,0,0,0,0,415,NA,1.47,12.811,32,59.851,24838.165,NA,NA,NA
"1400:113:1",2017,"VL1218","OTB","MBS",202911.897904285,0,24602.033298309,18495.3374503366,11033.9547988836,55344.846188639,17696.670386636,150,0.423215748104041,1.47,12.811,15,34.861,5229.15,2213.05862919825,146567.513727558,73525.9971522826
"1400:113:1",2017,"VL1824","OTB","MBS",993915.877614502,1527.23907900249,92039.7669309529,107309.34459932,45639.6232281092,343998.641752645,34155.2419474286,469,0.423215748104041,1.47,12.811,21,43.681,20486.389,8670.1624465854,741784.219488537,363630.335788463
"1400:113:1",2017,"VL2440","OTB","MBS",618604.413789149,5110.28492573385,49918.4954322154,44738.1706543838,43920.010384181,239632.068762988,10754.0992895181,293,0.423215748104041,1.47,12.811,32,59.851,17536.343,7421.65652175407,477716.365722349,227330.197669843
"1400:113:1",2018,"VL1218","OTB","MBS",6864.0434465445,0.797422741411956,390.381790979172,734.22636597241,328.167787226129,2174.92839802543,586.993375540979,4.5,0.502828358672181,1.47,12.811,15,34.861,156.8745,78.880947352519,5333.18397775568,2571.26220418927
"1400:113:1",2018,"VL1824","OTB","MBS",557004.286430173,3804.96473026715,45710.6902460293,55736.0052185805,33193.2707377429,180447.944033254,20521.2758578377,253.1,0.502828358672181,1.47,12.811,21,43.681,11055.6611,5559.09992494888,420610.185033139,219640.965142047
"1400:113:1",2018,"VL2440","OTB","MBS",239284.367160831,662.930881576632,23442.9085958121,14080.2488694352,15958.9591544959,94860.5341193032,4402.00731127925,99,0.502828358672181,1.47,12.811,32,59.851,5925.249,2979.38322939398,183485.79819327,84223.2567626877
"1400:113:1",2019,"VL1218","OTB","MBS",9301.08364503901,8.26154237344657,811.961953380316,888.950943176008,281.401230519553,2992.07677130344,644.972221604677,7.5,0.500663831533424,1.47,12.811,15,34.861,261.4575,130.90231373315,7196.12874660343,3559.07975369532
"1400:113:1",2019,"VL1824","OTB","MBS",336769.614557571,5339.8692928545,32593.2284783414,30010.6427693447,19101.3550240652,114628.909426138,15776.6032580526,174,0.500663831533424,1.47,12.811,21,43.681,7600.494,3805.2924475868,256598.965131088,126193.452446897
"1400:113:1",2019,"VL2440","OTB","MBS",137044.521034334,3857.22480346614,9527.03409639092,15875.7447925972,6702.24718152582,52994.0754392234,4647.85599874933,61.5,0.500663831533424,1.47,12.811,32,59.851,3680.8365,1842.86170533808,106953.858061948,49311.9266239752
"1400:113:1",2020,"VL1218","OTB","MBS",11803.0520350054,10.2898478978809,887.398820527473,1231.37611152826,502.794820952748,4380.65311945565,946.280988231854,7,0.335314196709714,1.47,12.811,15,34.861,244.027,81.8257174804813,9109.94641241433,3783.01230472683
"1400:113:1",2020,"VL1824","OTB","MBS",239466.003239757,3050.52896088957,27644.0648523773,21639.3439708863,16319.3061386667,89114.3635089833,10271.0021047875,118.5,0.335314196709714,1.47,12.811,21,43.681,5176.1985,1735.65284203752,175178.164396679,75792.7987829077
"1400:113:1",2020,"VL2440","OTB","MBS",105746.650219445,3025.76237638108,10068.3688862311,8188.99085997144,7163.95934261342,42686.5536697103,1185.65766081656,50.5,0.335314196709714,1.47,12.811,32,59.851,3022.4755,1013.47894435729,82337.6145626528,38465.403232126
"1400:113:1",2021,"VL1218","OTB","MBS",156079.150799705,45.3500787401575,11556.3138484252,15451.1224347933,7509.28647268701,50915.4862610728,11892.249684124,94.5,0.49821880876196,1.47,12.811,15,34.861,3294.3645,1641.31435681769,119966.463765722,57158.7278205248
"1400:113:1",2021,"VL1824","OTB","MBS",746416.16130543,4346.53711659968,62684.680846786,84132.7909171478,42474.2885184491,263245.729833154,42218.2349442199,361,0.49821880876196,1.47,12.811,21,43.681,15768.841,7856.33317857676,553614.60496107,248150.640183696
"1400:113:1",2021,"VL2440","OTB","MBS",393929.863513358,5673.42485380467,37918.6038007172,32730.8553140053,23652.4702506552,173512.530349819,12067.4478623038,139,0.49821880876196,1.47,12.811,32,59.851,8319.289,4144.82625532648,301156.532746459,115576.554534335
"1400:113:1",2022,"VL1218","OTB","MBS",0,0,0,0,0,0,0,124,NA,1.47,12.811,15,34.861,4322.764,NA,NA,NA
"1400:113:1",2022,"VL1824","OTB","MBS",0,0,0,0,0,0,0,438,NA,1.47,12.811,21,43.681,19132.278,NA,NA,NA
"1400:113:1",2022,"VL2440","OTB","MBS",0,0,0,0,0,0,0,105,NA,1.47,12.811,32,59.851,6284.355,NA,NA,NA
"1400:113:2",2018,"VL1824","OTB","MBS",2200.72811706904,15.0334442128295,180.603280308294,220.213375024024,131.14686186386,712.951181482631,81.0797149657752,1,0.502828358672181,1.47,12.811,21,43.681,43.681,21.9640455351595,1661.83399855053,867.803102102122
"1400:113:2",2018,"VL2440","OTB","MBS",1208.50690485268,3.34813576553855,118.398528261677,71.1123680274503,80.6008038105852,479.093606663147,22.232360157976,0.5,0.502828358672181,1.47,12.811,32,59.851,29.9255,15.0473900474443,926.695950471061,425.369983649938
"1400:113:2",2019,"VL1824","OTB","MBS",3870.91510985714,61.3778079638448,374.634810095878,344.949916889019,219.555804874312,1317.57367156481,181.340267333938,2,0.500663831533424,1.47,12.811,21,43.681,87.362,43.738993650423,2949.41339231135,1450.49945341261
"1400:113:2",2020,"VL2440","OTB","MBS",2093.99307365238,59.9160866610115,199.373641311506,162.15823485092,141.86058104185,845.278290489312,23.4783695211199,1,0.335314196709714,1.47,12.811,32,59.851,59.851,20.0688899872731,1630.44781312184,761.691153111406
"1400:113:2",2021,"VL1218","OTB","MBS",1651.6312253937,0.47989501312336,122.289035433071,163.503941108924,79.4633489173228,538.788214402887,125.843912001312,1,0.49821880876196,1.47,12.811,15,34.861,34.861,17.3684058922507,1269.48638905526,604.854262651056
"1400:113:2",2021,"VL1824","OTB","MBS",10338.1739792996,60.2013451052587,868.208875994266,1165.27411242587,588.286544576857,3646.06274007139,584.740096180331,5,0.49821880876196,1.47,12.811,21,43.681,218.405,108.813478927656,7667.7923124802,3436.98947622848
"1400:113:2",2021,"VL2440","OTB","MBS",5668.05559012026,81.6320122849593,545.591421593054,470.947558474896,340.323312959068,2496.583170501,173.632343342501,2,0.49821880876196,1.47,12.811,32,59.851,119.702,59.6377878464242,4333.18752153178,1662.97200768828
"1400:113:2",2022,"VL1824","OTB","MBS",0,0,0,0,0,0,0,1,NA,1.47,12.811,21,43.681,43.681,NA,NA,NA
"1400:113:3",2017,"VL0612","OTB","MBS",208460.55201426,0,28312.3202495544,19718.6983600713,6685.10598930481,66797.250231729,21827.8457615567,257,0.423215748104041,1.47,12.811,9,26.041,6692.537,2832.38705316898,150912.040362161,62286.944368875
"1400:113:3",2017,"VL1218","OTB","MBS",2052115.66080534,0,248808.563423565,187049.512747737,111590.062866043,559720.877787769,178972.326510179,1517,0.423215748104041,1.47,12.811,15,34.861,52884.137,22381.3996032916,1482286.1221647,743592.917866752
"1400:113:3",2017,"VL1824","OTB","MBS",4526661.65156626,6955.61337473202,419183.245553338,488726.567300954,207859.77657834,1566697.43877111,155555.643496178,2136,0.423215748104041,1.47,12.811,21,43.681,93302.616,39487.1364305041,3378360.53907786,1656107.45681057
"1400:113:3",2017,"VL2440","OTB","MBS",1667909.51158166,13778.583929453,134592.530346246,120625.10176438,118419.14062629,646106.943081093,28995.6943301,790,0.423215748104041,1.47,12.811,32,59.851,47282.29,20010.6097344222,1288040.71303978,612938.075628586
"1400:113:3",2018,"VL0612","OTB","MBS",222746.137742601,0,52511.2745905024,24437.8913420509,16764.127047488,27590.0172057811,48172.5077357192,278,0.502828358672181,1.47,12.811,9,26.041,7239.398,3640.17461411467,125392.670148446,49630.1452069452
"1400:113:3",2018,"VL1218","OTB","MBS",2355434.64225645,273.640043841854,133961.680362231,251953.856518799,112612.59934102,746338.76271797,201430.037891196,1544.2,0.502828358672181,1.47,12.811,15,34.861,53832.3562,27068.4353115022,1830111.71076674,882342.910157571
"1400:113:3",2018,"VL1824","OTB","MBS",4240142.86315691,28964.9369648586,347968.340169991,424285.109658787,252680.658753098,1373643.04136259,156216.286824559,1926.7,0.502828358672181,1.47,12.811,21,43.681,84160.1827,42318.1265325919,3201855.5650073,1671996.23682016
"1400:113:3",2018,"VL2440","OTB","MBS",1427971.75877393,3956.15722056035,139899.700993998,84026.3740612353,95237.9097825874,566097.005633175,26269.7567626645,590.8,0.502828358672181,1.47,12.811,32,59.851,35359.9708,17779.9960800602,1094983.93507661,502617.172680766
"1400:113:3",2019,"VL0612","OTB","MBS",264829.835185328,0,15597.942652385,26998.0016490714,35271.6809123834,28911.3328966633,87380.463389073,294,0.500663831533424,1.47,12.811,9,26.041,7656.054,3833.1093300668,183129.100641421,66837.3043556849
"1400:113:3",2019,"VL1218","OTB","MBS",1744263.21956632,1549.31457976701,152269.931657255,166707.933543607,52772.1107634335,561114.130511772,120953.790624931,1406.5,0.500663831533424,1.47,12.811,15,34.861,49031.9965,24548.5472354234,1349514.01094636,667446.089809662
"1400:113:3",2019,"VL1824","OTB","MBS",3386082.99234753,53690.2375163733,327711.800131369,301744.93979867,192056.440313805,1152547.56920132,158627.398850362,1749.5,0.500663831533424,1.47,12.811,21,43.681,76419.9095,38260.6846957075,2579999.36492436,1268824.39687268
"1400:113:3",2019,"VL2440","OTB","MBS",1269054.54843989,35718.5288711214,88221.8848438151,147011.978201368,62063.8986972187,490733.755490044,43039.9022973617,569.5,0.500663831533424,1.47,12.811,32,59.851,34085.1445,17065.1990437404,990410.116524867,456636.458737462
"1400:113:3",2020,"VL0612","OTB","MBS",153243.630923603,0,58069.4202964652,20172.6545952109,4117.48378563284,21729.6295553022,44364.6595210946,144,0.335314196709714,1.47,12.811,9,26.041,3749.904,1257.39604749854,69626.6761987957,3532.38712239883
"1400:113:3",2020,"VL1218","OTB","MBS",1732519.42370972,1510.40267358181,130257.469727426,180748.422085042,73803.0969327069,643017.29717724,138900.530772604,1027.5,0.335314196709714,1.47,12.811,15,34.861,35819.6775,12010.8463873135,1337209.99125082,555292.163300973
"1400:113:3",2020,"VL1824","OTB","MBS",3057485.76288398,38948.9478297546,352957.553769172,276289.682936295,208363.799053188,1137806.17712314,131139.46147294,1513,0.335314196709714,1.47,12.811,21,43.681,66089.353,22160.6983122597,2236662.97664282,967717.338046746
"1400:113:3",2020,"VL2440","OTB","MBS",958001.831195962,27411.6096474128,91213.4409000142,74187.3924442958,64901.2158266464,386714.81789886,10741.3540559124,457.5,0.335314196709714,1.47,12.811,32,59.851,27381.8325,9181.51716917743,745929.874503241,348473.702548468
"1400:113:3",2021,"VL0612","OTB","MBS",149167.841152922,0,12603.521857486,6829.93979183347,1258.99119295436,34567.1915132106,21632.3714523619,260,0.49821880876196,1.47,12.811,9,26.041,6770.66,3373.27015973225,125102.118150916,68902.5551853438
"1400:113:3",2021,"VL1218","OTB","MBS",2025725.69794537,588.591233595801,149987.501958661,200537.583770095,97461.7974470965,660823.744965141,154347.55806961,1226.5,0.49821880876196,1.47,12.811,15,34.861,42757.0165,21302.3498268455,1557025.05617627,741853.75314152
"1400:113:3",2021,"VL1824","OTB","MBS",3360940.3606703,19571.4572937196,282254.705585736,378830.61394965,191251.955641936,1185334.99679721,190099.005268226,1625.5,0.49821880876196,1.47,12.811,21,43.681,71003.4655,35375.2619993809,2492799.28078731,1117365.27872188
"1400:113:3",2021,"VL2440","OTB","MBS",1210129.86849068,17428.4346228388,116483.768510117,100547.30373439,72659.027316761,533020.506901963,37070.505303624,427,0.49821880876196,1.47,12.811,32,59.851,25556.377,12732.6677052116,925135.535847035,355044.523641448
"1400:113:3",2022,"VL0612","OTB","MBS",0,0,0,0,0,0,0,254,NA,1.47,12.811,9,26.041,6614.414,NA,NA,NA
"1400:113:3",2022,"VL1218","OTB","MBS",0,0,0,0,0,0,0,1165,NA,1.47,12.811,15,34.861,40613.065,NA,NA,NA
"1400:113:3",2022,"VL1824","OTB","MBS",0,0,0,0,0,0,0,1651.5,NA,1.47,12.811,21,43.681,72139.1715,NA,NA,NA
"1400:113:3",2022,"VL2440","OTB","MBS",0,0,0,0,0,0,0,362,NA,1.47,12.811,32,59.851,21666.062,NA,NA,NA
"1400:113:4",2017,"VL1218","OTB","MBS",5410.98394411427,0,656.054221288239,493.208998675642,294.238794636896,1475.86256503037,471.911210310294,4,0.423215748104041,1.47,12.811,15,34.861,139.444,59.0148967786199,3908.46703273487,1960.6932573942
"1400:113:4",2017,"VL1824","OTB","MBS",144107.206136005,221.433384588847,13344.7849707991,15558.7109440378,6617.25880492841,49876.1356912151,4952.14595399818,68,0.423215748104041,1.47,12.811,21,43.681,2970.308,1257.08112231942,107550.803678509,52722.5220332953
"1400:113:4",2017,"VL2440","OTB","MBS",407687.755299265,3367.90450224985,32898.5033036204,29484.439431268,28945.235512578,157928.165454379,7087.42857612951,193.1,0.423215748104041,1.47,12.811,32,59.851,11557.2281,4891.20093635055,314836.280617698,149820.68658719
"1400:113:4",2018,"VL1218","OTB","MBS",2288.0144821815,0.265807580470652,130.127263659724,244.742121990803,109.38926240871,724.976132675142,195.66445851366,1.5,0.502828358672181,1.47,12.811,15,34.861,52.2915,26.2936491175063,1777.72799258523,857.087401396424
"1400:113:4",2018,"VL1824","OTB","MBS",28169.3198984837,192.428085924218,2311.72198794617,2818.73120030751,1678.6798318574,9125.77512297768,1037.82035156192,12.8,0.502828358672181,1.47,12.811,21,43.681,559.1168,281.139782850042,21271.4751814468,11107.8797069072
"1400:113:4",2018,"VL2440","OTB","MBS",66467.8797668974,184.14746710462,6511.91905439224,3911.18024150977,4433.04420958218,26350.1483664731,1222.77980868868,27.5,0.502828358672181,1.47,12.811,32,59.851,1645.9025,827.606452609439,50968.2772759084,23395.3491007466
"1400:113:4",2019,"VL1218","OTB","MBS",1240.1444860052,1.10153898312621,108.261593784042,118.526792423468,37.5201640692737,398.943569507125,85.996296213957,1,0.500663831533424,1.47,12.811,15,34.861,34.861,17.4536418310867,959.483832880458,474.543967159376
"1400:113:4",2019,"VL1824","OTB","MBS",77418.3021971428,1227.5561592769,7492.69620191755,6898.99833778039,4391.11609748624,26351.4734312962,3626.80534667875,40,0.500663831533424,1.47,12.811,21,43.681,1747.24,874.779873008459,58988.2678462271,29009.9890682521
"1400:113:4",2019,"VL2440","OTB","MBS",66850.9858704068,1881.57307486153,4647.33370555655,7744.26575248645,3269.38886903698,25850.7685069382,2267.24682865821,30,0.500663831533424,1.47,12.811,32,59.851,1795.53,898.956929433209,52172.6136887551,24054.5983531586
"1400:113:4",2020,"VL1218","OTB","MBS",2529.22543607259,2.20496740668877,190.15689011303,263.866309613199,107.741747347017,938.711382740496,202.774497478255,1.5,0.335314196709714,1.47,12.811,15,34.861,52.2915,17.534082317246,1952.13137408879,810.645493870035
"1400:113:4",2020,"VL1824","OTB","MBS",91946.8620034509,1171.30014953988,10614.3877703221,8308.77764282975,6266.06269459356,34216.9075076687,3943.7181077454,45.5,0.335314196709714,1.47,12.811,21,43.681,1987.4855,666.432103904704,67262.5019413407,29101.8763259266
"1400:113:4",2020,"VL2440","OTB","MBS",55490.816451788,1587.7762965168,5283.40149475492,4297.19322354937,3759.30539760902,22399.8746979668,622.176792309678,26.5,0.335314196709714,1.47,12.811,32,59.851,1586.0515,531.825584662736,43206.8670477287,20184.8155574523
"1400:113:4",2021,"VL1218","OTB","MBS",11561.4185777559,3.35926509186352,856.023248031496,1144.52758776247,556.24344242126,3771.51750082021,880.907384009186,7,0.49821880876196,1.47,12.811,15,34.861,244.027,121.578841245755,8886.40472338679,4233.97983855739
"1400:113:4",2021,"VL1824","OTB","MBS",188154.766423252,1095.66448091571,15801.4015430956,21207.9888461508,10706.8151112988,66358.3418692993,10642.269750482,91,0.49821880876196,1.47,12.811,21,43.681,3974.971,1980.40531648334,139553.82008714,62553.2084673582
"1400:113:4",2021,"VL2440","OTB","MBS",376925.696742997,5428.52881694979,36281.8295359381,31318.0126385806,22631.500311778,166022.780838316,11546.5508322763,133,0.49821880876196,1.47,12.811,32,59.851,7960.183,3965.91289178721,288156.970181863,110587.638511271
"1400:113:4",2022,"VL1218","OTB","MBS",0,0,0,0,0,0,0,4,NA,1.47,12.811,15,34.861,139.444,NA,NA,NA
"1400:113:4",2022,"VL1824","OTB","MBS",0,0,0,0,0,0,0,42,NA,1.47,12.811,21,43.681,1834.602,NA,NA,NA
"1400:113:4",2022,"VL2440","OTB","MBS",0,0,0,0,0,0,0,147,NA,1.47,12.811,32,59.851,8798.097,NA,NA,NA
"1400:114:1",2019,"VL1824","OTB","MBS",967.728777464285,15.3444519909612,93.6587025239694,86.2374792222548,54.8889512185781,329.393417891202,45.3350668334844,0.5,0.500663831533424,1.47,12.811,21,43.681,21.8405,10.9347484126057,737.353348077838,362.624863353151
"1400:114:1",2020,"VL1218","OTB","MBS",843.07514535753,0.734989135562924,63.3856300376767,87.9554365377331,35.9139157823391,312.903794246832,67.5914991594182,0.5,0.335314196709714,1.47,12.811,15,34.861,17.4305,5.84469410574867,650.710458029595,270.215164623345
"1400:114:1",2021,"VL1218","OTB","MBS",1651.6312253937,0.47989501312336,122.289035433071,163.503941108924,79.4633489173228,538.788214402887,125.843912001312,1,0.49821880876196,1.47,12.811,15,34.861,34.861,17.3684058922507,1269.48638905526,604.854262651056
"1400:114:2",2020,"VL1824","OTB","MBS",1010.405076961,12.8714302147239,116.641623849693,91.305248822305,68.8578318087204,376.009972611744,43.3375616235758,0.5,0.335314196709714,1.47,12.811,21,43.681,21.8405,7.3234297132385,739.148372981766,319.800838746446
"1400:114:2",2021,"VL1824","OTB","MBS",2067.63479585992,12.0402690210517,173.641775198853,233.054822485174,117.657308915371,729.212548014278,116.948019236066,1,0.49821880876196,1.47,12.811,21,43.681,43.681,21.7626957855312,1533.55846249604,687.397895245695
"1400:114:2",2022,"VL1218","OTB","MBS",0,0,0,0,0,0,0,1,NA,1.47,12.811,15,34.861,34.861,NA,NA,NA
"1400:114:3",2018,"VL2440","OTB","MBS",1208.50690485268,3.34813576553855,118.398528261677,71.1123680274503,80.6008038105852,479.093606663147,22.232360157976,0.5,0.502828358672181,1.47,12.811,32,59.851,29.9255,15.0473900474443,926.695950471061,425.369983649938
"1400:114:4",2018,"VL2440","OTB","MBS",1208.50690485268,3.34813576553855,118.398528261677,71.1123680274503,80.6008038105852,479.093606663147,22.232360157976,0.5,0.502828358672181,1.47,12.811,32,59.851,29.9255,15.0473900474443,926.695950471061,425.369983649938
"1400:123:1",2017,"VL1218","OTB","MBS",472108.34912397,0,57240.7308073989,43032.4851344497,25672.3348320692,128769.0087989,41174.2530995731,349,0.423215748104041,1.47,12.811,15,34.861,12166.489,5149.04974393459,341013.748606117,171070.486707644
"1400:123:1",2017,"VL1824","OTB","MBS",2538829.89633726,3901.13521672704,235103.711691432,274107.878102314,116580.530122121,878700.155265819,87245.1596013208,1198,0.423215748104041,1.47,12.811,21,43.681,52329.838,22146.8115373333,1894792.10010078,928846.785233643
"1400:123:1",2017,"VL2440","OTB","MBS",3474318.85096049,28701.3135624151,280361.351819978,251266.66767527,246671.566853953,1345865.29814462,60399.1323919146,1645.6,0.423215748104041,1.47,12.811,32,59.851,98490.8056,41682.8599733737,2683037.71820033,1276773.2876638
"1400:123:1",2018,"VL0612","OTB","MBS",801.24509979353,0,188.889476944253,87.906083964212,60.3026152787336,99.2446662078458,173.282401927047,1,0.502828358672181,1.47,12.811,9,26.041,26.041,13.0941532881823,451.052770318149,178.525702183256
"1400:123:1",2018,"VL1218","OTB","MBS",440824.123566969,51.2122605040123,25071.1861317735,47153.6488368948,21075.6645574114,139678.734895411,37698.0190069651,289,0.502828358672181,1.47,12.811,15,34.861,10074.829,5065.90972997289,342508.92657142,165132.172669044
"1400:123:1",2018,"VL1824","OTB","MBS",2932030.07037108,20029.0577247527,240617.75035474,293390.279544507,174726.96406122,949864.85908931,108022.504248902,1332.3,0.502828358672181,1.47,12.811,21,43.681,58196.1963,29262.697866493,2214061.43626887,1156174.07293066
"1400:123:1",2018,"VL2440","OTB","MBS",5126486.29038507,14202.7919174145,502246.556886034,301658.665172444,341908.609764502,2032315.07946507,94309.6717901343,2121,0.502828358672181,1.47,12.811,32,59.851,126943.971,63831.0285812589,3931044.22189824,1804419.47064304
"1400:123:1",2019,"VL0612","OTB","MBS",900.781752331047,0,53.0542267087925,91.8299375818756,119.971703783617,98.3378669954535,297.212460507051,1,0.500663831533424,1.47,12.811,9,26.041,26.041,13.0377868369619,622.8880974198,227.337769917296
"1400:123:1",2019,"VL1218","OTB","MBS",626893.03767563,556.827955970299,54726.2356578333,59915.2935700629,18966.4429370179,201665.974385852,43471.1277361553,505.5,0.500663831533424,1.47,12.811,15,34.861,17622.2355,8822.81594561432,485019.077521072,239881.975399065
"1400:123:1",2019,"VL1824","OTB","MBS",1994489.01035389,31624.915553371,193030.585901901,177735.444677067,113126.128461489,678879.834273768,93435.5727438114,1030.5,0.500663831533424,1.47,12.811,21,43.681,45013.2705,22536.5164783804,1519685.25038842,747369.843370845
"1400:123:1",2019,"VL2440","OTB","MBS",4582635.08141638,128981.834281758,318574.725515901,530869.417332946,224116.606972485,1772070.18115062,155419.77010452,2056.5,0.500663831533424,1.47,12.811,32,59.851,123083.5815,61623.4975126464,3576432.66836416,1648942.71710903
"1400:123:1",2020,"VL1218","OTB","MBS",724201.549862118,631.355667448552,54448.2562023643,75553.7199859128,30850.0536570293,268784.359258029,58061.0977779402,429.5,0.335314196709714,1.47,12.811,15,34.861,14972.7995,5020.5922368381,558960.283447422,232114.826411453
"1400:123:1",2020,"VL1824","OTB","MBS",2138017.14284947,27235.9463343558,246813.676065951,193201.906507997,145703.172107252,795637.10204645,91702.2803954864,1058,0.335314196709714,1.47,12.811,21,43.681,46214.498,15496.3772732127,1564037.95722942,676698.57478748
"1400:123:1",2020,"VL2440","OTB","MBS",4708343.42610737,134721.320857284,448291.632488922,364612.791062293,318973.5164726,1900608.23616522,52791.1138682382,2248.5,0.335314196709714,1.47,12.811,32,59.851,134574.9735,45124.8991363835,3666061.90780445,1712662.557771
"1400:123:1",2021,"VL1218","OTB","MBS",736627.526525591,214.033175853018,54540.9098031496,72922.7577345801,35440.653617126,240299.543623688,56126.3847525853,446,0.49821880876196,1.47,12.811,15,34.861,15548.006,7746.30902794381,566190.929518644,269765.001142371
"1400:123:1",2021,"VL1824","OTB","MBS",1764726.29826644,10276.3696094677,148203.255132221,198912.290991096,100420.51315927,622382.909730186,99815.1344179825,853.5,0.49821880876196,1.47,12.811,21,43.681,37281.7335,18574.4608529509,1308892.14774037,586694.103592201
"1400:123:1",2021,"VL2440","OTB","MBS",5055905.58638727,72815.7549581837,486667.548061004,420085.222159607,303568.395159489,2226952.18808689,154880.050261511,1784,0.49821880876196,1.47,12.811,32,59.851,106774.184,53196.9067590104,3865203.26920635,1483371.03085795
"1400:123:1",2022,"VL1218","OTB","MBS",0,0,0,0,0,0,0,419,NA,1.47,12.811,15,34.861,14606.759,NA,NA,NA
"1400:123:1",2022,"VL1824","OTB","MBS",0,0,0,0,0,0,0,831.5,NA,1.47,12.811,21,43.681,36320.7515,NA,NA,NA
"1400:123:1",2022,"VL2440","OTB","MBS",0,0,0,0,0,0,0,1498.3,NA,1.47,12.811,32,59.851,89674.7533,NA,NA,NA
"1400:123:2",2017,"VL1218","OTB","MBS",39229.6335948284,0,4756.39310433974,3575.7652403984,2133.2312611175,10700.0035964702,3421.35627474963,29,0.423215748104041,1.47,12.811,15,34.861,1010.969,427.858001644995,28336.3859873278,14215.026116108
"1400:123:2",2017,"VL1824","OTB","MBS",245829.939879067,377.739303122151,22764.6331854809,26541.3304339469,11288.265020172,85082.8197085434,8447.77839211454,116,0.423215748104041,1.47,12.811,21,43.681,5066.996,2144.43250278018,183469.018039809,89938.4199391508
"1400:123:2",2017,"VL2440","OTB","MBS",1142834.70711285,9440.94617849737,92221.4388309153,82651.098208935,81139.5959759631,442705.934544045,19867.5561277002,541.3,0.423215748104041,1.47,12.811,32,59.851,32397.3463,13711.0671509402,882552.453124598,419978.962452853
"1400:123:2",2018,"VL1218","OTB","MBS",33557.545738662,3.89851118023623,1908.53320034262,3589.55112253178,1604.37584866108,10632.9832792354,2869.74539153368,22,0.502828358672181,1.47,12.811,15,34.861,766.942,385.64018705676,26073.34389125,12570.6152204809
"1400:123:2",2018,"VL1824","OTB","MBS",201366.622711817,1375.5601454739,16525.2001482089,20149.5238146982,11999.9378605432,65235.0331056608,7418.79391936843,91.5,0.502828358672181,1.47,12.811,21,43.681,3996.8115,2009.7101664671,152057.810867373,79403.9838423441
"1400:123:2",2018,"VL2440","OTB","MBS",713744.178005993,1977.40898312707,69926.1707913465,41998.9645570121,47602.8347305316,282952.684095255,13130.4319093006,295.3,0.502828358672181,1.47,12.811,32,59.851,17674.0003,8886.98856202063,547306.628348209,251223.512343653
"1400:123:2",2019,"VL1218","OTB","MBS",47745.5627112003,42.409250850359,4168.07136068562,4563.28150830351,1444.52631666704,15359.3274260243,3310.85740423734,38.5,0.500663831533424,1.47,12.811,15,34.861,1342.1485,671.965210496838,36940.1275658976,18269.942735636
"1400:123:2",2019,"VL1824","OTB","MBS",120966.097183036,1918.05649887015,11707.3378154962,10779.6849027819,6861.11890232226,41174.1772364003,5666.88335418555,62.5,0.500663831533424,1.47,12.811,21,43.681,2730.0625,1366.84355157572,92169.1685097298,45328.1079191439
"1400:123:2",2019,"VL2440","OTB","MBS",678537.506584629,19097.9667098446,47170.437111399,78604.2973877375,33184.2970207254,262385.300345423,23012.5553108808,304.5,0.500663831533424,1.47,12.811,32,59.851,18224.6295,9124.41283374707,529552.028940864,244154.17328456
"1400:123:2",2020,"VL1218","OTB","MBS",42996.832413234,37.4844459137091,3232.66713192151,4485.72726342439,1831.6097048993,15958.0935065884,3447.16645713033,25.5,0.335314196709714,1.47,12.811,15,34.861,888.9555,298.079399393182,33186.2333595093,13780.9733957906
"1400:123:2",2020,"VL1824","OTB","MBS",84874.0264647239,1081.20013803681,9797.89640337423,7669.64090107362,5784.05787193251,31584.8376993865,3640.35517638037,42,0.335314196709714,1.47,12.811,21,43.681,1834.602,615.168095912034,62088.4633304684,26863.2704547015
"1400:123:2",2020,"VL2440","OTB","MBS",486853.389624177,13930.4901486852,46354.3716049253,37701.7896028388,32982.5850922301,196527.202538765,5458.72091366038,232.5,0.335314196709714,1.47,12.811,32,59.851,13915.3575,4666.01692204099,379079.116550827,177093.193098402
"1400:123:2",2021,"VL1218","OTB","MBS",14864.6810285433,4.31905511811024,1100.60131889764,1471.53546998031,715.170140255905,4849.09392962598,1132.59520801181,9,0.49821880876196,1.47,12.811,15,34.861,313.749,156.315653030256,11425.3775014973,5443.68836385951
"1400:123:2",2021,"VL1824","OTB","MBS",370106.628458925,2155.20815476826,31081.8777605947,41716.8132248461,21060.6582958515,130529.046094556,20933.6954432559,179,0.49821880876196,1.47,12.811,21,43.681,7818.899,3895.52254561008,274506.964786791,123044.223248979
"1400:123:2",2021,"VL2440","OTB","MBS",1364584.38332145,19652.9069576039,131351.134748528,113380.624702831,81932.8375948957,601052.398298115,41801.9866597072,481.5,0.49821880876196,1.47,12.811,32,59.851,28818.2565,14357.7974240266,1043214.89580878,400360.510850953
"1400:123:2",2022,"VL1218","OTB","MBS",0,0,0,0,0,0,0,82,NA,1.47,12.811,15,34.861,2858.602,NA,NA,NA
"1400:123:2",2022,"VL1824","OTB","MBS",0,0,0,0,0,0,0,237.5,NA,1.47,12.811,21,43.681,10374.2375,NA,NA,NA
"1400:123:2",2022,"VL2440","OTB","MBS",0,0,0,0,0,0,0,420,NA,1.47,12.811,32,59.851,25137.42,NA,NA,NA
"1400:124:1",2018,"VL2440","OTB","MBS",7251.04142911608,20.0888145932313,710.391169570063,426.674208164702,483.604822863511,2874.56163997888,133.394160947856,3,0.502828358672181,1.47,12.811,32,59.851,179.553,90.2843402846661,5560.17570282637,2552.21990189963
"1400:124:1",2019,"VL2440","OTB","MBS",1114.18309784011,31.3595512476922,77.4555617592758,129.071095874774,54.4898144839497,430.846141782304,37.7874471443035,0.5,0.500663831533424,1.47,12.811,32,59.851,29.9255,14.9826154905535,869.543561479252,400.909972552644
"1400:124:1",2020,"VL2440","OTB","MBS",1046.99653682619,29.9580433305058,99.6868206557532,81.0791174254598,70.930290520925,422.639145244656,11.73918476056,0.5,0.335314196709714,1.47,12.811,32,59.851,29.9255,10.0344449936365,815.223906560919,380.845576555703
"1400:124:1",2022,"VL1824","OTB","MBS",0,0,0,0,0,0,0,2,NA,1.47,12.811,21,43.681,87.362,NA,NA,NA
"1400:205:2",2019,"VL2440","OTB","MBS",2228.36619568023,62.7191024953844,154.911123518552,258.142191749548,108.979628967899,861.692283564608,75.574894288607,1,0.500663831533424,1.47,12.811,32,59.851,59.851,29.965230981107,1739.0871229585,801.819945105288
"1400:205:2",2022,"VL1824","OTB","MBS",0,0,0,0,0,0,0,1,NA,1.47,12.811,21,43.681,43.681,NA,NA,NA
"1400:205:2",2022,"VL2440","OTB","MBS",0,0,0,0,0,0,0,2,NA,1.47,12.811,32,59.851,119.702,NA,NA,NA
"1400:205:3",2018,"VL1824","OTB","MBS",2200.72811706904,15.0334442128295,180.603280308294,220.213375024024,131.14686186386,712.951181482631,81.0797149657752,1,0.502828358672181,1.47,12.811,21,43.681,43.681,21.9640455351595,1661.83399855053,867.803102102122
"1400:205:3",2018,"VL2440","OTB","MBS",1208.50690485268,3.34813576553855,118.398528261677,71.1123680274503,80.6008038105852,479.093606663147,22.232360157976,0.5,0.502828358672181,1.47,12.811,32,59.851,29.9255,15.0473900474443,926.695950471061,425.369983649938
"1400:205:3",2019,"VL1218","OTB","MBS",620.072243002601,0.550769491563104,54.1307968920211,59.2633962117338,18.7600820346368,199.471784753563,42.9981481069785,0.5,0.500663831533424,1.47,12.811,15,34.861,17.4305,8.72682091554335,479.741916440229,237.271983579688
"1400:205:3",2020,"VL1824","OTB","MBS",2020.810153922,25.7428604294479,233.283247699386,182.61049764461,137.715663617441,752.019945223488,86.6751232471516,1,0.335314196709714,1.47,12.811,21,43.681,43.681,14.646859426477,1478.29674596353,639.601677492892
"1400:205:3",2021,"VL1824","OTB","MBS",4135.26959171983,24.0805380421035,347.283550397707,466.109644970348,235.314617830743,1458.42509602856,233.896038472132,2,0.49821880876196,1.47,12.811,21,43.681,87.362,43.5253915710624,3067.11692499208,1374.79579049139
"1400:205:3",2022,"VL1218","OTB","MBS",0,0,0,0,0,0,0,1,NA,1.47,12.811,15,34.861,34.861,NA,NA,NA
"1400:205:4",2018,"VL1218","OTB","MBS",762.6714940605,0.0886025268235506,43.3757545532414,81.5807073302678,36.4630874695699,241.658710891714,65.2214861712199,0.5,0.502828358672181,1.47,12.811,15,34.861,17.4305,8.76454970583545,592.575997528409,285.695800465475
"1400:205:4",2018,"VL1824","OTB","MBS",2200.72811706904,15.0334442128295,180.603280308294,220.213375024024,131.14686186386,712.951181482631,81.0797149657752,1,0.502828358672181,1.47,12.811,21,43.681,43.681,21.9640455351595,1661.83399855053,867.803102102122
"1400:205:4",2019,"VL1824","OTB","MBS",2903.18633239286,46.0333559728836,280.976107571908,258.712437666765,164.666853655734,988.180253673607,136.005200500453,1.5,0.500663831533424,1.47,12.811,21,43.681,65.5215,32.8042452378172,2212.06004423352,1087.87459005945
"1400:205:4",2021,"VL1218","OTB","MBS",6606.5249015748,1.91958005249344,489.156141732283,654.015764435695,317.853395669291,2155.15285761155,503.375648005249,4,0.49821880876196,1.47,12.811,15,34.861,139.444,69.4736235690028,5077.94555622102,2419.41705060423
"1400:205:4",2021,"VL1824","OTB","MBS",1033.81739792996,6.02013451052587,86.8208875994266,116.527411242587,58.8286544576857,364.606274007139,58.4740096180331,0.5,0.49821880876196,1.47,12.811,21,43.681,21.8405,10.8813478927656,766.779231248019,343.698947622847
"1400:205:4",2022,"VL1218","OTB","MBS",0,0,0,0,0,0,0,1,NA,1.47,12.811,15,34.861,34.861,NA,NA,NA
"1400:205:4",2022,"VL1824","OTB","MBS",0,0,0,0,0,0,0,5,NA,1.47,12.811,21,43.681,218.405,NA,NA,NA
"1400:215:1",2020,"VL2440","OTB","MBS",1046.99653682619,29.9580433305058,99.6868206557532,81.0791174254598,70.930290520925,422.639145244656,11.73918476056,0.5,0.335314196709714,1.47,12.811,32,59.851,29.9255,10.0344449936365,815.223906560919,380.845576555703
"1400:215:1",2021,"VL2440","OTB","MBS",2834.02779506013,40.8160061424796,272.795710796527,235.473779237448,170.161656479534,1248.2915852505,86.8161716712506,1,0.49821880876196,1.47,12.811,32,59.851,59.851,29.8188939232121,2166.59376076589,831.48600384414
"1400:215:3",2018,"VL2440","OTB","MBS",1208.50690485268,3.34813576553855,118.398528261677,71.1123680274503,80.6008038105852,479.093606663147,22.232360157976,0.5,0.502828358672181,1.47,12.811,32,59.851,29.9255,15.0473900474443,926.695950471061,425.369983649938
"7300:370:1",2018,"VL1824","OTB","MBS",9903.27652681066,67.6504989577327,812.714761387324,990.960187608108,590.160878387369,3208.28031667184,364.858717345988,4.5,0.502828358672181,1.47,12.811,21,43.681,196.5645,98.8382049082179,7478.25299347738,3905.11395945955
"7300:370:1",2018,"VL2440","OTB","MBS",2417.01380970536,6.69627153107709,236.797056523354,142.224736054901,161.20160762117,958.187213326295,44.4647203159521,1,0.502828358672181,1.47,12.811,32,59.851,59.851,30.0947800948887,1853.39190094212,850.739967299876
"7300:370:1",2019,"VL1824","OTB","MBS",6774.10144225,107.411163936728,655.610917667786,603.662354555784,384.222658530046,2305.75392523842,317.345467834391,3.5,0.500663831533424,1.47,12.811,21,43.681,152.8835,76.5432388882402,5161.47343654487,2538.37404347206
"7300:370:1",2019,"VL2440","OTB","MBS",15598.5633697616,439.033717467691,1084.37786462986,1806.99534224684,762.857402775296,6031.84598495226,529.024260020249,7,0.500663831533424,1.47,12.811,32,59.851,418.957,209.756616867749,12173.6098607095,5612.73961573702
"7300:370:1",2020,"VL1824","OTB","MBS",4041.620307844,51.4857208588957,466.566495398773,365.22099528922,275.431327234882,1504.03989044698,173.350246494303,2,0.335314196709714,1.47,12.811,21,43.681,87.362,29.293718852954,2956.59349192706,1279.20335498578
"7300:370:1",2020,"VL2440","OTB","MBS",12563.9584419143,359.496519966069,1196.24184786904,972.949409105518,851.1634862511,5071.66974293587,140.87021712672,6,0.335314196709714,1.47,12.811,32,59.851,359.106,120.413339923638,9782.68687873103,4570.14691866844
"7300:370:1",2021,"VL1218","OTB","MBS",1651.6312253937,0.47989501312336,122.289035433071,163.503941108924,79.4633489173228,538.788214402887,125.843912001312,1,0.49821880876196,1.47,12.811,15,34.861,34.861,17.3684058922507,1269.48638905526,604.854262651056
"7300:370:1",2021,"VL1824","OTB","MBS",16541.0783668793,96.322152168414,1389.13420159083,1864.43857988139,941.258471322971,5833.70038411423,935.58415388853,8,0.49821880876196,1.47,12.811,21,43.681,349.448,174.10156628425,12268.4676999683,5499.18316196556
"7300:370:1",2021,"VL2440","OTB","MBS",25506.2501555412,367.344055282317,2455.16139716874,2119.26401313703,1531.45490831581,11234.6242672545,781.345545041255,9,0.49821880876196,1.47,12.811,32,59.851,538.659,268.370045308909,19499.343846893,7483.37403459725
"7300:370:1",2022,"VL1218","OTB","MBS",0,0,0,0,0,0,0,1,NA,1.47,12.811,15,34.861,34.861,NA,NA,NA
"7300:370:1",2022,"VL1824","OTB","MBS",0,0,0,0,0,0,0,6,NA,1.47,12.811,21,43.681,262.086,NA,NA,NA
"7300:370:1",2022,"VL2440","OTB","MBS",0,0,0,0,0,0,0,7,NA,1.47,12.811,32,59.851,418.957,NA,NA,NA
"7300:370:2",2017,"VL1824","OTB","MBS",36026.8015340011,55.3583461472118,3336.19624269979,3889.67773600946,1654.3147012321,12469.0339228038,1238.03648849954,17,0.423215748104041,1.47,12.811,21,43.681,742.577,314.270280579855,26887.7009196271,13180.6305083238
"7300:370:2",2017,"VL2440","OTB","MBS",2111.2778627616,17.4412454803203,170.370291577527,152.690002233392,149.897646362393,817.856889976068,36.7034105444304,1,0.423215748104041,1.47,12.811,32,59.851,59.851,25.329885739775,1630.43128232883,775.870981808337
"7300:370:2",2018,"VL1824","OTB","MBS",64921.4794535366,443.48660427847,5327.79676909468,6496.29456320871,3868.83242498386,21032.0598537376,2391.85159149037,29.5,0.502828358672181,1.47,12.811,21,43.681,1288.5895,647.939343287206,49024.1029572406,25600.1915120126
"7300:370:2",2018,"VL2440","OTB","MBS",1208.50690485268,3.34813576553855,118.398528261677,71.1123680274503,80.6008038105852,479.093606663147,22.232360157976,0.5,0.502828358672181,1.47,12.811,32,59.851,29.9255,15.0473900474443,926.695950471061,425.369983649938
"7300:370:2",2019,"VL1218","OTB","MBS",620.072243002601,0.550769491563104,54.1307968920211,59.2633962117338,18.7600820346368,199.471784753563,42.9981481069785,0.5,0.500663831533424,1.47,12.811,15,34.861,17.4305,8.72682091554335,479.741916440229,237.271983579688
"7300:370:2",2019,"VL1824","OTB","MBS",103546.979188679,1641.85636303285,10021.4811700647,9227.41027678127,5873.11778038785,35245.0957143587,4850.85215118283,53.5,0.500663831533424,1.47,12.811,21,43.681,2336.9335,1170.01808014881,78896.8082443287,38800.8603787872
"7300:370:2",2019,"VL2440","OTB","MBS",5570.91548920056,156.797756238461,387.277808796379,645.355479373871,272.449072419749,2154.23070891152,188.937235721517,2.5,0.500663831533424,1.47,12.811,32,59.851,149.6275,74.9130774527674,4347.71780739626,2004.54986276322
"7300:370:2",2020,"VL1824","OTB","MBS",58603.494463738,746.542952453988,6765.21418328221,5295.70443169369,3993.75424490578,21808.5784114812,2513.5785741674,29,0.335314196709714,1.47,12.811,21,43.681,1266.749,424.758923367833,42870.6056329424,18548.4486472939
"7300:370:2",2020,"VL2440","OTB","MBS",11516.9619050881,329.538476635563,1096.55502721329,891.870291680058,780.233195730175,4649.03059769122,129.13103236616,5.5,0.335314196709714,1.47,12.811,32,59.851,329.1805,110.378894930002,8967.46297217011,4189.30134211273
"7300:370:2",2021,"VL1824","OTB","MBS",126125.722547455,734.456410284156,10592.14828713,14216.3441715956,7177.09584383766,44481.965428871,7133.82917340004,61,0.49821880876196,1.47,12.811,21,43.681,2664.541,1327.5244429174,93547.0662122584,41931.2716099874
"7300:370:2",2021,"VL2440","OTB","MBS",5668.05559012026,81.6320122849593,545.591421593054,470.947558474896,340.323312959068,2496.583170501,173.632343342501,2,0.49821880876196,1.47,12.811,32,59.851,119.702,59.6377878464242,4333.18752153178,1662.97200768828
"7300:370:2",2022,"VL1824","OTB","MBS",0,0,0,0,0,0,0,38.5,NA,1.47,12.811,21,43.681,1681.7185,NA,NA,NA
"7300:370:2",2022,"VL2440","OTB","MBS",0,0,0,0,0,0,0,1,NA,1.47,12.811,32,59.851,59.851,NA,NA,NA
"7300:370:3",2017,"VL1218","OTB","MBS",1352.74598602857,0,164.01355532206,123.30224966891,73.559698659224,368.965641257593,117.977802577573,1,0.423215748104041,1.47,12.811,15,34.861,34.861,14.753724194655,977.116758183717,490.173314348551
"7300:370:3",2017,"VL1824","OTB","MBS",3007390.23864124,4621.11935397107,278493.88753031,324696.569127708,138096.352501087,1040870.94352064,103346.916519394,1419.1,0.423215748104041,1.47,12.811,21,43.681,61987.7071,26234.1738335807,2244490.37500252,1100272.51496249
"7300:370:3",2017,"VL2440","OTB","MBS",1583458.3970712,13080.9341102402,127777.718683145,114517.501675044,112423.234771794,613392.667482051,27527.5579083228,750,0.423215748104041,1.47,12.811,32,59.851,44888.25,18997.4143048312,1222823.46174663,581903.236356253
"7300:370:3",2018,"VL1824","OTB","MBS",2116880.37580871,14460.6699883207,173722.295328548,211823.245435609,126150.166426847,685787.741468143,77990.5778255792,961.9,0.502828358672181,1.47,12.811,21,43.681,42016.7539,21127.2154002699,1598518.12320575,834739.803912031
"7300:370:3",2018,"VL2440","OTB","MBS",1693118.1736986,4690.7382075195,165876.33809461,99628.4276064579,112921.72613863,671210.14293507,31147.5365813244,700.5,0.502828358672181,1.47,12.811,32,59.851,41925.6255,21081.3934564695,1298301.02660996,595943.347093563
"7300:370:3",2019,"VL1824","OTB","MBS",1641268.00657943,26024.1905766702,158845.159480652,146258.764760944,93091.6612667084,558651.23674348,76888.2733495896,848,0.500663831533424,1.47,12.811,21,43.681,37041.488,18545.3333077793,1250551.27834001,615011.768246945
"7300:370:3",2019,"VL2440","OTB","MBS",1885197.80154547,53060.3607110952,131054.810496695,218388.294220118,92196.7661068429,728991.671895658,63936.3605681615,846,0.500663831533424,1.47,12.811,32,59.851,50633.946,25350.5854100165,1471267.70602289,678339.673559074
"7300:370:3",2020,"VL1824","OTB","MBS",1409515.08236059,17955.6451495399,162715.065270322,127370.822107115,96056.675373165,524533.911793383,60455.8984648883,697.5,0.335314196709714,1.47,12.811,21,43.681,30467.4975,10216.1844499677,1031111.98030956,446122.170051293
"7300:370:3",2020,"VL2440","OTB","MBS",1534896.92298719,43918.4915225214,146140.879081334,118861.986145724,103983.805903676,619588.986928666,17209.6448589809,733,0.335314196709714,1.47,12.811,32,59.851,43870.783,14710.4963606712,1195118.24701831,558319.615230661
"7300:370:3",2021,"VL1824","OTB","MBS",2505973.37258222,14592.8060535147,210453.83154101,282462.444852031,142600.65840543,883805.608193305,141740.999314112,1212,0.49821880876196,1.47,12.811,21,43.681,52941.372,26376.3872920638,1858672.8565452,833126.249037782
"7300:370:3",2021,"VL2440","OTB","MBS",3019656.61563657,43489.4545448121,290663.829853699,250897.311777501,181307.244978944,1330054.68408441,92502.6309157175,1065.5,0.49821880876196,1.47,12.811,32,59.851,63771.2405,31772.0314751825,2308505.65209605,885948.337095931
"7300:370:3",2022,"VL1824","OTB","MBS",0,0,0,0,0,0,0,1144.5,NA,1.47,12.811,21,43.681,49992.9045,NA,NA,NA
"7300:370:3",2022,"VL2440","OTB","MBS",0,0,0,0,0,0,0,1102.5,NA,1.47,12.811,32,59.851,65985.7275,NA,NA,NA
"7300:370:4",2017,"VL1824","OTB","MBS",2385610.02863677,3665.69942693625,220915.065318068,257565.307495638,109544.827010411,825670.087464718,81979.863241408,1125.7,0.423215748104041,1.47,12.811,21,43.681,49171.7017,20810.2385205143,1780440.28971908,872790.339012949
"7300:370:4",2017,"VL2440","OTB","MBS",662941.248907143,5476.55108082057,53496.2715553435,47944.660701285,47067.8609577913,256807.063452485,11524.8709109511,314,0.423215748104041,1.47,12.811,32,59.851,18793.214,7953.58412228934,511955.422651254,243623.488287818
"7300:370:4",2018,"VL1824","OTB","MBS",3195237.15317253,21827.0576526071,262217.902679613,319727.79919738,190412.128740138,1035133.82039463,117719.638158809,1451.9,0.502828358672181,1.47,12.811,21,43.681,63420.4439,31889.5977124981,2412816.78249551,1259963.32394207
"7300:370:4",2018,"VL2440","OTB","MBS",752899.801723219,2085.88858193051,73762.2831070249,44303.0052811015,50214.3007739946,298475.316951141,13850.7603784191,311.5,0.502828358672181,1.47,12.811,32,59.851,18643.5865,9374.52399955783,577331.577143471,265005.499813911
"7300:370:4",2019,"VL0612","OTB","MBS",450.390876165524,0,26.5271133543962,45.9149687909378,59.9858518918086,49.1689334977267,148.606230253525,0.5,0.500663831533424,1.47,12.811,9,26.041,13.0205,6.51889341848095,311.4440487099,113.668884958648
"7300:370:4",2019,"VL1824","OTB","MBS",2995120.56625196,47491.0789120249,289873.684311685,266904.998192879,169881.304021499,1019472.62837327,140312.031849634,1547.5,0.500663831533424,1.47,12.811,21,43.681,67596.3475,33843.0463370148,2282108.61230091,1122323.952078
"7300:370:4",2019,"VL2440","OTB","MBS",798869.281151361,22484.7982445953,55535.6377814008,92543.9757422131,39069.196984992,308916.683657912,27093.5996024656,358.5,0.500663831533424,1.47,12.811,32,59.851,21456.5835,10742.5353067268,623462.733580624,287452.450320246
"7300:370:4",2020,"VL1218","OTB","MBS",2529.22543607259,2.20496740668877,190.15689011303,263.866309613199,107.741747347017,938.711382740496,202.774497478255,1.5,0.335314196709714,1.47,12.811,15,34.861,52.2915,17.534082317246,1952.13137408879,810.645493870035
"7300:370:4",2020,"VL1824","OTB","MBS",2940278.77395651,37455.8619248466,339427.125402607,265698.274072908,200376.290563376,1094189.02030018,126112.304324606,1455,0.335314196709714,1.47,12.811,21,43.681,63555.855,21311.180465524,2150921.76537694,930620.440752157
"7300:370:4",2020,"VL2440","OTB","MBS",659607.818200498,18873.5672982186,62802.6970131245,51079.8439780397,44686.0830281827,266262.661504133,7395.68639915278,315,0.335314196709714,1.47,12.811,32,59.851,18853.065,6321.70034599102,513591.061133379,239932.713230093
"7300:370:4",2021,"VL1824","OTB","MBS",2028349.73473858,11811.5039096518,170342.581470075,228626.780857956,115421.820045979,715357.509602007,114726.006870581,981,0.49821880876196,1.47,12.811,21,43.681,42851.061,21349.2045656061,1504420.85170861,674337.335236027
"7300:370:4",2021,"VL2440","OTB","MBS",674498.615224311,9714.20946191016,64925.3791695734,56042.7594585126,40498.4742421291,297093.397289619,20662.2488577576,238,0.49821880876196,1.47,12.811,32,59.851,14244.538,7096.89675372448,515649.315062282,197893.668914905
"7300:370:4",2022,"VL0612","OTB","MBS",0,0,0,0,0,0,0,7,NA,1.47,12.811,9,26.041,182.287,NA,NA,NA
"7300:370:4",2022,"VL1824","OTB","MBS",0,0,0,0,0,0,0,1094,NA,1.47,12.811,21,43.681,47787.014,NA,NA,NA
"7300:370:4",2022,"VL2440","OTB","MBS",0,0,0,0,0,0,0,212,NA,1.47,12.811,32,59.851,12688.412,NA,NA,NA
"7300:380:1",2017,"VL1218","OTB","MBS",1052436.37713022,0,127602.546040563,95929.1502424123,57229.4455568763,287055.268898407,91786.7304053522,778,0.423215748104041,1.47,12.811,15,34.861,27121.858,11478.3974234416,760196.837866932,381354.838563173
"7300:380:1",2017,"VL1824","OTB","MBS",6449857.08639603,9910.77214700229,597277.250862165,696366.717032047,296170.987835289,2232323.80847372,221644.944279315,3043.5,0.423215748104041,1.47,12.811,21,43.681,132943.1235,56263.6234673404,4813689.27934619,2359720.52659315
"7300:380:1",2017,"VL2440","OTB","MBS",2957900.285729,24435.1849179287,238688.778500115,213918.693128982,210006.602553712,1145817.50285647,51421.478172747,1401,0.423215748104041,1.47,12.811,32,59.851,83851.251,35487.1699214247,2284234.2265427,1086995.24551348
"7300:380:1",2018,"VL1218","OTB","MBS",746655.392685229,86.7418737602561,42464.8637076233,79867.5124763322,35697.362632709,236583.877962988,63851.8349616243,489.5,0.502828358672181,1.47,12.811,15,34.861,17064.4595,8580.4941620129,580131.901580312,279696.1886557
"7300:380:1",2018,"VL1824","OTB","MBS",6040558.53573109,41263.7976753744,495719.883790206,604441.671765941,359971.906443922,1956908.40293353,222547.60163806,2744.8,0.502828358672181,1.47,12.811,21,43.681,119895.6088,60286.9121849059,4561401.95922149,2381945.9546499
"7300:380:1",2018,"VL2440","OTB","MBS",3385752.94463527,9380.13716073279,331705.316777915,199228.410265705,225811.211955735,1342228.64842747,62286.1802185856,1400.8,0.502828358672181,1.47,12.811,32,59.851,83839.2808,42156.7679569201,2596231.37483972,1191716.54619367
"7300:380:1",2019,"VL1218","OTB","MBS",643014.915993697,571.147962750939,56133.6363770258,61456.141871568,19454.2050699184,206852.240789444,44589.0795869367,518.5,0.500663831533424,1.47,12.811,15,34.861,18075.4285,9049.71328941845,497492.367348517,246051.046972136
"7300:380:1",2019,"VL1824","OTB","MBS",5450248.47467885,86419.9536130935,527485.812614996,485689.482979739,309134.573263032,1855143.72956325,255327.096406184,2816,0.500663831533424,1.47,12.811,21,43.681,123005.696,61584.5030597955,4152774.05637439,2042303.23040495
"7300:380:1",2019,"VL2440","OTB","MBS",2744232.9699802,77238.5747230659,190773.048613096,317902.109139569,134208.413073968,1061174.04720981,93070.4823164195,1231.5,0.500663831533424,1.47,12.811,32,59.851,73706.5065,36902.1819532332,2141685.7919234,987441.262397163
"7300:380:1",2020,"VL1218","OTB","MBS",873425.850590401,761.448744443189,65667.512719033,91121.8322530915,37206.8167505033,324168.330839718,70024.7931291572,518,0.335314196709714,1.47,12.811,15,34.861,18057.998,6055.10309355562,674136.03451866,279942.910549785
"7300:380:1",2020,"VL1824","OTB","MBS",5271283.28650553,67150.2514302147,608519.35162385,476339.483105965,359231.308546094,1961644.02711547,226092.058990195,2608.5,0.335314196709714,1.47,12.811,21,43.681,113941.8885,38206.3328139653,3856137.06184587,1668400.97574021
"7300:380:1",2020,"VL2440","OTB","MBS",3126331.658963,89454.7173848902,297664.846478079,242102.244632423,211797.847495482,1262000.48770054,35053.2056950321,1493,0.335314196709714,1.47,12.811,32,59.851,89357.543,29962.8527509987,2434258.58499091,1137204.89159533
"7300:380:1",2021,"VL1218","OTB","MBS",1537668.67084154,446.782257217848,113851.091988189,152222.169172408,73980.3778420276,501611.827609088,117160.682073222,931,0.49821880876196,1.47,12.811,15,34.861,32455.591,16169.9858856854,1181891.82821044,563119.318528134
"7300:380:1",2021,"VL1824","OTB","MBS",6642276.78169998,38679.3642301287,557824.202826316,748688.617233621,377974.104890631,2342595.31049587,375695.511795863,3212.5,0.49821880876196,1.47,12.811,21,43.681,140325.2125,69912.6602110189,4926556.56076853,2208265.7384768
"7300:380:1",2021,"VL2440","OTB","MBS",3769256.96742997,54285.2881694979,362818.295359381,313180.126385806,226315.00311778,1660227.80838316,115465.508322763,1330,0.49821880876196,1.47,12.811,32,59.851,79601.83,39659.1289178721,2881569.70181863,1105876.38511271
"7300:380:1",2022,"VL1218","OTB","MBS",0,0,0,0,0,0,0,909,NA,1.47,12.811,15,34.861,31688.649,NA,NA,NA
"7300:380:1",2022,"VL1824","OTB","MBS",0,0,0,0,0,0,0,3630.5,NA,1.47,12.811,21,43.681,158583.8705,NA,NA,NA
"7300:380:1",2022,"VL2440","OTB","MBS",0,0,0,0,0,0,0,1167,NA,1.47,12.811,32,59.851,69846.117,NA,NA,NA
"7300:380:2",2017,"VL0612","OTB","MBS",811.13055258467,0,110.164670231729,76.7264527629234,26.0120855614973,259.911479500891,84.9332519904932,1,0.423215748104041,1.47,12.811,9,26.041,26.041,11.0209612963773,587.206382732143,242.361651240759
"7300:380:2",2017,"VL1218","OTB","MBS",43287.8715529141,0,5248.43377030592,3945.67198940513,2353.91035709517,11806.900520243,3775.28968248235,32,0.423215748104041,1.47,12.811,15,34.861,1115.552,472.119174228959,31267.736261879,15685.5460591536
"7300:380:2",2017,"VL1824","OTB","MBS",2248496.2604456,3455.01207424657,208217.894912028,242761.651641532,103248.69988278,778214.411299694,77268.0420175304,1061,0.423215748104041,1.47,12.811,21,43.681,46345.541,19614.1628056015,1678108.86327791,822626.409960681
"7300:380:2",2017,"VL2440","OTB","MBS",747392.363417607,6174.20090003338,60311.0832184445,54052.2607906207,53063.766812287,289521.339051528,12993.0073327284,354,0.423215748104041,1.47,12.811,32,59.851,21187.254,8966.77955188034,577172.673944408,274658.327560151
"7300:380:2",2018,"VL1218","OTB","MBS",279137.766826143,32.4285248174195,15875.5261664863,29858.538882878,13345.4900138626,88447.0881863673,23871.0639386665,183,0.502828358672181,1.47,12.811,15,34.861,6379.563,3207.82519233577,216882.815095398,104564.662970364
"7300:380:2",2018,"VL1824","OTB","MBS",4488384.9947623,30660.7094720658,368340.390188766,449125.178361497,267474.024771342,1454063.93463383,165362.078672698,2039.5,0.502828358672181,1.47,12.811,21,43.681,89087.3995,44795.6708689579,3389310.4400438,1769884.42673728
"7300:380:2",2018,"VL2440","OTB","MBS",1834513.48156637,5082.47009208751,179728.965901226,107948.57466567,122352.020184468,727264.094914658,33748.7227198076,759,0.502828358672181,1.47,12.811,32,59.851,45426.909,22841.9380920205,1406724.45281507,645711.635180606
"7300:380:2",2019,"VL1218","OTB","MBS",187881.889629788,166.883155943621,16401.6314582824,17956.8090521553,5684.30485649496,60439.9507803295,13028.4388764145,151.5,0.500663831533424,1.47,12.811,15,34.861,5281.4415,2644.22673740963,145361.800681389,71893.4110246454
"7300:380:2",2019,"VL1824","OTB","MBS",3546725.96940661,56237.4165468728,343259.144750348,316060.361349564,201168.006216089,1207226.87657126,166153.01994472,1832.5,0.500663831533424,1.47,12.811,21,43.681,80045.4325,40075.8529322,2702400.02070528,1329020.1241893
"7300:380:2",2019,"VL2440","OTB","MBS",1679073.92844505,47258.8437302722,116725.531571229,194510.141483285,82116.1504273122,649285.135665932,56945.6828464654,753.5,0.500663831533424,1.47,12.811,32,59.851,45097.7285,22578.8015442641,1310402.14714923,604171.328636835
"7300:380:2",2020,"VL1218","OTB","MBS",252079.468461901,219.761751533314,18952.3033812653,26298.6755247822,10738.2608189194,93558.2344798028,20209.858248666,149.5,0.335314196709714,1.47,12.811,15,34.861,5211.7195,1747.56353761885,194562.426950849,80794.3342223801
"7300:380:2",2020,"VL1824","OTB","MBS",3822362.40614346,48692.6205023006,441255.26302339,345407.75629478,260489.177732389,1422445.72639023,163945.995621987,1891.5,0.335314196709714,1.47,12.811,21,43.681,82622.6115,27704.5346051813,2796198.29499002,1209806.57297781
"7300:380:2",2020,"VL2440","OTB","MBS",1466842.14809349,41971.2187060386,139661.23573871,113591.843513069,99373.3370198159,592117.442487763,16446.5978495445,700.5,0.335314196709714,1.47,12.811,32,59.851,41925.6255,14058.2574360848,1142128.69309185,533564.65275454
"7300:380:2",2021,"VL1218","OTB","MBS",37987.5181840551,11.0375853018373,2812.64781496063,3760.59064550525,1827.65702509843,12392.1289312664,2894.40997603018,23,0.49821880876196,1.47,12.811,15,34.861,801.803,399.473335521766,29198.1869482709,13911.6480409743
"7300:380:2",2021,"VL1824","OTB","MBS",1734745.59372647,10101.7857086624,145685.449391838,195532.996065061,98714.4821799966,611809.327783979,98119.3881390596,839,0.49821880876196,1.47,12.811,21,43.681,36648.359,18258.9017640607,1286655.55003418,576726.834111138
"7300:380:2",2021,"VL2440","OTB","MBS",545550.350549075,7857.08118242733,52513.1743283314,45328.7025032088,32756.1188723103,240296.130160721,16712.1130467157,192.5,0.49821880876196,1.47,12.811,32,59.851,11521.3175,5740.13708021833,417069.298947434,160061.055739997
"7300:380:2",2022,"VL0612","OTB","MBS",0,0,0,0,0,0,0,1,NA,1.47,12.811,9,26.041,26.041,NA,NA,NA
"7300:380:2",2022,"VL1218","OTB","MBS",0,0,0,0,0,0,0,6,NA,1.47,12.811,15,34.861,209.166,NA,NA,NA
"7300:380:2",2022,"VL1824","OTB","MBS",0,0,0,0,0,0,0,713,NA,1.47,12.811,21,43.681,31144.553,NA,NA,NA
"7300:380:2",2022,"VL2440","OTB","MBS",0,0,0,0,0,0,0,85.5,NA,1.47,12.811,32,59.851,5117.2605,NA,NA,NA
"7300:380:3",2017,"VL1218","OTB","MBS",321953.544674799,0,39035.2261666502,29345.9354212007,17507.2082808953,87813.8226193072,28078.7170134625,238,0.423215748104041,1.47,12.811,15,34.861,8296.918,3511.38635832789,232553.788447725,116661.248814955
"7300:380:3",2017,"VL1824","OTB","MBS",1260938.05369004,1937.54211515241,116766.868494492,136138.720760331,57901.0145431236,436416.187298132,43331.277097484,595,0.423215748104041,1.47,12.811,21,43.681,25990.195,10999.4598202949,941069.53218695,461322.067791334
"7300:380:3",2017,"VL2440","OTB","MBS",582712.690122202,4813.7837525684,47022.2004753974,42142.4406164161,41371.7503960203,225728.501633395,10130.1413102628,276,0.423215748104041,1.47,12.811,32,59.851,16518.876,6991.04846417789,449999.033922759,214140.390979101
"7300:380:3",2018,"VL1218","OTB","MBS",864106.802770546,100.386662891083,49144.7299088225,92430.9414051934,41312.6781030227,273799.319440312,73895.9438319922,566.5,0.502828358672181,1.47,12.811,15,34.861,19748.7565,9930.23481671156,671388.605199687,323693.341927383
"7300:380:3",2018,"VL1824","OTB","MBS",2871950.19277509,19618.6446977425,235687.280802324,287378.454406351,171146.654732337,930401.291834834,105809.028030337,1305,0.502828358672181,1.47,12.811,21,43.681,57003.705,28663.0794233832,2168693.36810844,1132483.04824327
"7300:380:3",2018,"VL2440","OTB","MBS",1201497.56480453,3328.71657809842,117711.816797759,70699.9162928911,80133.3191484838,476314.863744501,22103.4124690598,497.1,0.502828358672181,1.47,12.811,32,59.851,29751.9321,14960.1151851692,921321.113958329,422902.837744768
"7300:380:3",2019,"VL1218","OTB","MBS",610151.087114559,541.957179698095,53264.7041417487,58315.1818723461,18459.9207220827,196280.236197506,42310.1777372668,492,0.500663831533424,1.47,12.811,15,34.861,17151.612,8587.19178089465,472066.045777185,233475.631842413
"7300:380:3",2019,"VL1824","OTB","MBS",3384147.53479261,53659.5486123913,327524.482726321,301572.464840225,191946.662411367,1151888.78236554,158536.728716695,1748.5,0.500663831533424,1.47,12.811,21,43.681,76376.2285,38238.8151988823,2578524.6582282,1268099.14714597
"7300:380:3",2019,"VL2440","OTB","MBS",1150951.14006884,32394.4164388661,80011.5952973319,133330.442038642,56287.9783619201,445064.06446112,39034.4329000655,516.5,0.500663831533424,1.47,12.811,32,59.851,30913.0415,15477.0418017417,898238.499008067,414140.001646882
"7300:380:3",2020,"VL1218","OTB","MBS",830429.018177167,723.96429852948,62434.8455871115,86636.1049896671,35375.2070456041,308210.23733313,66577.6266720269,492.5,0.335314196709714,1.47,12.811,15,34.861,17169.0425,5757.02369416244,640949.801159151,266161.937153995
"7300:380:3",2020,"VL1824","OTB","MBS",3332315.94381738,42449.9768481595,384684.075456288,301124.710615962,227093.12930516,1240080.88967353,142927.278234553,1649,0.335314196709714,1.47,12.811,21,43.681,72029.969,24152.6711942606,2437711.33409386,1054703.16618578
"7300:380:3",2020,"VL2440","OTB","MBS",1095158.37752019,31336.113323709,104272.414405918,84808.756827031,74193.0838848875,442080.54592591,12279.1872595457,523,0.335314196709714,1.47,12.811,32,59.851,31302.073,10496.0294633438,852724.206262721,398364.473077265
"7300:380:3",2021,"VL1218","OTB","MBS",115614.185777559,33.5926509186352,8560.23248031496,11445.2758776247,5562.4344242126,37715.1750082021,8809.07384009186,70,0.49821880876196,1.47,12.811,15,34.861,2440.27,1215.78841245755,88864.0472338679,42339.7983855739
"7300:380:3",2021,"VL1824","OTB","MBS",806377.570385368,4695.70491821018,67720.2923275528,90891.3807692178,45886.3504769949,284392.893725568,45609.7275020658,390,0.49821880876196,1.47,12.811,21,43.681,17035.59,8487.45135635716,598087.800373455,268085.179145821
"7300:380:3",2021,"VL2440","OTB","MBS",325913.196431915,4693.84070638516,31371.5067416006,27079.4846123065,19568.5904951464,143553.532303807,9983.85974219382,115,0.49821880876196,1.47,12.811,32,59.851,6882.865,3429.17280116939,249158.282488077,95620.8904420761
"7300:380:3",2022,"VL1218","OTB","MBS",0,0,0,0,0,0,0,63,NA,1.47,12.811,15,34.861,2196.243,NA,NA,NA
"7300:380:3",2022,"VL1824","OTB","MBS",0,0,0,0,0,0,0,218,NA,1.47,12.811,21,43.681,9522.458,NA,NA,NA
"7300:380:3",2022,"VL2440","OTB","MBS",0,0,0,0,0,0,0,28.5,NA,1.47,12.811,32,59.851,1705.7535,NA,NA,NA
"7300:390:1",2017,"VL1218","OTB","MBS",940158.460289854,0,113989.420948832,85695.0635198927,51123.9905681607,256431.120674027,81994.5727914135,695,0.423215748104041,1.47,12.811,15,34.861,24228.395,10253.8383152852,679096.146937684,340670.453472243
"7300:390:1",2017,"VL1824","OTB","MBS",3761621.92487365,5780.06261242946,348338.137105419,406128.116553929,172729.917334528,1301913.83605745,129265.574534511,1775,0.423215748104041,1.47,12.811,21,43.681,77533.775,32813.5145899554,2807392.30190225,1376212.89131028
"7300:390:1",2017,"VL2440","OTB","MBS",312469.123688717,2581.3043310874,25214.803153474,22598.120330542,22184.8516616341,121042.819716458,5432.1047605757,148,0.423215748104041,1.47,12.811,32,59.851,8857.948,3748.8230894867,241303.829784668,114828.905307634
"7300:390:1",2018,"VL1218","OTB","MBS",973473.895018822,113.09226523758,55364.8131117573,104129.614836354,46541.4848461591,308453.178582184,83248.7049489451,638.2,0.502828358672181,1.47,12.811,15,34.861,22248.2902,11187.0712445284,756364.003245261,364662.119714132
"7300:390:1",2018,"VL1824","OTB","MBS",4968583.86990676,33941.0069993052,407748.025952036,497175.736791739,296090.270030036,1609629.88243334,183053.672478231,2257.7,0.502828358672181,1.47,12.811,21,43.681,98618.5937,49588.2256047297,3751922.61852753,1959239.06361596
"7300:390:1",2018,"VL2440","OTB","MBS",291733.566831437,808.239973801005,28581.4047223689,17166.5256418265,19457.0340398753,115653.196648484,5366.89174213541,120.7,0.502828358672181,1.47,12.811,32,59.851,7224.0157,3632.43995745307,223704.402443714,102684.314053095
"7300:390:1",2019,"VL1218","OTB","MBS",675258.672629833,599.787976312221,58948.4378154109,64537.8384745781,20429.7293357195,217224.77359663,46824.9832884996,544.5,0.500663831533424,1.47,12.811,15,34.861,18981.8145,9503.5079770267,522438.947003409,258389.19011828
"7300:390:1",2019,"VL1824","OTB","MBS",4785418.80456089,75878.3150953031,463142.283981029,426444.33475405,271425.863775868,1628850.451472,224181.90549158,2472.5,0.500663831533424,1.47,12.811,21,43.681,108001.2725,54072.3309003354,3646212.30624491,1793179.94928133
"7300:390:1",2019,"VL2440","OTB","MBS",245120.281524825,6899.10127449229,17040.2235870407,28395.6410924503,11987.7591864689,94786.1511921069,8313.23837174677,110,0.500663831533424,1.47,12.811,32,59.851,6583.61,3296.17540792176,191299.583525435,88200.1939615817
"7300:390:1",2020,"VL1218","OTB","MBS",1074077.73518549,936.376158707165,80753.2926680001,112055.226149072,45754.3287067001,398639.433870464,86111.5699290988,637,0.335314196709714,1.47,12.811,15,34.861,22206.457,7446.1402907238,829005.123529704,344254.119730141
"7300:390:1",2020,"VL1824","OTB","MBS",4891370.9775682,62310.5936694785,564662.101056365,442008.709548778,333340.763786016,1820264.27741345,209797.13581973,2420.5,0.335314196709714,1.47,12.811,21,43.681,105729.8605,35452.7232417876,3578217.27360473,1548155.86037155
"7300:390:1",2020,"VL2440","OTB","MBS",270125.106501157,7729.17517927048,25719.1997291843,20918.4122957686,18300.0149543986,109040.899473121,3028.70966822447,129,0.335314196709714,1.47,12.811,32,59.851,7720.779,2588.88680835823,210327.767892717,98258.1587513714
"7300:390:1",2021,"VL1218","OTB","MBS",554948.091732283,161.244724409449,41089.1159055118,54937.3242125984,26699.6852362205,181032.84003937,42283.5544324409,336,0.49821880876196,1.47,12.811,15,34.861,11713.296,5835.78437979624,426547.426722566,203231.032250755
"7300:390:1",2021,"VL1824","OTB","MBS",3589414.00561282,20901.9070205458,301442.121745209,404583.171834262,204253.088277085,1265912.98335279,203021.761393811,1736,0.49821880876196,1.47,12.811,21,43.681,75830.216,37780.0398836821,2662257.49089312,1193322.74614653
"7300:390:1",2021,"VL2440","OTB","MBS",85020.8338518039,1224.48018427439,8183.87132389581,7064.21337712344,5104.84969438602,37448.747557515,2604.48515013752,30,0.49821880876196,1.47,12.811,32,59.851,1795.53,894.566817696363,64997.8128229767,24944.5801153242
"7300:390:1",2022,"VL0612","OTB","MBS",0,0,0,0,0,0,0,2,NA,1.47,12.811,9,26.041,52.082,NA,NA,NA
"7300:390:1",2022,"VL1218","OTB","MBS",0,0,0,0,0,0,0,348,NA,1.47,12.811,15,34.861,12131.628,NA,NA,NA
"7300:390:1",2022,"VL1824","OTB","MBS",0,0,0,0,0,0,0,1771,NA,1.47,12.811,21,43.681,77359.051,NA,NA,NA
"7300:390:1",2022,"VL2440","OTB","MBS",0,0,0,0,0,0,0,30,NA,1.47,12.811,32,59.851,1795.53,NA,NA,NA
"7300:390:3",2017,"VL1218","OTB","MBS",547862.124341569,0,66425.4899054342,49937.4111159087,29791.6779569857,149431.084709325,47781.0100439173,405,0.423215748104041,1.47,12.811,15,34.861,14118.705,5975.25829883527,395732.287064406,198520.192311163
"7300:390:3",2017,"VL1824","OTB","MBS",1182526.7797631,1817.05630294966,109505.735495675,127672.951570193,54300.4472522067,409277.701701442,40636.7270931027,558,0.423215748104041,1.47,12.811,21,43.681,24373.998,10315.4597978564,882549.241950114,432634.81315557
"7300:390:3",2017,"VL2440","OTB","MBS",749503.641280368,6191.6421455137,60481.4535100221,54204.9507928541,53213.6644586493,290339.195941504,13029.7107432728,355,0.423215748104041,1.47,12.811,32,59.851,21247.105,8992.10943762011,578803.105226736,275434.19854196
"7300:390:3",2018,"VL1218","OTB","MBS",768010.194518923,89.2227445113155,43679.3848351141,82151.7722815797,36718.3290818569,243350.321867956,65678.0365744185,503.5,0.502828358672181,1.47,12.811,15,34.861,17552.5135,8825.9015537763,596724.029511107,287695.671068733
"7300:390:3",2018,"VL1824","OTB","MBS",1120170.61158814,7652.02310433021,91927.0696769218,112088.607887228,66753.7526887046,362892.151374659,41269.5749175796,509,0.502828358672181,1.47,12.811,21,43.681,22233.629,11179.6991773962,845873.505262219,441711.77896998
"7300:390:3",2018,"VL2440","OTB","MBS",1015629.20283819,2813.77329735859,99502.1231511135,59762.8340902692,67736.9155224158,402630.267039709,18684.0754767631,420.2,0.502828358672181,1.47,12.811,32,59.851,25149.3902,12645.8265958722,778795.27677588,357480.934259408
"7300:390:3",2019,"VL1218","OTB","MBS",652067.970741535,579.189197327761,56923.9460116494,62321.3874562593,19728.1022676241,209764.528846846,45216.8525492986,525.8,0.500663831533424,1.47,12.811,15,34.861,18329.9138,9177.12487478538,504496.599328545,249515.2179324
"7300:390:3",2019,"VL1824","OTB","MBS",991921.996900892,15728.0632907352,96000.1700870686,88393.4162028112,56261.1749990425,337628.253338483,46468.4435043215,512.5,0.500663831533424,1.47,12.811,21,43.681,22386.5125,11208.1171229209,755787.181779784,371690.48493698
"7300:390:3",2019,"VL2440","OTB","MBS",678537.506584629,19097.9667098446,47170.437111399,78604.2973877375,33184.2970207254,262385.300345423,23012.5553108808,304.5,0.500663831533424,1.47,12.811,32,59.851,18224.6295,9124.41283374707,529552.028940864,244154.17328456
"7300:390:3",2020,"VL1218","OTB","MBS",806822.914107156,703.384602733718,60660.0479460566,84173.3527666106,34369.6174036986,299448.931094218,64685.0646955632,478.5,0.335314196709714,1.47,12.811,15,34.861,16680.9885,5593.37225920147,622729.908334322,258595.912544541
"7300:390:3",2020,"VL1824","OTB","MBS",1119528.82527279,14261.5446779141,129238.91922546,101166.215695114,76294.4776440622,416619.049653812,48018.018278922,554,0.335314196709714,1.47,12.811,21,43.681,24199.274,8114.36012226826,818976.397263797,354339.329331062
"7300:390:3",2020,"VL2440","OTB","MBS",630291.915169365,18034.7420849645,60011.4660347635,48809.6286901268,42700.0348935968,254428.765437283,7066.9892258571,301,0.335314196709714,1.47,12.811,32,59.851,18015.151,6040.73588616919,490764.791749673,229269.037086533
"7300:390:3",2021,"VL1218","OTB","MBS",503747.523745079,146.367979002625,37298.1558070866,49868.7020382218,24236.3214197835,164330.405392881,38382.3931604003,305,0.49821880876196,1.47,12.811,15,34.861,10632.605,5297.36379713646,387193.348661853,184480.550108572
"7300:390:3",2021,"VL1824","OTB","MBS",658541.682481384,3834.82568320498,55304.9054008348,74227.9609615279,37473.8528895458,232254.196542548,37247.9441266871,318.5,0.49821880876196,1.47,12.811,21,43.681,13912.3985,6931.41860769168,488438.370304988,218936.229635754
"7300:390:3",2021,"VL2440","OTB","MBS",762353.476871175,10979.505652327,73382.0462042658,63342.4466148735,45773.4855929947,335790.436432384,23353.5501795664,269,0.49821880876196,1.47,12.811,32,59.851,16099.919,8021.28246534405,582813.721646024,223669.735034074
"7300:390:3",2022,"VL1218","OTB","MBS",0,0,0,0,0,0,0,341,NA,1.47,12.811,15,34.861,11887.601,NA,NA,NA
"7300:390:3",2022,"VL1824","OTB","MBS",0,0,0,0,0,0,0,296.5,NA,1.47,12.811,21,43.681,12951.4165,NA,NA,NA
"7300:390:3",2022,"VL2440","OTB","MBS",0,0,0,0,0,0,0,266,NA,1.47,12.811,32,59.851,15920.366,NA,NA,NA
